reading_id,machine_id,temp_c,vibration_mm_s,pressure_kpa,hours_since_service,load_pct,ambient_humidity,failed_within_7d
524,20,73.742,4.556,329.105,383.64,64.29,62.817,0
4564,182,86.434,4.103,305.424,2084.96,65.054,45.748,0
2806,112,74.498,4.369,312.987,3103.22,91.636,67.942,0
4342,173,82.362,3.878,319.317,989.664,31.398,57.902,0
5862,234,81.982,5.828,303.348,7025.678,59.491,55.952,0
3315,132,74.793,2.834,342.614,2285.862,75.363,34.638,0
3082,123,72.405,2.888,349.996,1301.296,54.144,79.514,0
478,19,76.064,4.266,292.131,2683.98,76.922,72.406,0
1699,67,87.628,4.884,289.589,8165.48,72.132,53.848,0
3079,123,84.671,4.888,329.612,6547.321,40.09,51.568,0
4147,165,63.759,3.472,303.337,2592.252,72.57,60.826,0
4676,187,97.784,4.958,319.958,8809.02,75.58,83.837,0
2514,100,77.155,5.886,297.217,6555.135,76.237,42.977,1
412,16,64.979,2.018,301.431,366.842,51.129,80.222,0
1842,73,98.411,3.386,331.135,6563.273,97.168,57.069,0
5404,216,66.889,3.123,317.7,3019.894,48.523,56.23,0
1404,56,61.003,3.053,325.845,2209.297,81.226,83.708,0
2836,113,81.384,3.425,317.952,3344.502,63.768,58.491,0
5557,222,82.126,3.255,310.569,2919.528,57.534,63.706,0
168,6,78.394,4.407,310.687,5072.696,87.259,65.006,0
3685,147,80.227,4.974,321.434,7812.582,38.068,64.605,0
5661,226,98.39,8.812,305.37,6975.618,75.189,47.535,0
1487,59,79.791,4.295,308.315,7999.542,86.447,57.269,0
3344,133,81.361,4.425,339.261,3884.386,61.18,59.159,0
5403,216,66.1,2.509,334.215,748.361,56.238,65.984,0
927,37,86.795,6.402,322.619,8217.292,74.273,44.462,1
3230,129,71.549,4.544,312.294,1819.81,99.762,52.701,0
4460,178,89.114,3.131,333.045,3004.042,49.942,32.032,0
4125,165,67.84,3.308,332.725,3599.191,86.707,61.895,0
2870,114,68.979,2.865,323.894,773.009,59.176,41.768,0
1382,55,87.212,9.282,325.949,7483.298,86.6,31.909,1
3040,121,90.865,5.323,313.586,8633.278,43.124,64.048,1
2484,99,88.638,3.575,318.6,4284.941,27.112,56.934,0
2955,118,66.226,1.945,335.652,403.251,99.938,66.18,0
2451,98,79.137,4.855,307.45,5916.238,46.727,35.554,0
4949,197,80.839,3.845,332.133,4374.295,75.082,67.896,0
4520,180,75.504,3.799,309.095,3239.705,73.904,82.299,0
1991,79,97.968,4.128,325.001,6168.572,75.94,56.769,0
3576,143,86.881,5.261,291.933,8274.772,62.911,47.726,1
1781,71,84.924,6.873,337.44,7777.593,30.883,68.032,1
2838,113,86.786,3.906,298.211,6359.012,62.477,60.245,0
2412,96,87.751,7.439,317.026,6710.194,53.405,55.847,1
4019,160,76.624,5.352,310.047,5041.013,90.54,59.17,0
2479,99,100.382,4.909,320.27,8796.137,22.687,58.724,0
2851,114,72.082,4.093,341.761,5881.528,51.486,48.774,0
4333,173,85.997,4.674,316.691,2582.489,37.086,53.762,0
2660,106,66.63,4.649,334.96,4154.11,79.387,59.871,0
5397,215,66.399,1.997,335.138,1009.516,51.323,54.212,0
1248,49,83.732,3.884,319.346,2266.916,87.932,63.021,0
4404,176,81.079,5.993,327.511,6333.386,74.305,60.515,1
2712,108,73.516,2.918,312.647,3269.808,96.502,66.02,0
2721,108,74.348,3.843,318.482,6192.962,94.348,38.875,0
3910,156,65.12,3.971,317.858,1531.742,85.54,43.018,0
3229,129,72.916,7.38,316.312,5781.211,89.97,49.273,0
2680,107,95.444,6.052,289.531,4299.072,60.583,62.073,0
15,0,94.702,5.92,307.256,6384.209,90.938,58.34,0
639,25,79.055,4.832,318.529,8011.067,77.839,40.811,1
4272,170,71.124,4.25,300.427,4884.444,96.866,52.442,0
3232,129,73.338,6.13,315.349,5726.424,83.442,45.072,0
4218,168,89.308,7.89,331.233,5963.725,70.0,40.991,0
5719,228,80.83,2.964,316.355,3887.486,75.246,56.857,0
4175,167,66.52,3.475,321.547,1440.084,53.442,75.33,0
294,11,77.847,3.576,305.644,2930.333,58.885,67.212,0
1967,78,86.604,2.562,307.481,1877.752,70.741,63.191,0
3640,145,77.974,4.304,322.7,6717.51,65.959,71.159,0
1507,60,73.125,3.486,336.541,1929.666,19.712,44.818,0
5744,229,73.839,3.832,313.804,1166.095,62.156,59.287,1
5621,224,81.52,2.583,324.377,1620.392,35.31,56.843,0
4972,198,87.397,4.534,329.887,2711.073,40.475,54.501,0
2901,116,71.677,5.067,316.161,2521.434,96.98,58.332,0
4957,198,92.117,5.64,299.593,6596.567,37.484,44.339,0
915,36,74.019,4.862,323.546,1333.051,75.663,44.383,0
1966,78,94.315,4.102,320.208,6446.619,76.895,87.998,0
2860,114,71.024,2.784,305.052,4245.623,44.922,24.669,0
4411,176,78.243,5.4,331.345,5385.587,71.102,53.671,0
3029,121,81.538,1.098,323.151,400.538,50.25,55.462,0
935,37,84.257,5.773,344.609,7496.834,69.478,55.872,0
2310,92,72.476,3.821,318.581,6107.462,84.303,66.088,0
2103,84,90.828,3.36,299.004,937.177,36.194,74.631,0
1944,77,67.218,2.613,307.32,1322.703,94.361,45.78,0
1137,45,74.536,3.884,346.727,5050.554,93.799,75.3,0
2680,107,95.444,6.052,289.531,4299.072,60.583,62.073,0
2827,113,74.985,2.21,335.64,1741.452,54.192,71.314,0
4553,182,90.027,3.101,307.668,1304.361,64.266,48.087,0
4601,184,91.094,7.731,317.911,8280.368,35.366,43.07,1
3228,129,74.546,6.772,318.708,5478.179,79.652,67.822,1
2854,114,71.394,2.847,320.023,3162.865,51.383,54.343,0
4560,182,88.47,5.272,315.43,5913.951,56.607,46.298,0
5282,211,86.736,5.937,297.799,8860.924,55.163,70.347,1
4137,165,73.375,4.097,313.527,5375.28,84.968,56.036,0
4645,185,74.045,7.405,306.006,2134.36,78.377,66.637,0
5608,224,91.595,4.847,316.034,7817.365,44.325,62.394,0
267,10,80.99,5.868,315.199,4978.124,63.704,60.994,0
5157,206,88.301,4.32,293.918,8629.977,57.791,63.464,0
1786,71,74.148,4.058,309.751,2345.792,38.304,51.182,0
2938,117,89.618,6.095,300.023,8900.935,100.0,71.356,1
4605,184,86.289,5.881,334.941,5366.706,35.84,71.123,0
4329,173,95.657,6.721,326.107,8586.72,27.293,48.936,0
989,39,74.939,4.559,321.641,1277.131,29.28,75.934,0
4022,160,80.27,5.543,298.102,6130.786,98.058,54.746,0
447,17,72.574,4.306,313.801,3664.077,95.902,61.831,0
2431,97,73.59,4.947,313.765,2265.603,71.271,58.09,1
4695,187,86.151,2.158,345.428,2762.029,92.179,67.356,0
2723,108,79.17,3.65,268.148,6255.449,96.263,51.653,0
3678,147,77.445,4.71,329.933,6186.57,29.129,75.215,0
4364,174,71.185,6.031,341.206,3907.041,39.935,55.252,0
4769,190,81.376,3.726,312.67,5720.576,76.251,72.261,0
4502,180,73.222,1.895,332.899,128.991,87.548,54.852,0
35,1,88.801,3.211,337.078,6155.415,58.051,55.39,0
2707,108,75.633,3.72,286.111,7023.547,96.29,68.287,0
2860,114,71.024,2.784,305.052,4245.623,44.922,24.669,0
299,11,81.285,3.738,320.115,3598.076,58.803,58.195,0
3329,133,74.231,3.282,319.368,1451.142,53.487,60.149,0
3763,150,78.291,3.417,325.119,3503.62,94.411,59.609,0
4847,193,93.231,4.952,310.158,8800.893,54.972,52.152,0
5614,224,87.188,4.677,316.707,8379.721,31.443,59.787,0
883,35,65.606,4.154,299.991,3803.556,88.022,58.413,0
1488,59,74.149,3.033,334.645,4810.646,84.905,57.997,0
4023,160,81.195,6.196,307.267,7945.791,100.0,48.045,0
926,37,85.347,6.788,322.45,7118.955,76.281,58.462,0
1444,57,79.418,4.579,322.72,873.551,66.86,69.06,0
3581,143,84.12,5.422,337.88,8565.453,64.722,62.378,0
1146,45,69.43,3.295,308.991,2296.978,97.294,52.561,0
4569,182,93.554,5.841,316.571,8366.164,58.934,54.485,1
5055,202,88.88,6.179,312.935,8517.36,36.996,67.393,0
252,10,79.886,3.629,288.039,697.61,70.094,54.451,0
3252,130,61.978,3.59,326.034,1440.35,41.524,41.171,0
4607,184,86.812,6.539,319.083,5190.603,37.247,50.185,1
5831,233,81.167,4.349,311.008,7458.489,79.728,60.747,0
1761,70,99.37,5.242,347.081,8873.792,49.487,26.713,0
1145,45,78.696,4.208,308.437,7328.66,88.411,59.479,0
5168,206,87.525,4.452,335.479,8536.14,66.712,69.435,1
5403,216,66.1,2.509,334.215,748.361,56.238,65.984,0
1333,53,86.065,4.388,317.947,1432.459,85.832,51.313,0
2813,112,80.948,6.034,308.858,6863.489,88.334,51.301,0
4333,173,85.997,4.674,316.691,2582.489,37.086,53.762,0
4965,198,89.106,4.928,291.2,4478.65,27.722,45.972,0
1143,45,73.647,4.475,306.611,4341.877,94.491,55.098,0
4081,163,89.631,4.84,329.814,4743.255,43.225,39.006,0
4684,187,82.32,2.186,321.471,1364.113,88.845,59.89,0
3347,133,70.025,4.508,320.274,318.732,63.224,72.119,0
1135,45,82.035,5.442,326.159,8583.947,88.801,55.77,0
256,10,81.685,4.944,326.105,2192.659,74.247,38.809,0
1828,73,89.629,1.476,328.181,587.816,84.592,72.472,0
4685,187,93.859,5.001,334.133,6795.664,86.275,78.293,0
276,11,79.955,5.136,304.176,5457.019,55.561,47.1,0
37,1,88.16,4.901,304.63,7465.268,44.744,46.874,0
2441,97,79.905,6.452,305.446,6735.195,54.329,59.32,0
387,15,91.972,8.015,335.433,8888.44,79.631,47.794,1
1014,40,88.173,2.761,306.321,4870.686,49.209,88.515,0
150,6,68.749,3.849,311.098,429.957,84.328,78.683,0
3233,129,75.634,5.809,310.84,4131.815,92.468,68.572,0
4224,168,86.753,6.803,300.38,2741.342,69.163,46.793,0
2722,108,74.823,3.012,303.856,3356.835,87.633,48.743,0
930,37,83.039,5.623,330.467,6907.495,67.451,53.17,0
2178,87,75.863,3.266,320.455,1765.495,63.983,71.125,0
3635,145,73.905,3.459,309.648,2748.91,64.465,43.842,0
5611,224,85.43,3.182,327.667,3755.068,35.079,39.7,0
5963,238,90.913,5.094,312.584,5004.029,42.227,56.708,0
1521,60,75.581,5.34,324.54,4871.035,33.968,48.433,0
42,1,78.652,1.502,313.57,992.063,65.334,61.78,0
4870,194,84.871,5.573,314.117,7074.693,65.772,38.377,0
5507,220,76.635,2.804,309.606,478.668,28.607,83.095,0
2850,114,64.36,2.133,312.543,1081.246,57.725,60.483,0
4531,181,84.237,7.256,308.183,4805.993,32.082,74.441,0
5090,203,79.345,4.44,323.946,8527.076,37.554,83.706,0
3783,151,74.131,6.044,337.753,6829.134,80.924,45.702,0
5124,204,71.021,3.669,317.801,1268.451,39.04,52.971,0
158,6,74.21,3.345,329.915,2143.403,98.452,46.171,0
1733,69,84.966,5.64,321.74,1143.413,66.776,68.061,0
1793,71,83.789,6.403,304.422,7925.07,36.532,52.119,1
802,32,88.118,3.377,301.792,1866.638,70.005,65.567,0
5407,216,76.951,3.979,335.22,4698.762,50.624,68.855,0
228,9,73.769,4.945,322.564,8466.17,90.34,66.342,1
4132,165,64.46,4.159,338.777,1927.945,72.531,66.169,0
470,18,71.172,6.628,330.284,4339.801,55.899,43.956,0
2439,97,73.68,5.256,325.296,2547.154,62.391,37.516,0
2703,108,68.73,1.976,315.125,636.983,100.0,73.422,0
1251,50,89.638,6.956,290.709,7239.055,51.614,65.885,0
3225,129,77.48,6.696,322.296,6281.05,87.587,59.537,1
3277,131,73.832,5.853,333.771,1100.833,53.022,65.14,0
2024,80,75.327,5.289,309.684,6035.314,95.714,43.49,0
4392,175,71.259,4.262,307.558,4413.504,38.947,75.185,0
1126,45,69.586,2.632,312.023,1910.231,100.0,53.873,0
1279,51,65.258,4.603,313.468,1033.129,82.195,56.428,0
2425,97,78.736,6.638,294.69,6330.425,48.304,60.429,0
2497,99,92.705,3.745,343.538,5097.877,28.416,38.032,0
1385,55,75.117,7.738,307.525,3222.279,75.75,53.566,1
5424,216,80.148,4.205,308.921,7139.111,42.507,48.241,0
4843,193,86.896,3.271,320.312,3734.631,51.667,67.123,0
690,27,80.7,3.532,335.452,3759.934,50.19,49.397,0
2478,99,88.193,2.723,307.38,1896.768,30.229,51.222,0
1502,60,75.572,5.151,323.137,3309.289,30.363,44.412,0
2834,113,87.495,5.206,323.7,7983.189,55.581,54.294,0
1784,71,84.107,6.511,319.952,6647.733,36.594,56.711,0
3083,123,79.4,3.592,319.459,3419.317,60.606,46.489,0
5464,218,94.705,6.207,308.797,4749.145,84.992,55.66,0
2531,101,69.976,4.586,302.826,770.942,100.0,57.163,0
4004,160,80.404,5.523,324.726,6037.208,100.0,61.748,0
3646,145,78.219,5.261,311.673,7120.469,72.308,69.855,0
4464,178,95.676,4.052,301.947,4477.313,42.197,44.882,0
365,14,79.559,4.103,319.373,2141.628,83.659,60.041,0
4444,177,76.534,4.094,339.431,7201.734,88.677,64.116,0
5623,224,80.729,1.284,314.374,1094.753,38.155,85.727,0
3718,148,86.463,5.788,308.73,6726.173,79.251,38.558,0
1841,73,103.19,4.858,332.97,8083.804,79.566,63.562,0
4132,165,64.46,4.159,338.777,1927.945,72.531,66.169,0
4290,171,63.675,2.988,312.457,3642.939,28.462,52.881,0
4017,160,81.009,6.161,322.785,8912.918,97.9,64.074,1
986,39,69.97,4.928,327.614,505.591,23.369,70.558,0
5813,232,74.105,6.889,334.437,7479.879,51.958,47.652,0
5718,228,79.234,3.306,323.529,4749.127,81.191,54.501,0
2717,108,68.558,2.315,322.712,159.241,94.387,45.924,0
3642,145,77.626,3.214,349.864,3895.644,67.387,61.839,0
265,10,83.739,4.22,306.283,2234.191,67.034,72.257,0
5955,238,87.132,4.322,318.686,3576.311,39.715,49.271,0
4742,189,69.721,3.974,303.73,3860.087,80.505,52.893,0
3914,156,79.187,5.712,339.569,7791.826,84.157,67.359,0
4503,180,80.659,3.268,285.252,4318.291,76.108,37.51,1
1266,50,86.682,5.801,315.928,6079.722,51.551,51.117,0
1964,78,93.253,4.225,328.639,5675.08,69.927,59.402,0
1561,62,75.273,5.273,305.375,8285.789,46.232,40.6,0
3647,145,77.98,4.071,354.457,4341.286,72.178,31.506,0
638,25,83.263,5.775,315.395,7639.134,72.591,56.708,0
5372,214,93.534,2.141,324.391,380.01,88.053,64.368,0
2858,114,77.794,3.483,326.808,5143.949,60.713,50.012,0
2820,112,75.795,4.21,318.498,1473.291,88.084,60.051,0
686,27,90.007,4.414,327.535,8691.515,47.007,55.079,0
4179,167,68.885,2.569,322.386,1041.465,41.899,43.137,0
4722,188,90.409,4.733,315.838,7757.461,29.132,58.892,0
3899,155,64.719,5.82,312.28,5683.926,100.0,46.75,0
1522,60,77.861,6.399,324.652,8696.573,28.788,65.847,1
4576,183,78.37,4.136,310.024,8328.967,49.002,55.365,0
973,38,65.206,6.385,320.115,8272.491,79.112,51.591,0
4834,193,94.008,5.292,301.173,8743.532,47.633,51.738,0
3594,143,74.191,2.052,335.675,3029.271,61.954,49.238,0
1845,73,99.293,5.179,325.7,8740.261,91.64,56.786,0
3143,125,75.193,5.267,296.579,3794.198,80.866,68.849,0
3891,155,57.709,4.199,293.329,81.143,99.38,57.803,0
1618,64,83.111,3.9,328.435,5869.642,75.584,79.566,0
4969,198,92.952,5.961,322.012,8986.758,35.136,46.753,0
2709,108,73.36,2.821,309.291,3081.51,96.474,49.14,0
5337,213,73.331,5.956,299.341,959.565,86.836,67.431,0
4923,196,80.043,7.027,314.602,7140.291,61.915,59.839,1
672,26,79.393,5.987,311.251,8222.162,29.671,82.607,0
3979,159,86.781,5.645,338.922,8109.653,50.219,74.697,0
1970,78,89.803,4.142,300.971,6191.446,68.417,69.764,0
4468,178,97.25,4.866,302.879,6819.887,38.36,51.288,0
3332,133,81.94,5.276,320.742,5308.156,51.202,47.107,1
2848,113,74.669,1.811,301.956,90.223,57.067,70.122,0
5369,214,88.352,2.162,305.863,393.424,90.165,49.7,0
318,12,72.822,2.205,327.429,3161.966,53.66,43.188,0
3419,136,92.127,5.361,336.662,6805.49,34.87,61.855,1
2141,85,80.53,2.401,310.54,2487.498,74.999,33.871,0
256,10,81.685,4.944,326.105,2192.659,74.247,38.809,0
4467,178,98.067,5.541,326.384,6880.727,46.118,58.085,0
3466,138,70.316,5.055,299.867,4453.703,35.842,65.278,0
5356,214,93.309,3.346,326.403,3278.046,86.573,55.733,0
3661,146,76.817,4.844,327.237,7862.103,51.982,77.155,0
2239,89,83.716,6.113,312.738,7215.805,67.23,70.191,0
5940,237,84.368,4.373,300.706,7600.394,56.614,57.924,0
749,29,67.094,2.486,313.491,1752.465,40.246,52.655,0
293,11,80.44,3.606,330.277,2930.732,60.482,47.519,0
4382,175,74.574,3.796,331.035,5139.834,65.948,60.039,0
2481,99,94.239,3.249,306.67,5473.742,34.285,54.278,0
2440,97,74.375,6.087,308.409,4793.861,60.05,50.637,0
5166,206,78.812,2.194,345.032,1741.717,54.009,53.43,0
2134,85,85.262,4.851,313.903,6450.691,81.569,83.453,0
5301,212,73.548,1.068,305.137,375.771,96.033,68.228,0
3955,158,85.739,2.936,319.444,2540.03,58.017,64.575,0
2153,86,84.027,2.855,299.875,765.525,83.587,47.487,0
342,13,88.956,3.003,335.558,2049.793,91.153,40.923,0
1547,61,81.223,3.324,314.925,2186.541,100.0,60.105,0
5758,230,74.348,3.22,304.157,5684.116,50.402,63.862,0
2635,105,82.987,6.353,304.55,6262.678,96.268,50.279,0
1125,45,75.756,4.056,326.32,5664.439,85.865,78.937,0
1918,76,77.78,2.871,327.298,4322.846,77.089,66.767,0
5383,215,75.944,4.588,309.033,6484.349,63.151,51.864,0
1136,45,68.872,2.902,315.528,2527.374,85.664,29.187,0
4560,182,88.47,5.272,315.43,5913.951,56.607,46.298,0
931,37,79.66,4.826,324.465,3484.976,78.254,67.78,0
5736,229,75.082,4.285,297.964,3374.368,68.712,44.432,0
3245,129,72.699,7.464,304.477,5427.963,92.908,36.513,1
273,10,79.664,5.002,319.983,3714.318,75.019,65.187,0
5554,222,81.564,3.845,316.58,4130.808,54.405,56.546,0
2433,97,73.501,5.007,323.39,1407.769,55.613,76.732,0
4379,175,79.528,6.028,331.341,8690.499,63.141,60.461,0
3231,129,69.648,5.81,309.45,3039.518,85.427,76.381,0
639,25,79.055,4.832,318.529,8011.067,77.839,40.811,1
689,27,79.167,4.02,331.983,3656.069,49.917,52.119,0
1011,40,90.848,3.34,320.475,5291.625,43.306,35.856,0
1128,45,75.971,3.775,315.79,4468.883,93.25,64.931,0
293,11,80.44,3.606,330.277,2930.732,60.482,47.519,0
281,11,72.514,1.673,332.001,99.679,56.133,65.312,0
5643,225,84.845,4.281,339.816,5673.694,93.163,46.039,0
637,25,75.095,4.798,315.054,4520.042,68.255,58.141,0
3098,123,82.521,5.444,353.88,6820.023,64.981,40.592,0
781,31,86.362,5.465,323.769,7111.771,41.468,55.627,0
1419,56,65.433,4.03,350.838,3053.838,71.561,42.599,0
4508,180,82.278,4.059,306.008,7448.403,79.011,49.697,0
5606,224,85.486,4.155,329.394,5628.597,43.286,63.915,0
2874,114,68.81,3.565,312.23,2697.292,53.193,64.767,0
32,1,84.018,3.002,318.705,5289.653,53.281,61.569,0
5991,239,100.432,5.422,314.31,5581.337,91.3,69.316,1
283,11,83.025,3.789,297.269,2490.199,50.515,39.712,0
2581,103,88.278,6.741,324.732,2092.439,30.424,55.498,0
3321,132,74.592,3.457,348.12,2557.345,70.89,52.281,0
5330,213,70.479,4.85,330.887,119.731,82.005,76.747,0
4789,191,78.9,6.277,323.894,5560.535,70.655,58.669,0
3781,151,68.622,4.641,325.496,1783.197,71.937,42.646,0
2604,104,76.48,4.357,323.196,2843.946,30.566,59.472,0
4912,196,66.318,3.506,303.717,36.745,70.277,64.882,0
5097,203,79.904,6.108,308.199,8852.348,44.205,73.608,0
5116,204,74.694,4.228,300.459,2944.431,33.16,68.328,0
4330,173,91.444,5.201,342.02,4886.203,35.579,61.576,0
656,26,82.216,5.062,329.41,7338.782,30.674,37.955,0
1924,76,75.781,3.066,310.971,5541.795,87.665,74.793,0
3029,121,81.538,1.098,323.151,400.538,50.25,55.462,0
3090,123,77.355,3.769,300.735,3053.239,58.46,72.107,0
4895,195,70.186,7.536,304.836,827.185,53.305,60.851,0
1513,60,84.476,6.351,314.003,8771.006,24.012,56.749,1
4077,163,87.442,6.161,314.837,5984.822,50.372,55.324,0
2488,99,87.191,2.85,302.994,1936.757,31.457,64.179,0
4555,182,94.415,6.279,331.515,7831.882,61.7,44.333,0
1314,52,99.585,4.795,314.763,3926.908,74.451,60.361,0
2947,117,80.472,3.401,306.248,1963.701,87.255,68.1,0
683,27,79.493,2.886,289.222,3658.185,49.335,42.107,0
1397,55,78.441,8.07,308.227,4986.122,83.59,49.783,1
5599,223,76.808,3.958,314.635,3883.159,93.419,59.737,0
2013,80,69.74,2.704,314.322,2634.924,92.812,58.836,0
5344,213,79.33,6.951,283.327,4906.024,75.012,57.609,1
3232,129,73.338,6.13,315.349,5726.424,83.442,45.072,0
264,10,83.632,3.488,317.129,1615.253,65.106,50.265,0
4592,183,65.186,1.449,302.622,702.585,52.656,46.973,0
292,11,77.594,3.648,289.76,1004.385,61.985,60.222,0
4830,193,80.791,2.228,314.305,1276.612,59.777,60.477,0
39,1,80.11,3.755,305.437,4781.924,54.937,74.495,0
4136,165,69.403,4.285,304.394,5465.704,74.993,40.341,0
1137,45,74.536,3.884,346.727,5050.554,93.799,75.3,0
2303,92,77.008,4.563,311.013,8360.84,74.177,62.968,0
5689,227,74.134,4.36,315.356,2928.738,46.566,64.459,0
3030,121,89.247,5.404,299.145,7507.1,33.492,82.331,0
4020,160,73.209,3.577,303.325,787.912,93.101,64.699,0
4399,175,70.538,3.389,331.412,3858.869,61.095,74.529,0
697,27,77.372,2.098,315.89,1028.412,54.919,52.66,0
4951,198,81.153,4.498,316.933,209.847,37.095,49.189,0
5414,216,71.737,3.753,332.164,6190.567,52.318,73.179,0
1078,43,77.663,4.502,299.41,3616.654,46.14,80.789,0
3339,133,74.011,4.744,297.111,1827.107,46.223,74.535,0
1832,73,91.975,2.344,341.168,3539.792,84.58,58.809,0
4399,175,70.538,3.389,331.412,3858.869,61.095,74.529,0
205,8,76.097,3.256,322.458,2992.801,59.948,44.465,0
3135,125,85.949,6.295,293.083,6980.875,83.646,69.645,0
4592,183,65.186,1.449,302.622,702.585,52.656,46.973,0
4387,175,67.181,2.932,328.348,596.624,44.805,53.404,0
693,27,78.31,3.701,324.435,4818.147,46.652,51.267,1
4895,195,70.186,7.536,304.836,827.185,53.305,60.851,0
1513,60,84.476,6.351,314.003,8771.006,24.012,56.749,1
4684,187,82.32,2.186,321.471,1364.113,88.845,59.89,0
3068,122,75.264,5.128,312.601,2505.303,49.184,46.77,0
1127,45,72.236,4.385,308.278,4884.911,90.53,46.958,0
4385,175,64.909,4.063,283.482,2180.038,54.64,52.136,0
4685,187,93.859,5.001,334.133,6795.664,86.275,78.293,0
4248,169,88.242,2.292,276.51,318.451,60.705,53.938,0
5744,229,73.839,3.832,313.804,1166.095,62.156,59.287,1
1613,64,82.179,4.901,336.681,7927.225,64.931,78.404,0
1509,60,74.85,5.634,311.945,6018.31,28.358,69.832,0
990,39,69.163,4.395,334.757,715.085,29.075,57.312,0
3325,133,87.765,5.595,312.55,8429.145,63.307,71.26,0
2614,104,76.755,5.182,304.772,2588.613,31.773,50.191,0
2430,97,80.088,6.819,308.986,6186.716,53.27,78.777,1
2854,114,71.394,2.847,320.023,3162.865,51.383,54.343,0
1765,70,94.667,4.45,297.673,5264.471,41.73,48.852,0
29,1,83.811,2.679,324.109,4177.296,59.505,58.659,0
2894,115,77.621,4.126,308.988,6082.768,83.563,55.836,0
1779,71,79.44,4.913,333.89,4127.43,42.721,72.257,0
2831,113,78.719,2.233,322.244,1655.496,53.242,56.643,0
5531,221,75.742,6.707,315.228,4874.594,70.24,57.758,0
1233,49,82.758,5.3,334.272,2786.662,93.412,49.711,0
3916,156,65.26,4.675,311.815,2166.699,85.551,63.836,0
3959,158,94.459,4.199,326.617,6809.851,55.057,63.364,0
1827,73,96.343,4.568,309.398,7610.237,88.385,65.845,0
2885,115,80.637,3.722,309.629,6162.435,84.294,79.681,1
5771,230,72.65,3.849,335.893,5728.058,31.989,64.632,0
2298,91,91.264,5.686,311.925,5634.082,35.701,58.368,0
4293,171,72.823,4.262,339.921,6736.276,40.249,60.826,0
4954,198,91.12,5.771,324.974,6860.055,26.769,60.434,0
2439,97,73.68,5.256,325.296,2547.154,62.391,37.516,0
5958,238,92.492,5.443,325.473,6622.512,44.425,69.282,0
3859,154,76.471,8.474,294.632,8070.353,50.782,64.543,1
3082,123,72.405,2.888,349.996,1301.296,54.144,79.514,0
4321,172,82.472,5.63,323.834,6653.897,90.444,64.302,0
2715,108,76.752,4.794,325.594,7171.735,87.914,56.787,0
4293,171,72.823,4.262,339.921,6736.276,40.249,60.826,0
1767,70,101.209,3.743,319.769,7400.963,37.746,69.302,0
5513,220,77.908,4.084,316.141,1171.017,31.026,79.748,0
3330,133,82.31,5.441,330.274,5298.205,53.025,39.12,1
1521,60,75.581,5.34,324.54,4871.035,33.968,48.433,0
2804,112,82.736,6.663,311.99,7631.463,80.602,56.351,0
5367,214,99.609,4.128,311.679,6288.608,80.488,75.357,1
4683,187,87.7,2.305,304.487,2776.816,85.593,53.4,0
3026,121,89.146,4.648,323.969,7490.432,55.985,56.042,0
2398,95,108.738,3.384,329.874,4906.818,88.016,43.396,0
2492,99,96.047,3.836,287.03,7661.997,28.726,57.59,0
5896,235,69.271,3.686,347.311,3658.94,54.756,59.33,0
711,28,80.932,4.055,290.798,3769.214,83.969,77.215,0
5301,212,73.548,1.068,305.137,375.771,96.033,68.228,0
5062,202,88.571,6.495,322.572,8688.609,40.733,41.193,1
1444,57,79.418,4.579,322.72,873.551,66.86,69.06,0
2373,94,68.723,4.189,331.918,3356.718,94.114,51.784,0
3551,142,88.771,2.351,300.472,909.386,65.231,75.56,0
4665,186,73.991,4.415,313.394,4223.981,62.528,62.514,0
5664,226,88.5,5.433,302.722,363.54,76.625,53.274,0
5962,238,87.156,5.817,299.716,4486.252,37.653,80.168,0
1827,73,96.343,4.568,309.398,7610.237,88.385,65.845,0
1277,51,67.105,4.682,300.277,2470.056,84.284,51.949,0
3033,121,87.253,2.396,335.632,3115.31,55.999,70.223,0
3421,136,83.526,3.494,331.751,2661.348,26.072,60.479,0
4018,160,74.719,4.575,303.399,4310.021,86.387,54.011,0
692,27,86.671,4.006,315.778,7119.19,46.625,56.208,0
3980,159,85.575,3.717,338.416,1878.163,42.483,50.971,0
5450,218,92.036,6.038,302.527,4512.875,88.618,72.003,0
5416,216,72.082,2.634,306.043,1966.288,46.425,64.088,0
5618,224,93.094,5.106,307.231,8584.136,27.121,59.687,0
5461,218,95.046,6.917,315.907,6411.36,74.517,58.623,1
5735,229,72.011,3.17,300.369,667.013,68.148,61.626,0
285,11,86.841,4.953,304.974,6389.584,56.167,75.834,0
5418,216,65.778,1.712,311.382,627.48,56.851,74.268,0
1729,69,82.239,6.753,312.521,2049.863,70.674,63.53,0
2063,82,69.715,3.685,296.634,5487.724,37.159,53.755,0
2850,114,64.36,2.133,312.543,1081.246,57.725,60.483,0
5717,228,78.927,2.653,315.278,3225.209,67.925,77.348,0
3734,149,63.347,3.331,306.953,3466.807,85.674,49.207,0
2409,96,96.659,6.367,276.586,6499.366,58.281,66.801,1
2488,99,87.191,2.85,302.994,1936.757,31.457,64.179,0
5394,215,76.36,4.502,332.009,5321.055,56.49,69.222,0
4781,191,72.901,4.532,328.54,1751.482,66.141,58.335,0
937,37,83.396,4.747,337.688,4044.911,79.937,45.183,1
1585,63,79.28,5.632,307.156,8523.294,39.802,63.288,0
2483,99,94.312,4.774,304.956,6436.492,36.429,54.068,1
1428,57,87.979,6.141,340.021,8634.808,67.418,44.624,0
3485,139,71.6,4.153,310.653,4066.686,61.717,59.857,0
1443,57,83.603,5.557,300.362,5398.526,68.964,73.771,0
3581,143,84.12,5.422,337.88,8565.453,64.722,62.378,0
5601,224,80.317,2.956,329.282,2701.383,26.125,82.97,0
4973,198,87.46,4.876,337.354,5149.917,45.165,66.392,0
672,26,79.393,5.987,311.251,8222.162,29.671,82.607,0
1386,55,75.05,7.605,298.946,2941.857,91.128,47.872,0
2657,106,70.837,6.208,314.837,7026.629,78.65,81.936,1
3978,159,83.666,4.406,329.446,3255.319,57.743,67.493,0
2574,102,77.405,3.358,303.543,3614.371,97.541,68.349,0
1603,64,79.766,3.621,322.687,3557.291,77.64,56.274,0
2322,92,71.415,2.558,304.262,4939.132,77.432,52.543,0
1380,55,85.95,9.347,312.413,8762.586,92.852,79.874,1
5081,203,72.634,4.011,315.223,7784.539,53.726,67.205,0
4230,169,94.307,3.867,314.865,4945.154,61.221,71.791,0
2647,105,74.291,3.206,298.776,727.057,97.833,64.852,0
4252,170,72.105,3.744,306.641,5562.213,90.012,63.322,0
3213,128,68.948,3.838,307.472,1201.392,53.773,70.384,0
3236,129,75.248,6.985,326.967,6062.865,91.761,58.558,0
2467,98,71.749,3.397,319.985,2200.244,47.981,46.236,0
3034,121,92.294,3.193,335.615,5667.898,53.973,56.764,0
5943,237,72.932,2.376,306.428,245.192,54.728,67.369,0
4574,182,88.955,2.873,325.403,1187.288,53.798,56.755,0
4839,193,86.559,3.072,301.862,3228.597,51.575,48.924,0
843,33,97.173,5.92,319.541,757.604,97.527,62.969,0
3089,123,82.478,4.996,307.106,5479.092,57.778,65.099,0
2462,98,78.844,4.994,321.189,5578.649,53.761,53.902,0
632,25,75.908,3.728,334.832,2837.533,79.853,60.105,0
2593,103,96.231,8.756,323.949,7328.581,40.876,67.216,0
501,20,75.44,6.197,320.757,4067.391,77.202,54.303,0
1505,60,67.839,4.344,336.913,1259.215,12.497,53.991,0
4626,185,82.439,9.468,324.201,8623.742,76.628,65.239,1
4182,167,74.723,4.743,312.535,7802.353,47.393,79.849,0
4244,169,85.601,2.215,331.269,1314.289,59.258,50.751,0
557,22,75.638,4.32,331.817,2738.147,80.394,52.85,0
1134,45,71.606,3.157,312.062,3474.293,90.651,57.777,0
133,5,64.507,2.31,331.045,2007.499,33.742,49.762,0
653,26,77.933,5.463,298.942,6035.681,35.632,34.596,0
678,27,80.195,3.224,312.997,4666.679,46.918,30.622,0
5733,229,83.688,6.209,309.537,8442.258,62.059,66.677,0
5354,214,96.189,3.701,317.71,4115.854,89.807,71.445,0
1381,55,82.318,9.19,331.47,6792.039,83.254,37.379,1
1608,64,82.121,5.284,304.776,8505.255,79.656,82.455,1
5735,229,72.011,3.17,300.369,667.013,68.148,61.626,0
3555,142,88.973,2.638,321.275,2683.532,63.164,53.782,0
2476,99,96.207,4.558,317.89,8341.907,28.01,60.941,0
2867,114,68.338,2.528,352.399,323.721,46.86,77.059,0
1739,69,86.259,7.015,322.21,2112.847,81.114,61.938,0
3602,144,68.899,5.238,325.952,5779.966,66.001,78.001,0
4346,173,86.191,4.284,305.093,2195.011,35.409,60.17,0
3166,126,77.869,2.35,320.962,256.57,82.944,66.503,1
4763,190,85.264,4.949,318.955,8556.989,73.89,49.634,0
722,28,85.182,5.44,293.176,7847.926,98.484,44.926,1
3719,148,82.878,3.372,306.918,1574.097,62.872,38.474,0
5957,238,86.765,4.948,336.291,5184.691,41.734,54.126,0
1010,40,90.172,2.915,332.997,2910.493,44.727,46.834,0
3049,121,84.172,3.049,326.509,3214.983,64.851,37.776,0
3901,156,74.901,6.463,310.209,8834.524,80.82,57.634,0
2245,89,86.091,6.485,314.858,8507.825,53.297,38.729,1
5743,229,71.445,4.324,314.892,1342.463,58.757,58.398,0
3028,121,83.194,1.355,337.794,1087.039,45.475,64.275,0
2969,118,73.95,4.966,292.967,5924.48,100.0,52.566,0
5389,215,68.605,3.531,306.059,2890.122,57.615,67.253,0
71,2,76.235,4.466,345.912,5713.761,57.165,49.008,0
5096,203,64.787,2.133,328.997,1864.25,42.575,63.329,0
893,35,75.209,5.329,303.936,7731.794,83.966,66.172,0
2499,99,91.502,2.871,316.504,3732.77,31.471,54.676,0
3035,121,80.471,2.13,285.467,173.463,53.332,68.251,0
2946,117,81.476,4.593,315.729,4251.027,84.842,64.714,0
265,10,83.739,4.22,306.283,2234.191,67.034,72.257,0
2024,80,75.327,5.289,309.684,6035.314,95.714,43.49,0
2430,97,80.088,6.819,308.986,6186.716,53.27,78.777,1
5725,229,75.249,4.842,293.033,3942.691,59.366,72.937,0
5420,216,79.238,3.321,321.476,6393.572,39.419,79.81,0
3610,144,76.097,5.229,317.49,8026.758,53.386,51.92,0
5580,223,79.049,4.747,331.917,4492.93,87.859,84.452,0
5085,203,70.394,4.718,325.812,8650.002,43.334,69.193,0
2491,99,86.593,2.263,321.334,796.874,40.926,71.918,0
763,30,67.896,3.869,334.13,4209.878,92.677,80.813,0
3757,150,77.487,2.695,307.921,2698.287,89.326,61.194,0
2088,83,88.683,6.638,329.043,8151.797,42.278,65.555,0
41,1,79.91,3.452,320.002,4754.715,50.947,47.801,0
5896,235,69.271,3.686,347.311,3658.94,54.756,59.33,0
5768,230,70.509,4.616,316.595,7354.839,41.269,83.116,0
3297,131,79.754,7.705,322.221,5793.972,59.384,67.808,0
3835,153,87.628,3.472,328.738,4625.12,58.354,57.088,0
4123,164,94.449,8.169,321.911,8097.217,43.323,74.78,0
5506,220,80.283,3.903,322.71,4227.137,29.598,42.199,0
2869,114,74.594,4.045,309.01,4598.922,52.613,58.655,0
3599,143,71.067,2.03,323.62,1942.828,50.859,51.17,0
1449,57,83.785,5.192,322.165,4817.753,76.325,61.141,0
1523,60,66.31,3.438,343.349,796.028,39.796,48.526,0
3227,129,78.478,8.406,330.532,8208.761,97.697,58.275,1
1475,59,65.09,1.96,287.859,380.506,76.967,64.929,0
226,9,61.292,2.328,307.029,112.801,96.201,59.272,0
2475,99,97.784,5.331,310.039,8630.906,24.863,51.872,0
4459,178,97.664,4.561,325.332,4767.613,41.749,39.424,0
1792,71,76.13,4.513,320.127,4200.285,44.288,41.55,0
5083,203,66.552,3.135,337.124,2499.089,48.566,47.102,0
4257,170,79.763,4.02,331.091,7915.693,86.075,52.474,0
4011,160,79.652,6.803,291.943,7678.309,100.0,71.726,1
5338,213,71.742,6.656,317.59,23.837,89.437,49.831,0
497,19,83.827,3.874,308.806,2991.319,70.903,68.347,0
1230,49,73.864,3.462,313.604,647.617,91.676,26.356,0
5404,216,66.889,3.123,317.7,3019.894,48.523,56.23,0
5399,215,67.056,2.505,323.863,1965.004,69.758,55.814,0
545,21,86.25,3.76,320.39,7162.178,100.0,64.309,0
4552,182,89.589,5.719,310.443,6130.312,56.778,75.176,0
66,2,80.235,4.364,317.983,7183.882,59.322,50.253,0
932,37,81.615,5.381,321.663,5659.266,72.986,60.98,1
697,27,77.372,2.098,315.89,1028.412,54.919,52.66,0
1875,75,61.177,6.49,306.993,6898.285,43.234,34.198,0
2578,103,100.474,10.191,314.145,8863.011,30.066,52.583,1
5407,216,76.951,3.979,335.22,4698.762,50.624,68.855,0
2802,112,70.088,3.852,297.073,1953.145,83.059,62.079,0
837,33,96.22,5.538,318.188,1402.798,100.0,69.591,0
1741,69,85.288,6.33,300.393,1218.167,71.623,58.266,0
33,1,88.499,4.295,321.828,6602.618,60.317,52.393,0
202,8,80.857,4.562,311.533,8007.996,66.742,42.49,0
2755,110,65.005,4.268,327.414,6750.702,59.318,54.189,0
3131,125,73.126,4.782,305.688,179.785,84.07,50.481,0
1599,63,70.248,2.745,302.966,2240.963,36.807,50.699,0
2502,100,76.731,4.203,345.073,6335.132,85.522,72.25,0
683,27,79.493,2.886,289.222,3658.185,49.335,42.107,0
4023,160,81.195,6.196,307.267,7945.791,100.0,48.045,0
2588,103,90.473,5.929,305.019,1898.488,39.009,58.661,0
1128,45,75.971,3.775,315.79,4468.883,93.25,64.931,0
3071,122,75.649,5.357,317.899,2775.263,28.842,51.47,0
1390,55,83.515,8.519,308.768,5878.487,87.033,40.943,1
1854,74,72.077,6.177,334.96,6337.28,82.195,52.192,0
841,33,102.117,6.369,309.098,846.382,96.536,39.63,0
4566,182,91.109,4.725,314.451,4208.695,47.517,50.886,0
1816,72,71.246,6.11,315.255,8073.804,40.062,59.069,0
5721,228,83.855,4.788,310.591,8582.016,76.001,61.634,0
2635,105,82.987,6.353,304.55,6262.678,96.268,50.279,0
1076,43,85.349,6.321,321.026,8053.3,48.145,57.649,0
4263,170,76.648,4.08,318.046,8925.926,96.836,54.247,0
4384,175,70.734,3.553,331.226,3185.333,53.679,78.209,0
5218,208,78.567,3.258,326.274,4311.606,63.6,66.619,0
920,36,88.349,6.67,336.213,8134.057,72.061,75.665,0
4586,183,74.456,4.314,323.26,7740.19,62.172,79.947,0
5077,203,78.218,4.468,323.302,7898.63,37.274,71.523,0
1957,78,89.024,2.752,324.052,4065.932,69.088,73.482,0
2841,113,79.022,1.09,314.472,1492.118,43.655,55.041,0
3838,153,93.34,4.235,322.671,6639.119,59.611,58.842,0
1551,62,69.082,3.886,327.096,2645.053,60.247,52.835,0
5110,204,73.252,5.383,312.652,4015.208,39.526,67.124,0
4250,170,73.472,4.8,330.863,6760.779,100.0,49.058,0
5052,202,87.481,5.076,297.817,8221.92,50.833,42.208,0
2831,113,78.719,2.233,322.244,1655.496,53.242,56.643,0
3205,128,82.192,4.573,289.669,5362.304,47.742,71.07,1
1297,51,76.024,6.8,340.732,8043.561,85.01,48.912,1
1991,79,97.968,4.128,325.001,6168.572,75.94,56.769,0
4375,175,63.17,2.138,325.647,977.47,48.485,54.272,0
5731,229,84.739,6.137,319.34,7195.06,59.707,50.695,0
1042,41,113.946,7.964,313.009,8496.564,45.177,59.781,1
289,11,77.574,3.285,329.398,3800.151,55.654,56.76,0
428,17,74.601,5.71,349.791,6387.291,89.662,52.687,0
2800,112,77.966,6.444,326.514,5189.341,83.389,100.0,0
4592,183,65.186,1.449,302.622,702.585,52.656,46.973,0
1445,57,83.882,5.602,335.319,6199.432,70.523,53.073,1
2953,118,79.736,5.079,315.09,8609.149,91.67,45.822,0
3166,126,77.869,2.35,320.962,256.57,82.944,66.503,1
4947,197,82.122,3.401,305.636,3020.523,86.901,33.687,0
1134,45,71.606,3.157,312.062,3474.293,90.651,57.777,0
58,2,71.683,3.239,320.715,1529.573,61.015,51.275,0
3094,123,84.221,4.289,318.809,6753.404,48.412,33.729,0
2427,97,74.585,5.813,323.864,3329.703,64.591,60.468,0
1855,74,75.793,7.158,331.104,6787.546,85.852,71.76,1
4540,181,93.796,7.917,310.428,8014.132,37.504,48.02,1
4176,167,75.648,4.714,290.024,7046.663,40.672,68.914,0
606,24,72.305,4.936,308.939,5443.732,95.42,57.453,0
3343,133,90.601,5.724,325.248,8746.778,59.92,60.548,1
4616,184,92.501,7.979,340.377,8505.521,30.799,58.767,1
5404,216,66.889,3.123,317.7,3019.894,48.523,56.23,0
1,0,98.363,7.56,307.037,7059.199,93.737,58.965,1
4684,187,82.32,2.186,321.471,1364.113,88.845,59.89,0
273,10,79.664,5.002,319.983,3714.318,75.019,65.187,0
4166,166,85.602,4.635,313.167,6354.818,30.583,63.74,0
3658,146,65.681,3.247,328.159,2669.879,37.242,53.136,0
5681,227,79.194,5.49,302.492,6050.761,38.448,82.73,0
3904,156,63.508,4.774,306.529,3208.16,80.481,52.229,0
455,18,65.755,4.893,320.894,1046.748,65.213,77.225,0
4128,165,71.461,5.09,308.202,8030.659,81.058,63.271,0
1610,64,84.508,4.879,314.657,5970.757,66.626,48.934,0
4884,195,84.88,10.138,329.515,8846.911,59.452,48.014,1
239,9,68.146,4.287,322.393,4945.525,80.744,53.937,0
2100,84,99.38,6.795,310.615,8192.879,38.165,72.461,1
4141,165,69.246,4.041,318.568,3873.965,78.577,74.774,0
1080,43,80.407,4.183,299.345,5254.712,39.007,52.18,0
3979,159,86.781,5.645,338.922,8109.653,50.219,74.697,0
4230,169,94.307,3.867,314.865,4945.154,61.221,71.791,0
4384,175,70.734,3.553,331.226,3185.333,53.679,78.209,0
5153,206,80.939,3.272,327.933,3614.992,58.556,52.92,0
2662,106,75.409,6.248,305.459,8160.484,87.126,48.459,0
947,37,82.627,6.239,326.25,7426.056,65.603,67.889,1
1622,64,83.343,5.225,292.19,8920.313,73.145,76.231,0
2581,103,88.278,6.741,324.732,2092.439,30.424,55.498,0
297,11,81.273,4.755,302.515,5136.01,62.918,52.139,0
4270,170,65.726,1.388,304.43,1202.147,90.352,47.98,0
380,15,85.852,6.171,323.536,3220.091,66.411,49.698,0
323,12,77.011,2.349,333.859,2979.707,62.083,54.715,0
5570,222,74.979,2.903,315.029,2680.813,57.12,60.369,0
4681,187,97.936,4.808,320.359,7797.294,79.483,58.365,1
1607,64,87.879,5.112,321.271,8989.744,67.748,49.698,0
2290,91,86.677,6.044,313.927,3582.642,54.289,37.061,0
4819,192,90.501,3.602,321.818,1859.946,39.879,48.859,0
3837,153,83.868,3.346,305.863,4482.396,44.446,75.883,0
1661,66,71.231,2.938,336.944,2210.133,55.338,68.366,0
2829,113,75.079,1.412,328.587,344.006,62.141,62.467,0
5040,201,91.314,5.09,330.749,6490.421,36.027,60.156,0
7,0,92.182,5.93,332.971,3356.601,93.423,66.535,0
5963,238,90.913,5.094,312.584,5004.029,42.227,56.708,0
3512,140,90.892,5.118,336.516,6350.15,58.072,31.077,0
1253,50,91.243,7.181,315.375,7725.83,58.771,51.81,1
4642,185,80.563,7.959,308.33,3766.513,85.363,45.445,1
522,20,83.183,7.636,342.3,7992.845,58.104,75.886,0
2645,105,74.155,4.029,308.888,843.512,84.518,62.079,0
3577,143,82.184,3.529,356.836,5538.022,65.772,53.994,0
1569,62,63.201,3.001,343.419,1972.616,61.291,47.504,0
5260,210,70.078,3.74,318.886,3112.954,65.024,67.238,0
4226,169,101.85,4.644,331.5,8729.709,69.134,56.064,1
1129,45,76.685,4.787,324.084,8230.015,86.115,58.343,1
1048,41,104.814,5.054,317.632,2869.12,42.12,64.566,0
368,14,83.053,4.632,330.466,4362.658,91.262,34.742,0
3572,142,97.145,5.71,326.487,7774.004,67.97,68.025,0
1264,50,85.675,6.519,293.052,7119.408,47.486,57.173,0
3332,133,81.94,5.276,320.742,5308.156,51.202,47.107,1
4750,190,82.685,2.53,328.136,4634.093,82.133,71.883,0
5195,207,75.504,8.188,311.25,8473.256,39.215,48.002,0
756,30,58.715,2.428,321.31,1171.863,86.417,68.273,0
2188,87,80.646,4.095,335.846,3630.305,70.648,60.934,0
2701,108,74.154,3.776,315.586,6619.098,99.353,39.59,0
2540,101,81.524,7.595,310.911,8454.18,100.0,41.523,1
2704,108,69.34,2.623,308.122,4236.816,100.0,55.026,0
2853,114,76.005,4.312,310.897,4932.432,51.607,60.478,0
4474,178,96.857,5.052,328.099,6574.411,55.294,72.223,1
1959,78,89.324,2.752,318.572,3142.817,65.961,35.176,0
2308,92,64.917,1.064,317.079,44.166,83.515,59.787,0
2582,103,84.425,6.181,345.132,1553.697,31.218,73.534,0
1033,41,102.641,5.529,336.112,3209.285,40.837,51.096,0
3901,156,74.901,6.463,310.209,8834.524,80.82,57.634,0
2622,104,78.03,5.889,313.994,5143.454,44.842,50.942,1
5418,216,65.778,1.712,311.382,627.48,56.851,74.268,0
4771,190,69.767,1.91,335.508,17.032,73.643,51.651,0
1485,59,78.386,3.977,304.982,8269.883,79.127,73.67,1
1523,60,66.31,3.438,343.349,796.028,39.796,48.526,0
4569,182,93.554,5.841,316.571,8366.164,58.934,54.485,1
3446,137,77.655,4.789,335.293,6933.966,70.304,56.586,0
42,1,78.652,1.502,313.57,992.063,65.334,61.78,0
3900,156,65.398,3.337,338.029,889.844,78.045,42.788,0
2593,103,96.231,8.756,323.949,7328.581,40.876,67.216,0
4576,183,78.37,4.136,310.024,8328.967,49.002,55.365,0
4453,178,94.476,4.234,320.547,3313.139,52.272,57.13,0
5461,218,95.046,6.917,315.907,6411.36,74.517,58.623,1
4250,170,73.472,4.8,330.863,6760.779,100.0,49.058,0
5412,216,74.62,3.722,330.849,5090.876,51.239,57.716,0
1834,73,98.686,4.22,309.648,7965.475,91.126,62.685,0
2258,90,83.031,4.318,312.722,4560.603,77.184,63.674,0
339,13,94.484,4.459,317.436,3608.408,98.074,46.417,0
5092,203,73.724,4.212,309.978,6253.573,46.952,57.66,0
1065,42,76.283,3.415,327.425,3115.268,45.342,58.046,0
3354,134,92.502,5.448,308.458,8164.43,79.301,43.096,0
3099,123,88.359,5.844,335.396,8994.975,59.677,42.688,0
4698,187,81.883,2.648,328.477,2863.628,93.187,64.664,0
2578,103,100.474,10.191,314.145,8863.011,30.066,52.583,1
948,37,75.239,3.957,283.264,679.328,77.157,73.544,0
2537,101,82.289,7.13,301.059,7409.445,97.018,49.277,1
283,11,83.025,3.789,297.269,2490.199,50.515,39.712,0
1951,78,95.16,4.687,290.504,8301.209,69.676,52.375,0
3900,156,65.398,3.337,338.029,889.844,78.045,42.788,0
317,12,83.715,3.889,297.104,6226.115,55.804,63.916,0
5957,238,86.765,4.948,336.291,5184.691,41.734,54.126,0
3290,131,72.283,7.009,312.077,2839.709,62.618,40.137,0
1940,77,76.008,3.662,329.939,5681.306,94.261,58.967,1
4904,196,75.613,6.84,311.991,7057.176,58.155,32.836,0
936,37,88.881,5.917,331.185,8377.197,80.539,40.514,1
2077,83,89.589,6.951,319.102,8601.537,51.942,69.317,0
5604,224,81.171,2.808,308.563,2135.599,27.774,51.524,0
1518,60,69.999,3.801,313.872,2462.025,28.89,77.16,0
4383,175,75.773,5.301,325.245,7454.013,55.213,70.65,0
574,22,76.019,6.436,328.01,5365.215,81.022,71.167,0
3250,130,73.692,4.634,312.586,6544.653,54.643,45.849,0
4021,160,69.4,4.341,311.076,2291.95,100.0,56.035,0
1393,55,77.809,7.747,312.228,1984.761,94.027,70.821,0
2138,85,85.099,4.573,321.949,8171.378,84.149,38.041,0
3349,133,86.905,6.135,345.015,8009.641,60.758,70.405,1
3634,145,80.288,5.327,344.856,7361.351,65.806,38.589,0
1065,42,76.283,3.415,327.425,3115.268,45.342,58.046,0
2647,105,74.291,3.206,298.776,727.057,97.833,64.852,0
5997,239,95.909,3.755,321.471,257.47,100.0,74.758,0
2082,83,81.839,4.651,322.236,4454.035,58.103,61.304,0
4576,183,78.37,4.136,310.024,8328.967,49.002,55.365,0
1375,55,88.825,9.892,335.883,8047.861,92.54,65.969,1
2856,114,73.288,3.938,302.891,4974.172,41.972,68.194,0
3196,127,59.208,3.45,337.891,323.955,49.212,49.066,0
3647,145,77.98,4.071,354.457,4341.286,72.178,31.506,0
4330,173,91.444,5.201,342.02,4886.203,35.579,61.576,0
4599,183,65.316,2.177,313.489,1636.574,55.773,87.66,0
4252,170,72.105,3.744,306.641,5562.213,90.012,63.322,0
4683,187,87.7,2.305,304.487,2776.816,85.593,53.4,0
5268,210,72.044,6.003,340.256,7960.541,69.361,64.551,0
2122,84,86.033,5.224,318.935,4771.117,37.606,58.855,0
4834,193,94.008,5.292,301.173,8743.532,47.633,51.738,0
3215,128,83.086,5.707,313.322,8639.236,55.922,53.113,0
1620,64,88.425,4.716,312.508,8727.534,77.844,58.858,0
1169,46,75.286,2.346,324.174,808.726,74.379,52.649,0
4511,180,77.942,4.006,310.048,4431.89,76.081,64.543,0
3915,156,68.62,3.204,316.848,1344.133,79.231,65.97,0
463,18,69.165,5.401,334.835,3299.951,59.186,59.002,0
3628,145,68.089,2.54,305.352,150.621,67.962,63.357,0
276,11,79.955,5.136,304.176,5457.019,55.561,47.1,0
2585,103,97.162,7.834,332.806,6650.134,41.594,47.234,1
3568,142,96.317,3.812,323.167,5947.414,61.442,66.226,0
4004,160,80.404,5.523,324.726,6037.208,100.0,61.748,0
1104,44,74.651,3.768,330.371,3396.504,58.004,78.679,0
276,11,79.955,5.136,304.176,5457.019,55.561,47.1,0
3584,143,74.976,2.321,325.902,1765.449,53.343,47.261,0
4742,189,69.721,3.974,303.73,3860.087,80.505,52.893,0
4603,184,99.082,8.385,331.833,8844.976,32.504,54.044,1
2436,97,79.871,7.821,326.528,7104.941,59.126,71.065,1
3586,143,80.57,4.48,326.238,6677.106,60.691,70.155,1
4332,173,100.784,7.156,314.79,8704.279,34.654,67.961,0
5130,205,71.68,4.705,311.75,3269.754,31.344,54.527,0
3041,121,82.697,2.193,302.792,2769.608,62.563,51.055,0
5155,206,74.054,1.253,309.996,66.052,60.353,52.369,0
2031,81,65.376,2.047,302.407,202.693,42.184,50.034,0
1433,57,90.565,5.965,316.922,8300.861,86.569,68.975,0
1876,75,67.356,6.956,307.913,8546.964,43.395,52.862,0
4376,175,61.766,1.393,329.629,142.787,44.103,68.994,0
5259,210,72.544,4.271,308.913,4969.48,65.229,61.877,0
2888,115,80.903,3.301,300.874,4994.298,88.772,81.139,0
4215,168,79.997,5.445,305.369,157.123,75.307,43.266,0
939,37,79.023,5.033,296.215,4835.634,71.93,60.908,0
3096,123,73.467,3.339,296.949,365.839,61.2,45.482,0
2796,111,84.427,4.531,299.622,5606.682,83.11,59.765,0
2761,110,58.952,3.001,326.488,696.642,72.665,66.259,0
1266,50,86.682,5.801,315.928,6079.722,51.551,51.117,0
3845,153,87.736,2.774,345.495,3542.359,43.867,51.205,0
4131,165,59.735,2.671,326.487,1120.602,82.797,71.277,0
3914,156,79.187,5.712,339.569,7791.826,84.157,67.359,0
4421,176,73.966,4.918,294.404,1675.292,71.627,43.695,0
2849,113,82.939,4.227,327.472,4864.103,62.196,58.708,0
5008,200,74.52,2.748,323.156,1794.709,37.161,58.105,0
3569,142,89.732,3.896,305.577,5753.5,60.3,66.958,0
5223,208,84.586,4.842,307.112,7636.856,66.086,63.631,0
2645,105,74.155,4.029,308.888,843.512,84.518,62.079,0
4252,170,72.105,3.744,306.641,5562.213,90.012,63.322,0
1325,53,98.906,6.381,312.641,8995.463,98.322,46.894,0
597,23,81.541,4.125,316.196,2967.036,28.87,22.296,0
5560,222,81.888,2.258,309.659,649.704,42.409,61.961,0
2481,99,94.239,3.249,306.67,5473.742,34.285,54.278,0
278,11,76.155,3.146,358.385,856.489,55.233,59.325,0
3835,153,87.628,3.472,328.738,4625.12,58.354,57.088,0
5579,223,81.289,4.758,305.012,6204.031,90.204,55.058,0
4521,180,73.399,2.872,308.213,2549.585,76.26,65.257,0
5952,238,87.506,4.386,322.724,1711.472,48.343,77.656,0
5599,223,76.808,3.958,314.635,3883.159,93.419,59.737,0
2843,113,85.182,3.906,294.222,7165.658,73.765,62.594,0
1505,60,67.839,4.344,336.913,1259.215,12.497,53.991,0
404,16,76.731,4.473,289.451,6668.131,64.074,44.171,0
1738,69,95.012,7.896,323.544,6340.408,74.348,46.362,0
3905,156,72.916,6.053,294.738,7669.259,78.455,59.248,1
5407,216,76.951,3.979,335.22,4698.762,50.624,68.855,0
18,0,89.439,5.148,324.864,3072.002,100.0,62.284,1
4728,189,71.748,4.601,296.188,6129.027,83.232,52.378,0
4511,180,77.942,4.006,310.048,4431.89,76.081,64.543,0
4192,167,73.405,5.492,328.816,7105.294,53.816,67.781,0
881,35,72.664,4.523,329.105,6575.84,85.145,62.114,0
295,11,83.769,5.348,309.348,6738.14,58.533,58.698,0
4391,175,73.486,5.068,321.661,6300.065,50.099,69.568,0
3927,157,72.337,5.254,287.114,5245.907,40.526,60.904,0
2478,99,88.193,2.723,307.38,1896.768,30.229,51.222,0
2331,93,99.917,7.274,326.503,8178.245,48.414,53.694,1
250,10,88.458,6.149,284.671,6214.78,66.65,66.603,0
5965,238,95.195,6.445,318.849,8499.179,46.388,34.169,0
4935,197,78.836,4.359,335.275,3058.805,82.81,56.933,0
5821,232,73.03,5.891,320.445,6625.869,64.211,54.774,0
4734,189,74.913,4.532,320.995,5658.774,92.848,69.834,0
2851,114,72.082,4.093,341.761,5881.528,51.486,48.774,0
4965,198,89.106,4.928,291.2,4478.65,27.722,45.972,0
1342,53,93.246,4.812,318.136,3223.797,96.454,70.006,0
4132,165,64.46,4.159,338.777,1927.945,72.531,66.169,0
1512,60,70.342,5.579,309.51,5189.428,30.084,76.32,0
2587,103,97.144,8.753,292.76,7792.104,22.087,52.613,1
5114,204,74.659,5.879,321.245,5326.374,37.513,52.951,0
2717,108,68.558,2.315,322.712,159.241,94.387,45.924,0
5352,214,94.941,2.644,308.334,3391.193,87.596,64.709,0
3675,147,75.14,4.598,300.286,8852.359,41.169,69.995,0
1872,74,59.573,4.955,321.288,448.679,79.044,61.596,0
1622,64,83.343,5.225,292.19,8920.313,73.145,76.231,0
27,1,85.436,4.908,339.21,7671.265,46.92,76.097,0
3575,143,82.725,5.903,289.736,8962.156,52.543,76.829,0
4951,198,81.153,4.498,316.933,209.847,37.095,49.189,0
1445,57,83.882,5.602,335.319,6199.432,70.523,53.073,1
2975,119,86.608,3.348,328.915,5589.33,40.656,70.583,0
5926,237,77.831,2.895,324.033,2871.684,56.035,56.91,0
2589,103,98.057,9.222,318.504,7371.008,50.326,66.652,1
5607,224,90.2,4.284,312.428,6306.955,36.989,72.246,0
4827,193,90.388,3.936,333.241,7491.281,48.392,41.979,0
3048,121,86.888,3.289,324.926,2973.026,40.745,54.82,0
3912,156,70.928,7.094,304.732,7797.301,82.131,51.51,1
408,16,68.602,2.66,309.849,2303.796,49.018,37.334,0
3177,127,63.071,3.62,311.821,1808.27,59.1,60.696,0
4501,180,80.867,4.269,326.411,5230.983,74.062,81.674,0
1487,59,79.791,4.295,308.315,7999.542,86.447,57.269,0
291,11,83.452,5.127,311.525,5051.297,59.438,33.568,1
217,8,80.849,4.775,316.042,7219.742,58.481,53.165,0
1126,45,69.586,2.632,312.023,1910.231,100.0,53.873,0
1513,60,84.476,6.351,314.003,8771.006,24.012,56.749,1
4679,187,92.944,2.282,312.22,2715.685,79.581,44.596,0
2851,114,72.082,4.093,341.761,5881.528,51.486,48.774,0
3284,131,82.338,9.616,311.961,8404.121,48.867,43.09,1
1981,79,84.667,1.56,308.574,825.7,86.646,56.812,0
1927,77,78.699,4.672,303.901,7075.651,82.142,74.678,0
3377,135,63.86,7.587,323.818,8439.518,100.0,55.297,0
4450,178,100.409,5.467,323.891,7584.667,50.12,59.869,0
1250,50,92.111,6.257,335.861,7735.574,41.108,76.985,0
2794,111,73.4,2.828,325.391,197.178,88.09,48.804,0
3956,158,87.166,2.895,331.552,3050.698,55.639,68.195,0
5733,229,83.688,6.209,309.537,8442.258,62.059,66.677,0
1709,68,85.492,4.67,297.73,7813.591,71.197,52.638,1
2588,103,90.473,5.929,305.019,1898.488,39.009,58.661,0
3548,141,69.74,3.741,337.961,4664.787,32.167,61.01,0
946,37,81.591,5.001,316.019,5621.668,75.129,58.093,0
3805,152,69.901,4.282,317.916,2832.45,59.962,52.124,0
5824,232,68.703,4.69,316.867,2865.323,56.507,70.068,0
1752,70,89.807,1.734,294.993,345.281,49.726,33.645,0
2990,119,88.991,2.287,306.97,2557.298,40.686,62.116,0
770,30,69.515,4.106,323.888,6955.175,83.6,32.767,0
3195,127,76.63,5.752,312.305,8728.243,55.877,57.205,1
5793,231,88.643,5.592,336.723,6375.489,45.867,44.385,1
3331,133,83.96,7.141,290.703,8870.445,59.545,46.752,1
1405,56,68.761,2.356,333.25,3496.708,67.657,56.85,0
1971,78,90.511,4.006,311.184,5209.381,64.207,59.751,0
3865,154,85.473,9.327,324.537,8939.374,46.032,41.537,1
5055,202,88.88,6.179,312.935,8517.36,36.996,67.393,0
2839,113,74.013,2.427,331.012,641.054,71.606,100.0,0
3038,121,89.262,3.957,317.583,5292.044,40.539,42.356,0
4688,187,95.35,4.115,292.053,6310.068,76.798,58.093,0
687,27,86.1,3.791,320.83,7215.582,55.486,69.435,0
5673,226,97.262,7.789,301.738,5048.557,76.213,66.909,1
2863,114,77.451,4.147,323.237,3761.406,52.5,58.467,0
2181,87,83.775,5.273,307.109,8175.024,72.877,53.615,0
4561,182,84.417,3.586,344.859,1775.912,54.546,51.206,0
1613,64,82.179,4.901,336.681,7927.225,64.931,78.404,0
981,39,71.129,4.963,335.59,1161.726,29.604,63.557,0
1617,64,88.184,5.496,305.612,8855.151,62.429,57.72,0
4132,165,64.46,4.159,338.777,1927.945,72.531,66.169,0
677,27,76.352,2.329,324.849,1908.573,51.122,42.91,0
2834,113,87.495,5.206,323.7,7983.189,55.581,54.294,0
1508,60,76.593,5.048,316.301,4914.841,28.997,59.871,0
3338,133,83.082,5.496,327.648,5659.832,50.098,61.454,0
938,37,84.921,6.311,306.287,8295.334,86.522,45.564,1
4551,182,94.445,6.321,338.191,7672.832,66.937,54.512,0
5478,219,72.938,4.873,299.133,3502.044,56.447,59.217,0
2049,81,62.822,1.673,333.67,83.996,42.038,50.995,0
2425,97,78.736,6.638,294.69,6330.425,48.304,60.429,0
3659,146,66.822,3.176,295.949,1141.581,39.735,79.167,0
4395,175,67.359,3.263,332.045,2725.467,65.743,58.056,0
329,13,91.309,2.703,313.726,2112.022,100.0,71.883,0
4137,165,73.375,4.097,313.527,5375.28,84.968,56.036,0
4698,187,81.883,2.648,328.477,2863.628,93.187,64.664,0
4591,183,72.694,3.398,313.833,6265.502,48.12,54.67,0
2807,112,70.251,4.081,321.963,333.898,82.075,39.85,0
4785,191,69.704,4.051,336.085,1389.792,74.044,79.515,0
3341,133,84.176,5.93,326.635,8160.12,56.335,57.517,0
1263,50,87.219,5.074,321.558,5207.999,53.379,59.371,0
1837,73,90.814,3.108,319.889,3695.571,87.323,65.353,0
3640,145,77.974,4.304,322.7,6717.51,65.959,71.159,0
3366,134,77.91,3.256,325.029,187.875,87.241,46.967,0
4663,186,81.572,3.798,319.832,4741.638,60.591,39.892,0
4320,172,72.089,3.818,310.963,1819.294,97.94,74.156,0
1401,56,58.919,3.297,311.372,388.247,64.427,53.646,0
2598,103,101.159,8.095,309.166,5974.07,33.788,67.925,0
4560,182,88.47,5.272,315.43,5913.951,56.607,46.298,0
2849,113,82.939,4.227,327.472,4864.103,62.196,58.708,0
1446,57,74.809,3.867,321.909,1851.175,76.078,42.699,0
5604,224,81.171,2.808,308.563,2135.599,27.774,51.524,0
2830,113,87.619,4.075,318.982,6083.452,65.567,28.383,0
1966,78,94.315,4.102,320.208,6446.619,76.895,87.998,0
3121,124,82.295,3.149,308.811,3720.142,31.073,62.153,0
1949,77,66.958,2.185,313.026,145.99,89.535,49.139,0
1720,68,84.176,5.267,302.957,8567.184,78.062,44.769,0
4044,161,81.577,3.956,332.562,5014.363,43.505,46.559,0
4597,183,75.558,3.392,334.185,6012.582,60.483,61.307,0
2643,105,76.269,4.775,304.492,4256.777,80.943,48.107,0
1127,45,72.236,4.385,308.278,4884.911,90.53,46.958,0
2938,117,89.618,6.095,300.023,8900.935,100.0,71.356,1
2627,105,76.936,3.045,333.025,1810.962,86.699,59.739,0
2801,112,74.55,5.039,305.402,3814.661,87.079,55.545,0
1518,60,69.999,3.801,313.872,2462.025,28.89,77.16,0
4522,180,73.357,2.706,323.798,1573.372,60.88,48.294,0
1376,55,72.212,6.045,287.708,235.386,96.978,56.593,0
263,10,81.684,4.734,315.924,3580.383,47.594,79.228,0
4252,170,72.105,3.744,306.641,5562.213,90.012,63.322,0
4419,176,80.999,5.95,320.679,7083.233,70.774,54.594,0
1515,60,78.263,5.758,323.425,7713.859,24.002,57.028,0
1172,46,87.211,4.581,306.135,7904.389,83.651,70.613,0
3593,143,79.812,4.024,296.871,5785.631,59.415,55.425,0
5432,217,75.819,6.362,296.301,6305.542,78.5,55.01,0
1608,64,82.121,5.284,304.776,8505.255,79.656,82.455,1
3326,133,80.431,5.534,305.971,6148.243,50.412,62.075,0
1655,66,76.713,5.939,299.018,7187.068,62.451,45.769,0
4409,176,78.161,5.733,336.293,4018.755,69.354,38.707,0
2868,114,79.796,4.513,329.112,8599.088,52.659,60.331,0
2498,99,85.47,2.768,296.351,1585.347,29.019,56.332,0
4017,160,81.009,6.161,322.785,8912.918,97.9,64.074,1
3247,129,68.163,5.014,315.114,1678.077,97.631,55.82,0
1372,54,73.654,4.203,320.945,4111.425,82.903,64.634,0
2695,107,103.782,7.208,324.201,8419.06,71.263,43.595,1
5726,229,80.594,4.599,327.846,5435.614,60.478,82.742,0
4652,186,69.744,3.293,314.953,382.48,55.389,67.911,0
3130,125,87.092,6.338,293.106,8891.716,93.758,70.683,0
4033,161,81.071,4.544,329.504,5495.187,36.422,81.241,0
947,37,82.627,6.239,326.25,7426.056,65.603,67.889,1
2662,106,75.409,6.248,305.459,8160.484,87.126,48.459,0
5364,214,93.657,3.698,319.896,3940.498,77.989,63.156,0
1266,50,86.682,5.801,315.928,6079.722,51.551,51.117,0
5904,236,78.877,4.852,284.472,7036.247,40.959,44.618,0
4971,198,91.617,5.194,324.028,4711.879,43.859,67.289,0
4182,167,74.723,4.743,312.535,7802.353,47.393,79.849,0
2487,99,94.614,4.907,317.918,6362.113,40.317,47.517,0
638,25,83.263,5.775,315.395,7639.134,72.591,56.708,0
1882,75,57.121,6.715,331.118,4393.744,40.391,71.806,0
4402,176,83.543,5.142,329.453,6815.688,76.753,61.385,0
2710,108,72.065,2.461,314.703,2896.945,94.556,79.314,0
4671,186,89.847,6.188,322.222,8972.103,57.793,59.291,1
1426,57,84.272,5.618,333.794,5429.605,66.229,87.983,0
4796,191,74.917,5.431,321.212,2584.229,76.516,70.211,0
5077,203,78.218,4.468,323.302,7898.63,37.274,71.523,0
4339,173,91.034,4.984,318.095,4234.149,38.558,50.501,0
1380,55,85.95,9.347,312.413,8762.586,92.852,79.874,1
1441,57,79.584,4.787,323.784,1204.223,71.953,71.962,0
394,15,95.113,8.603,324.872,8956.548,68.03,81.65,1
290,11,76.827,3.173,316.83,1521.501,54.65,51.525,0
4396,175,64.64,3.388,324.441,1690.649,58.158,65.118,0
3041,121,82.697,2.193,302.792,2769.608,62.563,51.055,0
4504,180,82.359,4.992,332.539,8986.678,80.891,59.379,0
1830,73,97.227,3.081,299.301,4726.883,86.047,77.289,0
2328,93,91.364,6.689,313.45,6258.387,27.729,70.693,0
5362,214,104.597,4.309,313.218,8225.434,89.33,58.644,0
5974,238,91.638,5.09,316.399,4947.461,45.243,48.993,0
679,27,85.966,3.571,319.004,7315.165,39.94,87.756,0
4563,182,90.749,5.392,321.165,7069.989,69.459,50.978,1
3406,136,83.929,4.312,319.541,3033.533,28.026,66.315,0
29,1,83.811,2.679,324.109,4177.296,59.505,58.659,0
3831,153,93.724,3.745,340.13,7794.452,47.552,50.774,0
1823,72,76.647,5.832,294.446,8957.2,50.24,66.02,0
2386,95,104.154,2.812,324.858,674.401,78.271,66.003,0
5768,230,70.509,4.616,316.595,7354.839,41.269,83.116,0
4420,176,86.189,7.223,328.505,8774.304,79.833,41.019,1
297,11,81.273,4.755,302.515,5136.01,62.918,52.139,0
4154,166,75.18,1.843,333.482,289.234,24.783,55.263,0
48,1,88.881,4.147,326.655,6570.23,44.987,63.276,0
5270,210,74.647,5.779,327.854,7813.527,67.685,34.005,0
3648,145,74.417,4.087,315.028,2989.54,68.705,70.566,0
3902,156,75.423,6.059,314.804,6622.807,81.337,54.056,1
77,3,83.837,6.148,326.275,6389.011,90.507,64.919,0
604,24,66.751,5.079,335.309,6453.529,100.0,72.341,0
3236,129,75.248,6.985,326.967,6062.865,91.761,58.558,0
2522,100,74.987,4.109,297.601,4378.615,89.839,77.492,0
4737,189,68.82,2.92,327.112,2159.624,83.995,37.751,0
1833,73,100.703,3.758,303.753,7419.91,89.09,56.612,1
2616,104,81.812,5.739,310.41,6610.448,26.306,46.946,0
795,31,83.176,4.363,293.164,2595.14,50.568,50.091,0
3086,123,80.264,4.653,316.597,5127.23,57.853,45.73,1
5714,228,78.113,2.852,314.675,2526.398,81.775,66.926,0
1671,66,82.233,4.906,310.066,6869.313,61.098,53.401,0
4588,183,71.163,3.599,303.22,4861.432,45.596,56.181,0
1134,45,71.606,3.157,312.062,3474.293,90.651,57.777,0
5267,210,67.72,4.731,335.526,5481.018,79.518,40.753,1
3136,125,83.422,6.445,299.246,7709.089,80.958,72.024,1
858,34,100.934,5.94,316.239,5393.464,44.828,60.435,0
4570,182,94.198,5.846,331.929,7735.11,62.884,36.686,0
5285,211,75.019,4.147,313.514,4687.003,41.754,60.801,0
966,38,63.003,5.59,330.051,6685.7,71.784,58.245,0
768,30,70.99,3.834,303.907,5147.489,97.126,47.91,0
1602,64,72.366,2.619,315.963,131.809,69.937,52.027,0
3161,126,81.758,4.309,294.909,3869.682,82.416,71.45,0
5661,226,98.39,8.812,305.37,6975.618,75.189,47.535,0
5078,203,78.831,4.635,336.476,8727.456,38.529,36.531,0
2105,84,95.597,5.265,324.18,4940.485,22.521,68.049,0
260,10,92.416,5.568,311.474,7588.033,59.892,63.955,0
3646,145,78.219,5.261,311.673,7120.469,72.308,69.855,0
3581,143,84.12,5.422,337.88,8565.453,64.722,62.378,0
1521,60,75.581,5.34,324.54,4871.035,33.968,48.433,0
3718,148,86.463,5.788,308.73,6726.173,79.251,38.558,0
5901,236,75.523,3.355,329.459,3383.521,41.055,72.789,0
959,38,52.974,3.434,336.191,178.581,75.142,78.001,0
1999,79,99.374,4.596,331.647,8103.746,79.408,64.003,0
4971,198,91.617,5.194,324.028,4711.879,43.859,67.289,0
1119,44,82.502,5.938,309.638,8921.726,40.981,85.709,1
890,35,80.002,4.459,330.601,7008.938,95.771,60.415,0
1157,46,78.894,2.516,317.831,1466.336,88.954,51.537,0
4522,180,73.357,2.706,323.798,1573.372,60.88,48.294,0
876,35,75.359,4.965,347.104,7418.891,85.506,51.774,0
636,25,76.807,5.07,321.369,6359.4,80.49,57.885,0
3871,154,70.461,5.545,309.586,1089.827,52.943,70.883,0
4516,180,83.464,4.515,318.986,6248.396,77.712,53.154,0
4473,178,89.051,3.236,315.364,886.559,32.471,40.178,0
2777,111,84.639,4.79,337.55,5249.203,81.444,57.031,0
5419,216,73.946,3.765,316.493,5716.208,42.113,55.349,0
1029,41,105.606,6.034,303.712,6253.009,29.913,39.551,0
2813,112,80.948,6.034,308.858,6863.489,88.334,51.301,0
2477,99,86.858,3.301,329.843,5204.344,41.303,69.016,0
3339,133,74.011,4.744,297.111,1827.107,46.223,74.535,0
1287,51,68.152,5.447,322.529,4843.786,84.185,54.063,0
988,39,78.835,6.688,348.927,5383.817,33.415,49.495,0
5920,236,69.226,1.841,317.978,1176.856,53.481,57.864,0
1952,78,91.378,3.573,312.395,2456.032,89.392,63.215,0
3079,123,84.671,4.888,329.612,6547.321,40.09,51.568,0
5419,216,73.946,3.765,316.493,5716.208,42.113,55.349,0
1953,78,88.062,3.943,326.798,3626.001,74.738,65.38,0
2459,98,81.164,4.862,295.765,8045.847,35.682,32.375,0
3482,139,82.436,4.809,299.107,8826.307,68.134,53.215,0
435,17,72.323,4.157,320.764,1064.549,93.867,47.356,0
152,6,73.84,4.476,327.656,1189.668,90.502,57.56,0
3906,156,67.072,4.203,329.854,2554.262,74.381,80.244,0
2481,99,94.239,3.249,306.67,5473.742,34.285,54.278,0
558,22,78.768,5.982,317.018,6564.129,76.742,60.27,0
1839,73,97.241,3.863,311.622,5676.658,90.692,53.375,0
4197,167,77.772,4.933,330.677,7963.325,48.256,60.944,0
4500,180,73.637,2.502,332.082,2062.391,84.587,41.366,0
3091,123,74.39,3.413,321.601,796.06,53.572,48.003,0
1436,57,83.297,4.812,334.395,2923.506,76.687,53.725,0
4953,198,83.942,3.754,339.794,2343.291,37.121,49.256,0
1388,55,79.994,7.91,302.414,2877.053,84.004,65.395,0
4474,178,96.857,5.052,328.099,6574.411,55.294,72.223,1
1054,42,80.836,3.381,326.415,4330.681,58.789,71.208,0
5596,223,71.313,4.024,329.042,1143.246,100.0,66.325,0
4550,182,87.127,4.065,326.051,817.342,62.363,59.078,0
3082,123,72.405,2.888,349.996,1301.296,54.144,79.514,0
2789,111,92.045,5.414,311.201,7724.989,83.472,68.228,0
3577,143,82.184,3.529,356.836,5538.022,65.772,53.994,0
4040,161,73.152,2.111,319.678,215.009,33.834,65.565,0
3425,137,74.757,2.027,294.715,1684.297,66.457,61.866,0
4214,168,83.317,5.196,318.209,247.394,67.151,55.347,0
629,25,67.654,3.159,306.622,2621.001,76.312,43.881,0
2701,108,74.154,3.776,315.586,6619.098,99.353,39.59,0
4467,178,98.067,5.541,326.384,6880.727,46.118,58.085,0
2806,112,74.498,4.369,312.987,3103.22,91.636,67.942,0
5783,231,91.24,5.465,326.305,8448.479,51.317,48.763,0
3267,130,70.547,3.762,319.48,2117.694,40.819,54.906,0
1971,78,90.511,4.006,311.184,5209.381,64.207,59.751,0
5334,213,82.131,7.58,309.14,6753.395,80.363,58.865,1
2711,108,67.413,1.811,330.92,30.926,85.519,64.136,0
3339,133,74.011,4.744,297.111,1827.107,46.223,74.535,0
3926,157,72.531,5.085,336.017,3445.281,36.872,91.894,0
5044,201,94.951,6.443,311.041,8414.751,36.287,61.954,1
1392,55,84.169,8.696,306.311,6516.101,95.52,39.041,0
5137,205,75.276,4.702,314.534,4616.407,36.858,68.159,0
3579,143,73.292,2.597,327.588,3387.292,58.634,48.912,0
2457,98,78.448,5.424,324.687,6891.255,55.625,44.359,0
2220,88,66.762,5.112,311.624,6906.27,80.033,45.309,0
5903,236,75.545,2.143,319.735,1679.371,47.372,51.152,0
5628,225,77.04,3.466,305.81,4077.253,92.828,56.128,0
3338,133,83.082,5.496,327.648,5659.832,50.098,61.454,0
2340,93,89.522,5.658,318.598,4306.344,43.558,59.046,1
5817,232,69.539,3.822,348.711,1559.799,65.298,78.147,0
76,3,78.326,3.342,365.128,2360.026,91.342,50.744,0
285,11,86.841,4.953,304.974,6389.584,56.167,75.834,0
3031,121,80.604,2.327,317.865,243.481,45.118,55.74,0
3627,145,71.989,3.122,330.664,1004.678,61.345,44.686,0
34,1,78.115,1.975,314.988,1067.352,59.717,51.398,0
1264,50,85.675,6.519,293.052,7119.408,47.486,57.173,0
626,25,74.15,3.921,309.667,5247.67,89.141,78.009,0
1597,63,66.647,2.574,331.425,1225.818,53.008,100.0,0
1255,50,89.033,5.023,329.448,5463.592,41.676,47.299,0
842,33,98.359,6.455,323.214,3381.733,92.073,63.031,1
898,35,68.256,3.36,307.868,2607.533,88.376,43.164,0
2482,99,97.611,4.121,343.96,8688.082,41.216,75.489,0
890,35,80.002,4.459,330.601,7008.938,95.771,60.415,0
4550,182,87.127,4.065,326.051,817.342,62.363,59.078,0
2630,105,85.467,5.456,322.131,5394.861,91.384,58.941,0
761,30,72.789,5.172,310.194,8572.527,89.297,46.658,0
4006,160,74.376,4.26,322.025,2972.235,97.345,58.815,0
4582,183,79.345,4.947,323.611,8965.179,63.581,73.805,0
2436,97,79.871,7.821,326.528,7104.941,59.126,71.065,1
33,1,88.499,4.295,321.828,6602.618,60.317,52.393,0
4004,160,80.404,5.523,324.726,6037.208,100.0,61.748,0
4468,178,97.25,4.866,302.879,6819.887,38.36,51.288,0
5304,212,74.292,2.81,309.344,1793.289,97.0,43.976,0
4302,172,86.57,5.833,317.02,7578.323,94.641,71.504,0
3649,145,74.757,4.82,306.93,5267.278,78.063,51.981,0
2305,92,72.845,4.274,318.428,5827.05,79.255,63.032,0
1533,61,87.64,6.645,302.823,8785.3,84.47,50.88,0
400,16,80.924,3.598,281.701,6267.352,58.926,70.028,0
4748,189,71.825,3.939,323.324,3538.673,83.173,69.508,0
3451,138,68.32,4.215,311.963,2906.808,39.688,44.319,0
1841,73,103.19,4.858,332.97,8083.804,79.566,63.562,0
846,33,102.75,6.334,322.358,5472.632,90.965,61.343,1
1842,73,98.411,3.386,331.135,6563.273,97.168,57.069,0
4484,179,82.267,5.854,321.588,6363.515,85.875,49.011,1
1426,57,84.272,5.618,333.794,5429.605,66.229,87.983,0
292,11,77.594,3.648,289.76,1004.385,61.985,60.222,0
2504,100,71.671,3.217,311.257,2914.743,90.752,66.995,0
2226,89,82.487,6.091,344.382,8174.213,37.838,55.271,0
4228,169,92.019,3.96,314.214,5083.823,53.902,51.421,0
3404,136,84.039,4.21,298.843,2629.5,35.389,41.191,0
2905,116,71.906,6.548,327.073,5877.482,100.0,50.282,0
5841,233,73.37,2.878,312.75,3453.606,76.614,54.292,0
4963,198,91.487,5.91,306.188,6651.377,33.396,64.649,1
884,35,80.259,4.807,302.693,7111.802,83.682,42.124,0
1582,63,83.778,5.657,328.922,8755.406,45.298,52.319,1
2705,108,80.702,3.503,285.785,6229.589,93.295,33.569,0
472,18,72.16,5.804,332.906,4843.864,65.261,77.79,0
4487,179,90.213,7.413,327.398,8681.933,74.242,55.249,0
4519,180,82.867,4.491,323.592,6370.385,76.804,41.674,0
1858,74,75.374,7.809,335.918,7625.114,79.091,48.788,0
5395,215,78.171,4.759,319.493,5853.272,62.383,63.698,0
3366,134,77.91,3.256,325.029,187.875,87.241,46.967,0
1443,57,83.603,5.557,300.362,5398.526,68.964,73.771,0
3842,153,84.817,2.216,345.168,1346.086,44.819,65.419,0
4132,165,64.46,4.159,338.777,1927.945,72.531,66.169,0
4329,173,95.657,6.721,326.107,8586.72,27.293,48.936,0
5790,231,85.77,4.234,315.941,4508.865,60.072,51.171,0
5413,216,73.375,3.884,312.079,4917.162,61.23,62.181,0
2663,106,71.146,5.401,310.904,5697.628,81.906,63.507,1
2763,110,63.459,3.354,321.709,3780.39,70.558,57.25,0
153,6,80.785,5.48,312.986,5993.482,91.449,56.638,0
2701,108,74.154,3.776,315.586,6619.098,99.353,39.59,0
1213,48,78.071,4.598,312.266,8067.979,82.651,42.326,0
797,31,86.983,4.536,319.414,3834.343,51.656,78.098,0
4711,188,83.995,4.421,326.436,4844.791,19.241,46.871,0
135,5,60.727,2.407,346.399,1719.717,21.646,58.403,0
893,35,75.209,5.329,303.936,7731.794,83.966,66.172,0
4075,163,95.241,6.463,320.618,5886.297,43.915,53.887,0
3525,141,67.938,1.76,342.532,2172.703,30.886,55.255,0
2733,109,86.345,4.248,327.06,4482.599,47.252,46.817,0
4684,187,82.32,2.186,321.471,1364.113,88.845,59.89,0
1514,60,79.067,6.087,343.167,7540.736,36.84,66.326,0
1386,55,75.05,7.605,298.946,2941.857,91.128,47.872,0
3147,125,86.053,7.163,329.592,7611.629,81.682,60.657,1
690,27,80.7,3.532,335.452,3759.934,50.19,49.397,0
4188,167,74.999,3.826,320.218,5891.332,54.927,67.765,0
5598,223,86.634,5.693,328.194,7419.252,82.135,62.121,0
4692,187,86.401,1.996,316.658,2588.375,92.2,55.165,0
5217,208,83.067,4.31,320.478,5740.44,67.293,66.236,0
487,19,79.526,4.732,309.849,4626.901,84.766,56.093,0
2715,108,76.752,4.794,325.594,7171.735,87.914,56.787,0
5390,215,71.318,4.636,309.122,6933.085,68.097,19.906,0
4957,198,92.117,5.64,299.593,6596.567,37.484,44.339,0
3642,145,77.626,3.214,349.864,3895.644,67.387,61.839,0
4013,160,70.636,4.214,310.572,951.736,86.814,61.019,0
1672,66,73.183,4.551,335.411,4904.956,56.889,50.042,0
1664,66,72.971,3.974,288.158,2568.635,54.488,60.183,0
420,16,75.565,3.506,326.572,4917.763,55.646,58.726,0
5388,215,76.944,5.622,314.618,7022.144,59.355,40.708,0
1844,73,97.849,3.983,315.941,7018.245,100.0,76.266,0
5963,238,90.913,5.094,312.584,5004.029,42.227,56.708,0
34,1,78.115,1.975,314.988,1067.352,59.717,51.398,0
4630,185,81.365,8.234,305.054,5224.532,73.868,68.476,1
3235,129,75.971,7.023,317.295,7018.263,88.232,50.157,0
270,10,80.371,4.77,290.937,2441.915,73.329,56.109,0
4062,162,82.081,4.084,310.571,2197.027,43.83,72.371,0
4257,170,79.763,4.02,331.091,7915.693,86.075,52.474,0
4251,170,73.269,4.428,322.527,6386.343,95.705,84.06,0
4216,168,85.753,7.746,320.663,5781.229,68.048,48.675,0
4144,165,74.313,4.096,344.27,5552.179,89.733,55.727,0
4517,180,82.659,4.502,336.753,5522.38,73.385,68.012,1
2505,100,65.709,3.676,295.415,1265.599,79.112,61.731,0
5728,229,71.936,3.78,315.611,407.025,72.251,63.22,0
3014,120,71.387,3.367,298.315,1304.222,37.477,66.089,0
1692,67,80.856,4.155,301.316,4888.9,57.229,60.394,0
5964,238,93.049,5.275,324.658,6889.848,46.412,64.18,0
1818,72,56.318,2.23,299.644,129.105,43.372,78.9,0
2812,112,80.14,5.923,330.5,5525.149,90.728,49.898,0
4235,169,86.45,2.403,286.716,769.045,63.586,64.827,0
4619,184,81.619,5.942,328.016,3701.607,40.68,57.172,0
2019,80,66.893,2.886,333.582,1365.534,98.033,62.056,0
256,10,81.685,4.944,326.105,2192.659,74.247,38.809,0
3588,143,82.573,3.51,313.224,5130.261,67.501,68.435,0
3638,145,76.432,4.591,305.771,4364.675,69.67,65.441,0
4375,175,63.17,2.138,325.647,977.47,48.485,54.272,0
1623,64,80.959,4.249,313.096,5357.566,71.037,51.621,0
4763,190,85.264,4.949,318.955,8556.989,73.89,49.634,0
4551,182,94.445,6.321,338.191,7672.832,66.937,54.512,0
5081,203,72.634,4.011,315.223,7784.539,53.726,67.205,0
4472,178,100.549,5.251,358.566,7738.531,37.079,42.213,0
4133,165,68.629,3.099,350.066,3377.771,80.717,59.541,0
3384,135,52.147,3.643,321.964,1169.909,91.532,46.661,0
5060,202,81.259,3.506,337.594,2064.103,37.321,50.997,0
1448,57,85.995,6.124,301.732,7124.161,65.93,61.422,0
4082,163,88.467,6.061,323.595,3470.374,45.142,58.631,0
4590,183,67.465,1.852,302.035,525.537,67.32,45.081,0
4553,182,90.027,3.101,307.668,1304.361,64.266,48.087,0
899,35,68.687,4.089,335.299,4114.769,87.618,53.293,0
1989,79,82.593,1.022,312.335,166.832,83.261,64.697,0
5573,222,90.067,3.632,321.409,5483.443,52.308,61.982,0
4553,182,90.027,3.101,307.668,1304.361,64.266,48.087,0
1070,42,74.006,1.37,305.039,198.982,30.404,57.729,0
3019,120,77.462,4.634,311.207,7683.976,41.908,94.468,0
4691,187,95.101,3.834,318.292,5818.783,93.42,42.904,0
5076,203,64.311,3.061,312.9,1987.939,47.234,72.289,0
3215,128,83.086,5.707,313.322,8639.236,55.922,53.113,0
679,27,85.966,3.571,319.004,7315.165,39.94,87.756,0
1433,57,90.565,5.965,316.922,8300.861,86.569,68.975,0
163,6,79.49,3.988,328.461,4579.945,100.0,43.494,0
1137,45,74.536,3.884,346.727,5050.554,93.799,75.3,0
360,14,85.896,5.899,306.296,7133.737,88.564,70.454,1
4252,170,72.105,3.744,306.641,5562.213,90.012,63.322,0
4254,170,75.075,4.082,314.455,7813.381,87.713,56.872,0
2817,112,81.756,5.941,301.799,7489.456,94.377,42.912,0
5214,208,81.782,4.803,316.759,6383.141,60.602,60.987,0
979,39,85.48,7.137,304.536,7355.462,35.969,44.883,0
1295,51,67.526,4.293,351.861,1462.452,94.525,53.531,0
3803,152,69.908,4.781,350.649,4838.261,62.331,65.176,0
3240,129,68.257,5.789,318.357,2380.437,85.417,68.292,0
819,32,86.057,3.369,325.587,892.324,51.023,76.207,0
5398,215,74.511,3.945,297.592,5628.12,56.169,64.847,0
3843,153,83.688,3.096,324.286,4465.947,42.956,77.454,0
3765,150,75.135,2.902,322.388,1523.165,99.003,59.515,0
2485,99,93.309,3.392,310.122,4332.304,25.642,72.906,0
3747,149,60.467,1.566,319.719,652.916,73.234,58.177,0
472,18,72.16,5.804,332.906,4843.864,65.261,77.79,0
1950,78,90.111,4.359,324.064,5026.438,68.458,49.678,0
3908,156,64.079,4.362,324.45,2265.594,73.503,63.486,0
3666,146,67.33,3.378,339.583,1288.915,47.59,48.353,0
3236,129,75.248,6.985,326.967,6062.865,91.761,58.558,0
294,11,77.847,3.576,305.644,2930.333,58.885,67.212,0
2073,82,72.658,5.23,322.182,8317.163,48.388,39.156,0
5932,237,78.201,3.5,322.179,2558.572,46.579,71.174,0
5617,224,77.729,2.062,326.451,2346.522,36.03,53.575,0
4758,190,80.912,5.563,338.164,7236.868,86.606,59.813,0
388,15,91.02,7.327,333.843,6903.742,73.719,81.133,1
493,19,74.482,3.431,311.058,479.136,76.151,66.426,0
1399,55,78.949,8.302,326.824,3259.358,85.689,62.1,1
4839,193,86.559,3.072,301.862,3228.597,51.575,48.924,0
1380,55,85.95,9.347,312.413,8762.586,92.852,79.874,1
1446,57,74.809,3.867,321.909,1851.175,76.078,42.699,0
1622,64,83.343,5.225,292.19,8920.313,73.145,76.231,0
4383,175,75.773,5.301,325.245,7454.013,55.213,70.65,0
3239,129,66.367,4.728,327.338,620.284,94.259,62.512,0
5078,203,78.831,4.635,336.476,8727.456,38.529,36.531,0
521,20,77.076,7.19,332.91,3304.219,66.156,70.124,0
291,11,83.452,5.127,311.525,5051.297,59.438,33.568,1
4967,198,89.518,5.836,313.777,5637.454,33.865,39.416,0
695,27,83.613,3.195,332.612,4397.411,51.897,55.283,0
4321,172,82.472,5.63,323.834,6653.897,90.444,64.302,0
3729,149,73.37,4.69,349.18,8923.059,77.865,67.374,0
1387,55,85.242,8.476,330.302,6500.715,85.21,56.551,1
1622,64,83.343,5.225,292.19,8920.313,73.145,76.231,0
4397,175,62.935,3.074,312.098,60.002,56.496,29.248,0
134,5,64.711,1.986,314.196,2077.819,39.871,50.09,0
5721,228,83.855,4.788,310.591,8582.016,76.001,61.634,0
277,11,79.59,3.846,308.112,4133.708,55.755,52.287,0
1129,45,76.685,4.787,324.084,8230.015,86.115,58.343,1
3922,156,65.442,4.188,309.691,1528.838,76.086,52.834,0
735,29,73.535,3.576,309.515,4589.491,44.565,48.767,0
5974,238,91.638,5.09,316.399,4947.461,45.243,48.993,0
2776,111,86.241,5.232,293.089,8763.022,85.73,33.444,1
444,17,70.268,4.871,353.694,3672.771,93.014,53.211,0
1136,45,68.872,2.902,315.528,2527.374,85.664,29.187,0
3331,133,83.96,7.141,290.703,8870.445,59.545,46.752,1
5099,203,73.435,4.798,311.548,8589.517,43.937,57.004,0
1615,64,76.033,3.882,313.272,2428.692,73.744,57.587,0
2613,104,80.083,5.749,322.106,5547.434,33.834,61.648,1
3544,141,72.46,3.949,330.996,5631.337,34.701,43.004,0
4005,160,79.126,5.314,307.017,4566.643,100.0,64.423,0
4342,173,82.362,3.878,319.317,989.664,31.398,57.902,0
2107,84,101.573,6.885,294.814,8828.918,52.204,54.678,1
2480,99,87.88,2.571,320.913,1995.195,31.81,77.658,0
5134,205,72.692,5.596,307.194,5803.984,32.886,81.132,0
5397,215,66.399,1.997,335.138,1009.516,51.323,54.212,0
2701,108,74.154,3.776,315.586,6619.098,99.353,39.59,0
5972,238,97.933,5.915,311.527,7034.306,47.699,98.383,1
1191,47,85.585,6.178,306.873,8603.945,30.348,59.788,1
4791,191,83.418,6.23,339.361,7341.183,64.482,64.868,0
5403,216,66.1,2.509,334.215,748.361,56.238,65.984,0
3498,139,70.354,3.463,322.3,4929.506,64.397,67.149,0
4194,167,70.364,3.004,324.732,1509.208,40.642,60.375,0
349,13,86.277,2.862,327.043,1040.524,98.502,79.996,0
4960,198,93.493,6.212,344.926,8463.761,35.688,64.712,0
4175,167,66.52,3.475,321.547,1440.084,53.442,75.33,0
3589,143,75.197,3.126,333.042,2475.821,72.325,65.753,0
3595,143,81.65,3.25,334.726,4496.376,59.803,79.533,0
1125,45,75.756,4.056,326.32,5664.439,85.865,78.937,0
4970,198,99.064,6.134,315.086,8654.997,31.404,27.939,0
3242,129,64.342,4.878,316.828,627.203,77.276,40.768,0
3765,150,75.135,2.902,322.388,1523.165,99.003,59.515,0
1147,45,71.027,3.102,338.425,2301.139,91.444,62.205,0
3883,155,54.308,4.17,319.413,1186.907,88.273,67.332,0
1514,60,79.067,6.087,343.167,7540.736,36.84,66.326,0
4506,180,75.673,3.344,336.066,2745.833,72.058,73.404,0
198,7,78.35,6.228,319.69,5375.383,46.908,63.33,0
843,33,97.173,5.92,319.541,757.604,97.527,62.969,0
1396,55,75.835,6.992,327.129,1810.336,87.661,63.364,0
2626,105,84.832,6.801,304.936,8850.973,86.295,66.127,0
5103,204,71.472,5.394,272.394,4295.409,52.699,80.766,0
34,1,78.115,1.975,314.988,1067.352,59.717,51.398,0
3404,136,84.039,4.21,298.843,2629.5,35.389,41.191,0
257,10,88.003,6.385,317.729,8470.907,57.809,68.768,0
2499,99,91.502,2.871,316.504,3732.77,31.471,54.676,0
1920,76,80.087,3.501,351.73,4743.98,83.625,66.942,0
1134,45,71.606,3.157,312.062,3474.293,90.651,57.777,0
2976,119,92.961,3.776,320.615,6296.039,35.838,56.999,0
2291,91,84.396,5.727,309.977,2774.984,29.351,72.302,0
1628,65,82.837,4.115,315.411,4917.128,87.911,62.175,0
3806,152,69.32,4.043,288.821,1715.958,65.226,61.332,0
1538,61,82.692,3.37,305.123,1650.506,98.205,65.959,0
5797,231,88.174,4.668,329.639,6261.496,55.204,57.224,0
1594,63,76.912,3.982,297.966,5032.704,48.956,70.602,0
5955,238,87.132,4.322,318.686,3576.311,39.715,49.271,0
1128,45,75.971,3.775,315.79,4468.883,93.25,64.931,0
5658,226,93.784,6.921,324.283,4804.51,79.797,68.393,1
377,15,92.763,7.415,311.259,8659.693,78.372,67.02,1
36,1,84.988,3.536,311.1,5398.285,69.657,71.593,0
652,26,83.106,6.136,310.197,8982.895,32.566,52.948,0
4267,170,63.953,2.237,309.446,625.708,100.0,50.375,0
1502,60,75.572,5.151,323.137,3309.289,30.363,44.412,0
1776,71,85.273,5.008,344.452,8216.061,44.307,54.616,0
4134,165,72.769,4.694,301.37,6131.382,87.86,57.616,0
218,8,68.333,2.753,315.791,2121.903,70.74,50.356,0
3326,133,80.431,5.534,305.971,6148.243,50.412,62.075,0
2623,104,82.298,5.263,309.181,5833.145,34.813,52.019,0
1128,45,75.971,3.775,315.79,4468.883,93.25,64.931,0
5409,216,78.478,3.979,325.512,7063.353,47.519,79.126,0
2438,97,70.272,3.799,330.918,141.579,47.434,50.407,0
1849,73,99.151,5.126,299.611,7348.113,92.606,57.251,1
4200,168,87.06,7.439,337.639,4394.737,74.857,56.74,0
5039,201,95.703,6.17,344.083,8426.037,33.377,46.763,0
1462,58,87.395,3.858,287.402,4059.85,73.999,52.686,0
873,34,103.768,6.529,304.152,4232.763,44.149,58.583,0
5733,229,83.688,6.209,309.537,8442.258,62.059,66.677,0
2723,108,79.17,3.65,268.148,6255.449,96.263,51.653,0
3277,131,73.832,5.853,333.771,1100.833,53.022,65.14,0
2846,113,74.136,1.486,300.876,1708.833,63.104,69.605,0
4841,193,95.14,5.229,326.331,8530.222,56.587,69.751,1
2732,109,94.786,4.761,305.18,8412.962,44.998,53.186,0
4476,179,84.943,7.207,310.534,8129.533,98.507,58.912,0
3229,129,72.916,7.38,316.312,5781.211,89.97,49.273,0
560,22,76.92,5.054,318.883,5778.203,77.812,68.38,0
3100,124,73.487,2.259,327.822,1237.684,25.364,64.209,0
5040,201,91.314,5.09,330.749,6490.421,36.027,60.156,0
3247,129,68.163,5.014,315.114,1678.077,97.631,55.82,0
2588,103,90.473,5.929,305.019,1898.488,39.009,58.661,0
176,7,70.335,5.288,325.897,869.575,46.681,64.797,0
4254,170,75.075,4.082,314.455,7813.381,87.713,56.872,0
2588,103,90.473,5.929,305.019,1898.488,39.009,58.661,0
2092,83,76.38,4.184,323.682,1721.032,47.0,22.512,0
2478,99,88.193,2.723,307.38,1896.768,30.229,51.222,0
2702,108,77.382,2.801,332.11,3015.424,95.486,47.78,0
2226,89,82.487,6.091,344.382,8174.213,37.838,55.271,0
1850,74,69.746,5.664,310.765,1886.824,77.975,78.794,0
2854,114,71.394,2.847,320.023,3162.865,51.383,54.343,0
280,11,80.962,5.112,306.487,5114.338,50.555,37.967,0
1447,57,86.157,5.357,303.262,5875.572,70.375,79.569,1
2806,112,74.498,4.369,312.987,3103.22,91.636,67.942,0
5255,210,70.543,4.788,361.363,4993.852,69.076,64.284,0
2724,108,70.474,2.443,289.393,1578.813,80.922,60.875,0
3403,136,93.13,5.202,322.19,8619.018,21.224,61.619,0
5350,214,89.249,3.165,333.012,1865.589,90.485,52.1,0
4680,187,92.868,3.477,329.775,3600.433,82.057,61.53,0
4292,171,59.872,2.246,309.54,803.915,29.352,35.464,0
3838,153,93.34,4.235,322.671,6639.119,59.611,58.842,0
3647,145,77.98,4.071,354.457,4341.286,72.178,31.506,0
1271,50,82.572,4.49,286.983,2983.059,48.016,53.407,0
931,37,79.66,4.826,324.465,3484.976,78.254,67.78,0
301,12,85.842,4.268,321.546,6654.405,51.379,49.629,0
642,25,69.672,3.418,309.382,677.16,71.124,43.103,0
3828,153,91.25,5.412,315.928,8011.541,57.506,56.931,0
3771,150,81.495,3.976,295.397,6021.309,100.0,73.976,0
260,10,92.416,5.568,311.474,7588.033,59.892,63.955,0
4950,198,96.908,5.438,363.99,8412.636,31.095,64.92,0
2813,112,80.948,6.034,308.858,6863.489,88.334,51.301,0
3315,132,74.793,2.834,342.614,2285.862,75.363,34.638,0
494,19,79.817,5.432,339.595,4254.769,73.442,64.791,0
5071,202,84.473,6.168,329.022,8248.751,46.673,46.824,0
564,22,78.905,5.556,332.641,6899.786,65.909,54.119,0
1395,55,84.395,8.94,325.186,7445.266,82.563,32.705,1
2864,114,68.575,2.49,312.295,90.977,51.796,50.678,0
3074,122,86.079,6.176,315.787,7267.545,46.17,49.188,0
3258,130,73.794,4.409,303.442,5960.43,44.084,69.4,0
5601,224,80.317,2.956,329.282,2701.383,26.125,82.97,0
255,10,88.673,4.613,316.334,4848.46,63.804,39.108,0
4140,165,66.353,3.644,343.084,630.999,78.587,62.264,0
2741,109,90.088,3.516,306.505,3679.841,63.767,41.732,0
4694,187,89.029,2.145,302.626,2284.727,93.073,66.062,1
4109,164,86.716,5.835,326.622,1760.891,48.639,53.724,0
4695,187,86.151,2.158,345.428,2762.029,92.179,67.356,0
5085,203,70.394,4.718,325.812,8650.002,43.334,69.193,0
4565,182,90.983,4.055,320.599,5172.26,59.263,40.703,0
925,37,87.806,5.962,302.525,8658.879,83.696,66.645,1
3302,132,82.814,4.336,339.221,5509.665,81.294,59.513,0
4550,182,87.127,4.065,326.051,817.342,62.363,59.078,0
4552,182,89.589,5.719,310.443,6130.312,56.778,75.176,0
5512,220,82.3,3.566,321.093,3036.131,26.967,40.105,0
2691,107,98.743,6.104,354.043,7655.777,62.068,75.315,1
39,1,80.11,3.755,305.437,4781.924,54.937,74.495,0
4354,174,75.997,6.899,315.024,3798.761,33.348,58.515,0
1804,72,64.57,4.713,294.877,4520.475,44.229,67.728,0
4016,160,75.941,5.51,312.135,5386.741,92.084,61.14,0
285,11,86.841,4.953,304.974,6389.584,56.167,75.834,0
2427,97,74.585,5.813,323.864,3329.703,64.591,60.468,0
3907,156,70.589,4.373,306.384,2606.393,86.94,54.059,0
861,34,100.261,5.82,302.898,4722.455,44.651,57.499,0
2025,81,75.175,3.474,317.585,5709.148,27.684,61.257,0
966,38,63.003,5.59,330.051,6685.7,71.784,58.245,0
5323,212,81.509,3.27,296.677,5190.094,92.766,74.645,0
4552,182,89.589,5.719,310.443,6130.312,56.778,75.176,0
3919,156,71.424,3.929,330.176,1519.157,85.351,80.781,0
3215,128,83.086,5.707,313.322,8639.236,55.922,53.113,0
5858,234,70.842,3.894,329.371,3152.662,57.38,51.567,0
1618,64,83.111,3.9,328.435,5869.642,75.584,79.566,0
4263,170,76.648,4.08,318.046,8925.926,96.836,54.247,0
626,25,74.15,3.921,309.667,5247.67,89.141,78.009,0
3842,153,84.817,2.216,345.168,1346.086,44.819,65.419,0
1309,52,100.644,6.523,307.524,8388.688,82.995,50.768,1
40,1,90.079,4.206,314.955,8787.767,46.257,64.174,0
5403,216,66.1,2.509,334.215,748.361,56.238,65.984,0
1816,72,71.246,6.11,315.255,8073.804,40.062,59.069,0
5959,238,98.819,6.89,296.415,8131.288,48.326,69.635,0
4148,165,62.847,2.574,310.54,1360.039,81.916,71.032,0
4129,165,66.79,3.642,314.024,2375.61,81.825,49.8,0
4134,165,72.769,4.694,301.37,6131.382,87.86,57.616,0
5963,238,90.913,5.094,312.584,5004.029,42.227,56.708,0
1445,57,83.882,5.602,335.319,6199.432,70.523,53.073,1
5953,238,96.533,5.515,324.226,6603.133,31.405,54.617,0
2073,82,72.658,5.23,322.182,8317.163,48.388,39.156,0
643,25,77.7,5.387,317.893,7751.773,73.439,70.669,0
5460,218,94.336,6.97,309.892,5543.54,79.93,50.346,1
650,26,66.74,3.291,334.662,949.676,33.892,46.27,0
2933,117,80.746,4.23,315.127,2313.809,90.935,62.884,0
4907,196,70.405,4.927,322.394,1955.177,59.779,55.902,0
1787,71,84.382,5.458,325.315,6939.913,35.902,64.609,0
4335,173,93.638,5.745,317.281,6652.137,38.319,48.8,0
3932,157,70.505,4.305,317.929,1324.32,32.394,52.319,0
4192,167,73.405,5.492,328.816,7105.294,53.816,67.781,0
1027,41,106.941,6.111,309.44,4873.715,46.675,54.138,0
4258,170,64.625,2.045,328.11,1920.896,88.9,31.71,0
4953,198,83.942,3.754,339.794,2343.291,37.121,49.256,0
945,37,79.132,3.466,310.508,965.939,81.743,70.682,0
5735,229,72.011,3.17,300.369,667.013,68.148,61.626,0
5679,227,79.015,6.692,310.526,8498.728,31.845,39.096,0
2043,81,75.047,4.006,323.4,5924.387,34.544,66.174,0
5717,228,78.927,2.653,315.278,3225.209,67.925,77.348,0
5607,224,90.2,4.284,312.428,6306.955,36.989,72.246,0
758,30,69.761,4.624,331.06,7850.957,82.558,63.608,0
4435,177,76.438,4.474,319.244,6076.625,93.811,43.397,0
5738,229,82.735,5.487,335.233,7032.224,59.613,49.93,0
4794,191,73.228,6.191,341.08,3928.277,64.12,73.745,0
926,37,85.347,6.788,322.45,7118.955,76.281,58.462,0
2641,105,81.291,4.47,313.764,4535.475,75.194,57.83,0
3491,139,75.556,3.626,317.747,4967.645,70.666,45.267,0
2482,99,97.611,4.121,343.96,8688.082,41.216,75.489,0
2566,102,74.529,4.095,315.489,3394.605,100.0,65.595,0
648,25,75.498,4.178,324.245,3443.131,68.751,62.985,0
35,1,88.801,3.211,337.078,6155.415,58.051,55.39,0
1961,78,89.621,3.245,331.002,3800.404,72.527,69.193,0
2714,108,78.851,5.108,318.832,8807.732,93.178,68.122,0
3590,143,81.211,3.385,344.242,4021.13,71.608,52.105,0
5717,228,78.927,2.653,315.278,3225.209,67.925,77.348,0
633,25,68.729,2.735,315.694,43.789,76.479,61.131,0
2349,93,94.426,6.59,321.895,7846.443,50.191,44.407,1
5099,203,73.435,4.798,311.548,8589.517,43.937,57.004,0
4817,192,97.017,5.54,316.68,8299.718,45.157,59.393,0
709,28,79.207,4.652,303.024,2862.637,90.003,69.044,0
4139,165,62.836,2.788,310.151,1028.574,77.195,62.067,0
633,25,68.729,2.735,315.694,43.789,76.479,61.131,0
5622,224,83.952,2.405,336.264,2369.64,28.299,54.757,0
1621,64,83.144,4.792,308.381,6266.838,73.156,66.525,0
3746,149,75.907,4.885,306.856,6918.552,77.703,63.455,0
2882,115,80.775,5.199,319.169,6083.531,66.625,52.522,0
3129,125,80.603,5.509,327.83,5327.599,81.608,67.554,1
1411,56,71.982,5.741,314.163,7041.901,65.511,65.158,0
2434,97,66.435,4.052,330.589,552.072,57.893,47.308,0
1829,73,101.271,5.035,321.515,8209.741,91.096,52.338,1
3829,153,88.455,3.379,326.877,5158.943,54.351,50.696,0
2712,108,73.516,2.918,312.647,3269.808,96.502,66.02,0
3637,145,71.388,4.067,343.511,2935.895,64.635,41.847,0
3295,131,81.605,8.045,315.498,8445.854,54.722,60.665,0
4092,163,84.756,4.776,290.238,605.76,43.082,51.838,0
5835,233,67.771,2.138,333.778,499.908,87.833,74.354,0
3262,130,75.389,5.478,328.211,8944.288,47.404,56.796,0
3340,133,81.357,5.772,318.092,6040.615,57.85,38.224,0
3826,153,88.548,3.012,319.978,5614.01,59.214,51.112,0
3342,133,83.879,7.548,310.801,8075.324,54.286,83.372,0
2648,105,83.345,5.083,320.428,5266.867,91.874,58.442,0
1556,62,71.038,4.564,327.22,6425.106,62.606,57.619,0
3293,131,85.834,8.247,323.778,6371.72,54.665,66.181,1
1557,62,71.431,4.399,323.007,5994.255,68.072,74.302,0
4024,160,80.036,6.579,328.368,7556.409,100.0,39.053,0
5272,210,67.008,4.157,309.48,2815.644,64.451,57.609,0
4641,185,68.679,6.736,319.493,1438.938,77.443,50.918,0
4578,183,68.654,2.117,344.87,885.83,48.9,58.846,0
1402,56,64.458,2.25,325.701,872.387,73.809,53.24,0
252,10,79.886,3.629,288.039,697.61,70.094,54.451,0
1380,55,85.95,9.347,312.413,8762.586,92.852,79.874,1
3558,142,92.091,3.52,333.961,4428.994,60.87,59.079,0
848,33,95.285,5.651,294.795,1728.036,95.475,56.801,0
676,27,90.244,4.525,325.434,8236.591,57.874,55.658,1
5976,239,96.804,4.221,331.308,1900.641,97.969,92.543,1
2425,97,78.736,6.638,294.69,6330.425,48.304,60.429,0
386,15,91.979,6.929,315.96,7055.293,65.914,71.259,1
3124,124,80.202,4.389,290.429,6255.855,33.059,45.561,0
4232,169,87.021,2.201,332.154,1494.047,53.604,27.937,0
2854,114,71.394,2.847,320.023,3162.865,51.383,54.343,0
918,36,80.48,5.101,289.698,4180.503,74.211,56.971,0
3160,126,86.894,4.015,325.905,4976.329,89.95,67.07,0
446,17,70.28,3.8,292.428,1504.888,96.571,62.246,0
4377,175,66.028,2.252,312.208,824.767,58.464,54.616,0
5608,224,91.595,4.847,316.034,7817.365,44.325,62.394,0
270,10,80.371,4.77,290.937,2441.915,73.329,56.109,0
3561,142,98.899,4.23,292.326,5445.93,70.645,41.799,0
4873,194,81.028,3.902,309.922,3406.048,68.891,42.557,0
3923,156,76.635,6.442,299.032,6363.048,84.647,58.18,0
1010,40,90.172,2.915,332.997,2910.493,44.727,46.834,0
436,17,64.216,2.828,306.663,405.414,91.093,33.118,0
2848,113,74.669,1.811,301.956,90.223,57.067,70.122,0
284,11,82.419,5.207,301.154,5093.929,67.543,59.6,0
4937,197,85.243,4.409,313.92,4537.81,81.955,56.813,0
3176,127,63.354,3.832,328.481,1240.494,60.679,73.476,0
2021,80,74.621,4.837,345.85,5400.153,100.0,59.647,0
4525,181,90.966,7.24,298.217,7404.274,42.12,47.917,1
1416,56,72.71,3.79,332.91,6776.326,67.254,53.977,0
3149,125,78.799,6.478,329.705,5825.434,80.309,61.038,0
3093,123,90.378,5.556,330.9,8803.304,56.006,55.861,0
684,27,89.759,3.589,309.158,6732.264,55.475,56.459,0
4650,186,70.389,2.561,310.717,29.967,61.461,62.894,0
4245,169,96.351,4.967,319.657,7152.036,56.712,59.832,0
1349,53,88.08,4.384,312.373,2436.225,100.0,75.569,0
2753,110,64.0,4.715,294.265,6550.827,70.359,60.41,0
1968,78,80.252,1.742,348.314,574.013,68.966,56.674,0
5604,224,81.171,2.808,308.563,2135.599,27.774,51.524,0
4112,164,98.104,7.378,318.39,8102.175,51.742,66.601,1
5619,224,82.379,2.425,303.262,1793.093,27.172,68.632,0
4516,180,83.464,4.515,318.986,6248.396,77.712,53.154,0
4589,183,71.393,3.645,316.618,3402.241,54.736,66.477,0
1970,78,89.803,4.142,300.971,6191.446,68.417,69.764,0
4973,198,87.46,4.876,337.354,5149.917,45.165,66.392,0
2215,88,52.665,2.07,313.854,814.351,78.379,58.729,0
4831,193,81.678,2.177,298.037,325.678,52.821,51.237,0
4273,170,63.922,1.794,308.475,405.942,87.027,69.864,0
3103,124,77.589,2.634,331.308,669.964,32.72,59.637,0
1147,45,71.027,3.102,338.425,2301.139,91.444,62.205,0
3689,147,70.563,3.111,314.013,2666.194,29.565,74.214,0
3848,153,89.901,3.915,306.284,5739.812,57.779,54.149,0
4180,167,77.97,5.447,329.541,7976.67,45.378,63.772,0
416,16,81.661,4.474,327.833,8249.946,53.621,81.189,0
1595,63,77.999,4.075,333.368,6590.804,44.347,64.73,0
3458,138,72.06,5.561,328.993,7356.338,33.192,62.373,0
5006,200,74.027,2.931,324.996,604.586,29.875,80.158,0
1502,60,75.572,5.151,323.137,3309.289,30.363,44.412,0
5377,215,80.164,4.467,303.7,8471.944,52.831,62.312,0
5831,233,81.167,4.349,311.008,7458.489,79.728,60.747,0
632,25,75.908,3.728,334.832,2837.533,79.853,60.105,0
4343,173,86.064,3.224,315.192,2202.599,33.21,34.858,0
2598,103,101.159,8.095,309.166,5974.07,33.788,67.925,0
937,37,83.396,4.747,337.688,4044.911,79.937,45.183,1
1440,57,83.784,5.097,292.484,3888.029,59.758,64.248,0
2440,97,74.375,6.087,308.409,4793.861,60.05,50.637,0
93,3,84.058,5.882,300.897,6673.815,85.253,74.593,0
4201,168,87.502,8.538,338.463,6564.329,66.064,53.959,0
2839,113,74.013,2.427,331.012,641.054,71.606,100.0,0
2336,93,91.946,5.675,285.774,4319.271,44.983,52.708,0
5094,203,62.793,2.429,295.396,1462.981,49.757,45.94,0
5747,229,76.983,3.824,307.507,1964.12,71.83,86.148,0
2849,113,82.939,4.227,327.472,4864.103,62.196,58.708,0
1971,78,90.511,4.006,311.184,5209.381,64.207,59.751,0
3714,148,75.834,3.504,315.852,2382.213,76.631,45.009,0
2635,105,82.987,6.353,304.55,6262.678,96.268,50.279,0
5329,213,86.385,8.405,326.671,7510.202,83.92,57.156,0
1842,73,98.411,3.386,331.135,6563.273,97.168,57.069,0
883,35,65.606,4.154,299.991,3803.556,88.022,58.413,0
62,2,78.27,4.878,313.103,8119.766,55.043,71.915,0
1147,45,71.027,3.102,338.425,2301.139,91.444,62.205,0
644,25,69.607,3.57,323.274,1872.516,66.89,62.519,0
5407,216,76.951,3.979,335.22,4698.762,50.624,68.855,0
4148,165,62.847,2.574,310.54,1360.039,81.916,71.032,0
3595,143,81.65,3.25,334.726,4496.376,59.803,79.533,0
5620,224,83.032,1.5,347.344,1601.162,32.49,56.864,0
3835,153,87.628,3.472,328.738,4625.12,58.354,57.088,0
4265,170,76.512,4.92,305.528,8781.65,80.561,58.719,1
1112,44,71.371,2.392,318.679,368.657,56.306,64.638,0
1841,73,103.19,4.858,332.97,8083.804,79.566,63.562,0
3833,153,88.118,2.531,332.29,2206.182,49.301,68.372,0
4928,197,86.432,3.644,295.841,5192.402,89.329,56.61,0
1829,73,101.271,5.035,321.515,8209.741,91.096,52.338,1
2839,113,74.013,2.427,331.012,641.054,71.606,100.0,0
1829,73,101.271,5.035,321.515,8209.741,91.096,52.338,1
1844,73,97.849,3.983,315.941,7018.245,100.0,76.266,0
3581,143,84.12,5.422,337.88,8565.453,64.722,62.378,0
5425,217,83.176,7.337,308.197,7687.407,84.16,77.985,1
5842,233,69.62,3.235,316.445,2898.646,79.342,38.145,0
3510,140,88.474,5.028,354.098,4563.629,66.268,50.7,1
161,6,74.176,4.357,286.168,3261.229,89.702,66.243,0
1784,71,84.107,6.511,319.952,6647.733,36.594,56.711,0
4016,160,75.941,5.51,312.135,5386.741,92.084,61.14,0
5487,219,67.754,3.737,314.542,1971.497,65.802,49.065,0
977,39,78.851,6.219,299.761,6112.788,29.576,59.733,0
4848,193,77.201,1.561,348.119,49.212,51.713,51.8,0
5198,207,70.098,6.806,320.132,4414.521,50.014,25.351,0
633,25,68.729,2.735,315.694,43.789,76.479,61.131,0
5394,215,76.36,4.502,332.009,5321.055,56.49,69.222,0
3645,145,79.365,5.06,309.324,6460.641,78.239,59.199,0
4967,198,89.518,5.836,313.777,5637.454,33.865,39.416,0
4135,165,75.228,5.251,278.222,8823.738,77.257,50.046,0
4145,165,72.541,5.378,317.801,7533.599,72.864,45.522,0
5148,205,76.599,5.101,336.427,5179.705,31.935,46.124,0
4508,180,82.278,4.059,306.008,7448.403,79.011,49.697,0
2642,105,76.882,2.587,328.537,256.798,76.706,38.458,0
2530,101,79.457,6.834,332.024,8291.046,100.0,56.401,1
5761,230,73.266,2.776,330.2,1447.345,43.748,47.122,0
1650,66,81.917,5.337,323.815,7327.164,48.486,60.237,0
2493,99,87.792,2.486,327.069,1742.294,38.947,66.544,0
954,38,52.497,3.76,339.036,2561.737,82.4,64.514,0
2262,90,88.046,3.457,315.657,3276.107,72.894,43.956,0
3609,144,67.975,3.916,336.937,5550.048,51.387,53.214,0
1293,51,77.049,7.856,334.808,7050.045,91.985,49.126,0
2719,108,69.514,3.014,336.44,3266.12,85.415,54.725,0
3774,150,82.929,3.681,305.771,5433.507,100.0,53.239,0
2561,102,81.867,4.475,300.951,7532.142,97.497,43.289,0
4471,178,87.766,2.503,318.446,725.566,38.778,64.558,0
3166,126,77.869,2.35,320.962,256.57,82.944,66.503,1
2111,84,95.479,5.437,304.465,5665.159,32.392,55.609,0
4345,173,97.083,5.844,321.384,6917.29,26.62,24.428,0
3383,135,60.067,5.731,301.879,5167.405,100.0,53.834,0
2835,113,68.554,1.711,315.369,176.315,54.876,67.764,0
1127,45,72.236,4.385,308.278,4884.911,90.53,46.958,0
5951,238,93.765,5.263,316.646,5943.863,37.027,57.09,0
1178,47,88.864,5.791,306.138,8611.228,42.452,57.568,0
2553,102,81.073,5.912,323.887,6622.949,100.0,76.852,0
3624,144,73.992,4.867,289.303,7364.161,40.949,49.935,0
5579,223,81.289,4.758,305.012,6204.031,90.204,55.058,0
1951,78,95.16,4.687,290.504,8301.209,69.676,52.375,0
737,29,71.01,2.463,337.677,1159.15,25.022,57.295,0
4266,170,70.979,3.005,346.662,3607.279,91.655,67.15,0
5670,226,88.113,5.742,327.566,1892.04,77.241,66.749,0
2836,113,81.384,3.425,317.952,3344.502,63.768,58.491,0
5978,239,107.26,6.528,304.377,7899.644,91.765,47.184,0
2076,83,80.542,4.765,308.7,2507.834,46.206,39.59,0
5210,208,81.51,2.867,318.729,2957.825,54.055,53.959,0
15,0,94.702,5.92,307.256,6384.209,90.938,58.34,0
4147,165,63.759,3.472,303.337,2592.252,72.57,60.826,0
5260,210,70.078,3.74,318.886,3112.954,65.024,67.238,0
1823,72,76.647,5.832,294.446,8957.2,50.24,66.02,0
4971,198,91.617,5.194,324.028,4711.879,43.859,67.289,0
3674,146,68.636,2.655,332.535,885.302,36.508,51.34,0
2058,82,62.577,2.753,307.265,518.119,47.543,47.996,0
272,10,80.017,3.831,312.579,2227.115,57.902,60.482,0
4045,161,80.265,4.55,314.421,4459.73,29.49,53.805,0
2490,99,84.516,1.869,318.024,877.751,35.578,35.803,0
3334,133,81.36,6.154,334.553,8293.23,58.855,51.493,0
1345,53,95.99,6.432,323.103,7501.678,100.0,50.947,1
109,4,72.563,2.829,309.629,724.609,48.717,53.021,0
649,25,67.248,3.509,327.307,1107.874,61.254,41.58,0
3924,156,66.987,5.32,337.122,3274.438,69.682,58.281,0
876,35,75.359,4.965,347.104,7418.891,85.506,51.774,0
1913,76,74.112,2.535,325.821,4839.906,87.475,44.626,0
3638,145,76.432,4.591,305.771,4364.675,69.67,65.441,0
1748,69,94.745,8.291,338.72,7375.44,77.757,62.823,1
2905,116,71.906,6.548,327.073,5877.482,100.0,50.282,0
2654,106,71.077,6.157,314.438,6873.604,79.534,73.909,0
4558,182,83.503,2.443,325.884,445.406,59.599,39.414,0
2631,105,77.555,5.231,319.239,3881.77,82.429,45.045,0
1831,73,87.138,1.845,311.895,843.096,77.974,40.77,0
5948,237,79.721,4.046,310.175,3062.339,57.604,55.232,0
1166,46,79.775,4.562,324.587,4510.548,83.955,59.327,0
3923,156,76.635,6.442,299.032,6363.048,84.647,58.18,0
3847,153,79.263,2.368,338.706,631.14,58.454,48.238,0
2375,95,110.375,5.218,306.501,5514.74,79.947,45.229,1
4431,177,70.518,2.959,324.878,1021.678,85.171,52.795,0
4468,178,97.25,4.866,302.879,6819.887,38.36,51.288,0
2944,117,77.368,3.246,322.369,144.685,100.0,71.336,0
2089,83,80.064,4.225,316.213,654.82,47.151,76.232,0
723,28,73.273,2.485,313.906,810.415,84.231,48.825,0
5098,203,70.093,3.544,323.009,5326.521,41.884,55.438,0
5925,237,80.798,4.406,307.281,5091.18,59.329,52.121,0
1825,73,93.638,2.891,314.784,3060.151,88.741,67.152,0
2057,82,71.511,5.283,337.018,6903.635,49.435,52.686,1
3974,158,93.511,4.174,334.917,5738.994,58.559,61.211,0
4562,182,91.21,5.416,328.335,4346.164,65.604,37.533,0
4965,198,89.106,4.928,291.2,4478.65,27.722,45.972,0
4518,180,80.444,3.753,311.619,4576.623,61.012,47.51,0
4149,165,67.098,3.539,314.158,2651.926,90.199,38.831,0
3843,153,83.688,3.096,324.286,4465.947,42.956,77.454,0
55,2,72.275,3.31,320.096,4162.858,51.886,79.68,0
3037,121,82.374,2.529,333.846,607.289,54.764,58.328,0
4270,170,65.726,1.388,304.43,1202.147,90.352,47.98,0
1953,78,88.062,3.943,326.798,3626.001,74.738,65.38,0
1566,62,64.641,3.351,321.425,1791.431,49.004,63.361,0
2658,106,57.866,3.966,316.506,1930.555,72.044,59.316,0
3335,133,83.836,6.108,323.29,7394.953,62.957,59.517,0
43,1,81.556,2.93,328.911,4005.103,43.898,66.297,0
4463,178,98.493,5.365,326.126,6818.723,43.188,83.99,0
4270,170,65.726,1.388,304.43,1202.147,90.352,47.98,0
1445,57,83.882,5.602,335.319,6199.432,70.523,53.073,1
1584,63,83.079,5.684,330.238,8325.827,45.886,45.746,0
1184,47,81.236,6.617,337.579,7352.18,23.801,35.561,0
2649,105,77.307,4.654,316.632,2622.377,92.953,44.891,0
5733,229,83.688,6.209,309.537,8442.258,62.059,66.677,0
2583,103,94.389,6.87,300.51,3853.397,32.116,68.733,0
5500,220,81.883,4.257,331.086,3351.774,29.5,59.203,0
1251,50,89.638,6.956,290.709,7239.055,51.614,65.885,0
1517,60,69.323,4.305,318.911,1609.125,27.121,52.042,0
3094,123,84.221,4.289,318.809,6753.404,48.412,33.729,0
1031,41,106.313,5.38,324.507,4775.812,38.481,68.686,0
723,28,73.273,2.485,313.906,810.415,84.231,48.825,0
4127,165,73.704,4.825,311.373,5515.196,90.577,53.923,0
2297,91,83.918,4.748,311.94,1878.981,50.97,56.669,0
4246,169,92.654,2.177,332.346,2123.515,65.507,62.252,0
1454,58,88.137,3.016,314.708,3952.553,74.655,58.359,0
1937,77,72.699,2.942,325.945,3124.53,92.571,53.155,0
5342,213,76.508,6.343,302.439,1532.678,76.58,57.84,0
3592,143,80.666,3.588,318.559,4697.836,61.103,60.936,0
824,32,91.733,3.484,315.217,3074.397,57.493,57.477,0
2708,108,73.679,3.178,340.928,4667.716,77.652,63.395,0
676,27,90.244,4.525,325.434,8236.591,57.874,55.658,1
415,16,71.815,2.421,314.154,2433.055,59.104,76.138,0
3492,139,71.991,3.52,315.479,5158.535,61.678,56.691,0
706,28,83.317,6.068,307.088,6998.072,99.995,54.815,0
1415,56,60.854,2.551,324.436,1130.079,57.9,48.275,0
484,19,76.516,3.65,309.069,1822.018,82.741,58.105,0
701,28,73.72,3.932,323.955,3484.725,89.608,37.332,0
2828,113,86.623,5.577,339.614,8768.688,59.952,45.399,0
1137,45,74.536,3.884,346.727,5050.554,93.799,75.3,0
1995,79,88.86,3.449,328.647,5493.389,78.722,72.07,0
2799,111,78.805,3.26,315.389,1880.434,74.314,33.589,0
1296,51,66.21,5.174,283.077,2307.193,87.467,41.958,0
931,37,79.66,4.826,324.465,3484.976,78.254,67.78,0
996,39,81.629,7.041,295.756,6134.679,25.288,45.711,0
5613,224,80.206,2.66,318.91,1446.069,36.193,60.876,0
2366,94,65.121,3.23,312.545,2345.445,100.0,43.532,0
2844,113,83.666,4.159,330.641,6903.116,58.079,67.061,0
4466,178,92.569,4.19,317.582,2827.753,46.047,59.81,0
4580,183,72.592,2.57,319.054,3213.604,57.551,63.565,0
4213,168,87.367,7.399,299.113,6404.427,79.426,62.406,0
5333,213,71.651,5.414,309.811,1038.427,82.612,58.905,0
3252,130,61.978,3.59,326.034,1440.35,41.524,41.171,0
1138,45,63.702,2.656,315.02,107.622,88.75,57.295,0
3812,152,73.644,4.561,317.223,2800.776,68.346,53.454,0
2837,113,71.856,1.878,295.345,239.971,66.985,38.061,0
4859,194,87.795,4.614,287.128,8442.536,63.247,59.985,0
1524,60,79.953,6.069,310.664,7958.885,26.33,54.366,0
4142,165,62.3,2.548,333.732,566.053,77.028,66.796,0
41,1,79.91,3.452,320.002,4754.715,50.947,47.801,0
2537,101,82.289,7.13,301.059,7409.445,97.018,49.277,1
2337,93,90.725,6.404,349.305,7285.062,37.273,63.962,1
643,25,77.7,5.387,317.893,7751.773,73.439,70.669,0
4765,190,75.448,2.912,306.062,2614.188,76.262,54.842,0
4830,193,80.791,2.228,314.305,1276.612,59.777,60.477,0
1600,64,80.836,4.585,319.065,6110.204,64.917,66.524,0
4284,171,62.345,1.496,339.662,806.577,37.68,62.085,0
5388,215,76.944,5.622,314.618,7022.144,59.355,40.708,0
3592,143,80.666,3.588,318.559,4697.836,61.103,60.936,0
2476,99,96.207,4.558,317.89,8341.907,28.01,60.941,0
4168,166,90.805,4.714,323.926,8181.767,34.927,59.138,0
2594,103,89.91,7.908,315.801,3867.043,50.017,66.459,0
3571,142,94.075,4.703,322.447,8581.558,65.925,56.853,0
4043,161,84.685,5.255,314.553,8817.812,32.489,40.446,0
1863,74,64.863,5.438,297.236,571.153,83.267,70.969,0
4052,162,75.572,3.598,294.608,244.688,40.801,57.302,0
3096,123,73.467,3.339,296.949,365.839,61.2,45.482,0
3641,145,77.758,3.98,343.544,3757.564,73.496,69.31,0
1844,73,97.849,3.983,315.941,7018.245,100.0,76.266,0
4450,178,100.409,5.467,323.891,7584.667,50.12,59.869,0
1012,40,92.43,2.868,335.26,3712.831,48.789,50.517,0
2992,119,91.637,4.527,308.868,6340.991,44.541,73.25,0
3248,129,73.427,7.162,335.434,4272.512,87.628,50.214,0
37,1,88.16,4.901,304.63,7465.268,44.744,46.874,0
4610,184,88.002,5.939,330.757,2718.99,37.813,62.481,0
3388,135,63.924,7.033,313.084,8072.538,99.69,45.821,0
551,22,68.742,3.975,326.527,817.0,85.625,65.138,0
4973,198,87.46,4.876,337.354,5149.917,45.165,66.392,0
4274,170,76.668,4.103,318.592,8707.702,90.329,79.455,0
5415,216,74.673,3.662,306.591,3261.833,54.489,62.49,0
4164,166,80.307,3.277,318.739,2098.609,36.477,65.806,0
3087,123,86.316,6.292,307.972,8757.672,73.539,39.713,0
4587,183,76.18,4.384,337.247,7182.771,55.265,44.92,0
2434,97,66.435,4.052,330.589,552.072,57.893,47.308,0
2800,112,77.966,6.444,326.514,5189.341,83.389,100.0,0
2429,97,70.654,5.464,320.966,2283.55,71.002,51.694,0
2121,84,98.888,5.955,316.466,7925.592,30.143,57.585,1
5617,224,77.729,2.062,326.451,2346.522,36.03,53.575,0
3093,123,90.378,5.556,330.9,8803.304,56.006,55.861,0
3096,123,73.467,3.339,296.949,365.839,61.2,45.482,0
2497,99,92.705,3.745,343.538,5097.877,28.416,38.032,0
2139,85,80.485,3.559,333.061,4543.718,85.687,52.347,0
1494,59,82.805,4.072,309.929,8401.67,94.381,61.486,0
5650,226,92.36,6.957,318.997,4326.314,77.428,42.093,0
4382,175,74.574,3.796,331.035,5139.834,65.948,60.039,0
2994,119,93.472,3.873,329.446,7200.679,39.179,58.867,0
3653,146,73.502,3.942,327.24,3166.744,27.754,34.705,0
4951,198,81.153,4.498,316.933,209.847,37.095,49.189,0
2479,99,100.382,4.909,320.27,8796.137,22.687,58.724,0
1829,73,101.271,5.035,321.515,8209.741,91.096,52.338,1
2954,118,71.25,3.117,310.377,3138.882,96.481,78.469,0
2854,114,71.394,2.847,320.023,3162.865,51.383,54.343,0
4873,194,81.028,3.902,309.922,3406.048,68.891,42.557,0
5360,214,87.979,3.269,322.003,1322.616,88.98,61.236,0
5075,203,68.519,2.174,309.916,2291.157,52.667,62.037,0
4199,167,69.32,3.871,324.561,5134.041,44.966,75.037,0
3240,129,68.257,5.789,318.357,2380.437,85.417,68.292,0
1186,47,84.933,5.406,320.423,6386.899,16.996,57.802,0
5558,222,78.601,2.406,342.868,804.423,58.724,66.977,0
5025,201,94.854,5.938,303.265,7484.096,47.149,65.837,1
3236,129,75.248,6.985,326.967,6062.865,91.761,58.558,0
4468,178,97.25,4.866,302.879,6819.887,38.36,51.288,0
5382,215,76.383,4.765,327.529,6501.212,59.485,69.057,0
1957,78,89.024,2.752,324.052,4065.932,69.088,73.482,0
3579,143,73.292,2.597,327.588,3387.292,58.634,48.912,0
5731,229,84.739,6.137,319.34,7195.06,59.707,50.695,0
1442,57,84.859,5.94,309.236,5414.847,73.546,56.109,0
1021,40,82.983,2.085,335.981,1007.861,56.042,51.582,0
5652,226,101.433,9.407,322.806,7891.448,76.976,58.337,1
5159,206,83.29,3.591,326.865,4257.097,60.551,75.301,0
274,10,89.096,6.227,318.467,7705.833,68.389,51.491,1
3592,143,80.666,3.588,318.559,4697.836,61.103,60.936,0
3971,158,88.82,3.618,338.714,4640.854,69.955,56.767,1
4328,173,88.527,5.106,274.688,3089.517,28.483,71.991,0
3831,153,93.724,3.745,340.13,7794.452,47.552,50.774,0
3475,139,73.833,3.401,322.789,4023.825,65.523,53.297,0
3761,150,87.086,4.872,328.266,6762.257,81.129,59.058,0
3838,153,93.34,4.235,322.671,6639.119,59.611,58.842,0
639,25,79.055,4.832,318.529,8011.067,77.839,40.811,1
1178,47,88.864,5.791,306.138,8611.228,42.452,57.568,0
1838,73,88.145,2.078,330.659,119.509,91.988,84.637,0
5521,220,83.685,3.213,320.559,284.786,33.539,28.914,0
2868,114,79.796,4.513,329.112,8599.088,52.659,60.331,0
3825,153,91.821,5.028,301.989,7194.661,54.954,73.697,0
5758,230,74.348,3.22,304.157,5684.116,50.402,63.862,0
676,27,90.244,4.525,325.434,8236.591,57.874,55.658,1
1279,51,65.258,4.603,313.468,1033.129,82.195,56.428,0
1827,73,96.343,4.568,309.398,7610.237,88.385,65.845,0
5426,217,79.339,5.638,337.954,4433.779,91.707,46.573,0
4330,173,91.444,5.201,342.02,4886.203,35.579,61.576,0
909,36,74.638,2.654,295.546,123.036,76.162,63.86,0
466,18,73.235,6.105,329.477,4662.935,57.156,74.83,0
1147,45,71.027,3.102,338.425,2301.139,91.444,62.205,0
5417,216,64.921,2.266,329.658,1413.867,44.981,48.123,0
2709,108,73.36,2.821,309.291,3081.51,96.474,49.14,0
5098,203,70.093,3.544,323.009,5326.521,41.884,55.438,0
4968,198,93.054,5.301,316.715,5182.913,34.346,64.818,0
5747,229,76.983,3.824,307.507,1964.12,71.83,86.148,0
3331,133,83.96,7.141,290.703,8870.445,59.545,46.752,1
1752,70,89.807,1.734,294.993,345.281,49.726,33.645,0
3155,126,92.242,4.529,327.511,7532.027,85.949,73.021,1
5347,213,81.281,8.007,310.445,7044.626,100.0,58.063,1
5638,225,73.641,2.019,298.091,556.404,100.0,57.974,0
2599,103,93.208,8.36,290.893,6591.231,40.789,76.801,1
3032,121,80.565,1.936,324.449,729.564,53.978,67.724,0
4617,184,89.516,7.054,314.726,4385.021,31.783,70.822,0
2597,103,93.566,9.535,310.383,7793.526,48.721,64.95,1
1517,60,69.323,4.305,318.911,1609.125,27.121,52.042,0
1817,72,60.074,4.053,313.155,2969.788,45.112,62.459,0
2985,119,87.675,3.463,328.681,6281.192,35.636,69.797,0
1514,60,79.067,6.087,343.167,7540.736,36.84,66.326,0
4511,180,77.942,4.006,310.048,4431.89,76.081,64.543,0
4105,164,88.117,5.985,304.995,2895.644,48.87,48.694,0
5572,222,89.302,4.202,298.064,6623.871,51.268,60.504,0
4453,178,94.476,4.234,320.547,3313.139,52.272,57.13,0
2839,113,74.013,2.427,331.012,641.054,71.606,100.0,0
1254,50,89.595,5.24,321.743,4336.458,48.884,64.111,0
1508,60,76.593,5.048,316.301,4914.841,28.997,59.871,0
5278,211,83.168,5.647,316.529,8034.901,43.802,46.533,0
3912,156,70.928,7.094,304.732,7797.301,82.131,51.51,1
690,27,80.7,3.532,335.452,3759.934,50.19,49.397,0
3079,123,84.671,4.888,329.612,6547.321,40.09,51.568,0
4515,180,81.934,4.55,336.037,6325.677,75.86,39.037,1
4678,187,99.726,3.489,325.898,6964.899,100.0,55.022,0
4953,198,83.942,3.754,339.794,2343.291,37.121,49.256,0
5407,216,76.951,3.979,335.22,4698.762,50.624,68.855,0
3008,120,77.595,4.267,312.299,6133.058,39.939,49.329,0
4106,164,83.486,5.142,321.741,192.836,35.627,60.909,0
492,19,83.292,6.133,319.32,6315.88,80.73,61.94,1
4045,161,80.265,4.55,314.421,4459.73,29.49,53.805,0
3157,126,80.735,3.913,338.65,3974.746,97.924,56.231,0
1401,56,58.919,3.297,311.372,388.247,64.427,53.646,0
1606,64,76.001,2.908,300.593,1851.879,70.166,60.065,0
4268,170,72.232,4.601,308.835,7560.343,76.869,57.56,0
1447,57,86.157,5.357,303.262,5875.572,70.375,79.569,1
2301,92,62.944,1.334,345.893,389.495,72.245,75.938,0
2494,99,95.983,3.539,312.438,5124.827,40.981,39.538,0
4503,180,80.659,3.268,285.252,4318.291,76.108,37.51,1
1280,51,73.038,5.985,293.779,4489.314,90.448,51.529,0
555,22,72.853,5.587,313.45,3974.732,81.995,35.941,0
1256,50,88.909,5.593,323.272,4436.944,47.091,65.992,1
4295,171,65.296,1.622,320.743,1435.592,27.014,73.85,0
289,11,77.574,3.285,329.398,3800.151,55.654,56.76,0
3386,135,57.282,5.804,304.505,4594.31,99.583,76.896,0
3089,123,82.478,4.996,307.106,5479.092,57.778,65.099,0
2488,99,87.191,2.85,302.994,1936.757,31.457,64.179,0
2351,94,63.268,3.038,344.385,69.82,98.411,68.205,0
3317,132,71.987,3.092,297.76,591.178,80.283,53.743,0
357,14,82.961,4.013,349.553,3500.487,81.151,55.868,0
2086,83,85.477,4.695,308.373,2749.086,43.758,71.176,0
2697,107,94.568,5.738,306.037,3258.387,67.596,46.361,0
945,37,79.132,3.466,310.508,965.939,81.743,70.682,0
3233,129,75.634,5.809,310.84,4131.815,92.468,68.572,0
1968,78,80.252,1.742,348.314,574.013,68.966,56.674,0
408,16,68.602,2.66,309.849,2303.796,49.018,37.334,0
883,35,65.606,4.154,299.991,3803.556,88.022,58.413,0
2140,85,85.851,4.155,300.342,5448.565,79.512,54.052,0
4047,161,89.342,4.25,314.484,7502.598,40.421,53.793,0
4642,185,80.563,7.959,308.33,3766.513,85.363,45.445,1
3030,121,89.247,5.404,299.145,7507.1,33.492,82.331,0
280,11,80.962,5.112,306.487,5114.338,50.555,37.967,0
3755,150,84.265,5.578,348.654,8530.835,95.537,49.941,1
5395,215,78.171,4.759,319.493,5853.272,62.383,63.698,0
291,11,83.452,5.127,311.525,5051.297,59.438,33.568,1
2355,94,70.088,3.087,294.836,3824.961,100.0,61.169,0
82,3,87.493,5.446,324.032,7117.941,79.148,56.591,1
3586,143,80.57,4.48,326.238,6677.106,60.691,70.155,1
685,27,78.591,1.565,316.581,873.913,50.473,79.863,0
5612,224,87.176,4.441,325.533,7546.109,39.186,50.261,0
2639,105,75.026,4.904,310.984,2589.892,81.945,54.159,0
3842,153,84.817,2.216,345.168,1346.086,44.819,65.419,0
2149,85,79.676,3.911,308.555,3894.373,87.114,39.036,0
2228,89,76.642,4.803,319.532,2724.717,47.245,66.145,0
44,1,88.945,4.472,323.262,8275.309,54.104,60.876,0
5091,203,69.025,4.228,324.71,6318.748,36.403,56.582,0
1713,68,73.049,2.311,303.279,2784.618,65.837,60.77,0
1582,63,83.778,5.657,328.922,8755.406,45.298,52.319,1
2437,97,84.195,7.483,326.533,7740.818,57.733,63.993,1
1257,50,85.303,5.647,328.019,5002.604,57.882,71.222,0
1974,78,94.706,5.753,315.374,7807.869,77.785,54.038,1
1827,73,96.343,4.568,309.398,7610.237,88.385,65.845,0
5829,233,78.806,3.535,343.145,6550.387,69.972,58.134,0
5163,206,77.212,2.477,319.51,1321.663,58.377,62.364,0
1829,73,101.271,5.035,321.515,8209.741,91.096,52.338,1
4952,198,88.765,4.639,308.913,3877.849,36.716,77.09,0
262,10,76.785,3.59,339.42,859.388,70.015,52.949,0
3540,141,73.626,3.212,335.422,3650.488,33.028,50.971,0
5085,203,70.394,4.718,325.812,8650.002,43.334,69.193,0
1428,57,87.979,6.141,340.021,8634.808,67.418,44.624,0
1127,45,72.236,4.385,308.278,4884.911,90.53,46.958,0
4595,183,71.771,3.327,339.889,4299.606,53.852,53.603,0
4011,160,79.652,6.803,291.943,7678.309,100.0,71.726,1
5820,232,80.102,6.725,319.617,8975.329,66.082,62.485,0
1114,44,70.623,3.124,335.47,1432.969,56.09,65.294,0
1003,40,101.533,4.621,321.449,8820.172,52.114,68.173,0
299,11,81.285,3.738,320.115,3598.076,58.803,58.195,0
2102,84,96.834,5.642,310.869,6816.248,30.9,69.15,1
283,11,83.025,3.789,297.269,2490.199,50.515,39.712,0
3826,153,88.548,3.012,319.978,5614.01,59.214,51.112,0
625,25,74.34,3.945,324.596,3303.616,81.938,57.542,0
2841,113,79.022,1.09,314.472,1492.118,43.655,55.041,0
3162,126,78.856,2.717,298.866,240.186,81.406,53.201,0
626,25,74.15,3.921,309.667,5247.67,89.141,78.009,0
4194,167,70.364,3.004,324.732,1509.208,40.642,60.375,0
5959,238,98.819,6.89,296.415,8131.288,48.326,69.635,0
2580,103,97.166,8.595,300.881,7744.982,36.19,45.777,0
3181,127,68.635,5.039,321.033,4633.685,52.385,77.656,0
2490,99,84.516,1.869,318.024,877.751,35.578,35.803,0
5881,235,66.16,2.766,311.086,3060.23,50.696,69.395,0
4985,199,66.927,3.145,316.404,281.61,39.013,63.395,0
5761,230,73.266,2.776,330.2,1447.345,43.748,47.122,0
2573,102,71.516,3.082,308.149,2551.823,100.0,98.139,0
2016,80,71.111,2.847,298.245,2200.339,100.0,47.708,0
74,2,72.89,1.942,331.56,1765.899,42.424,55.321,0
530,21,85.023,4.25,323.977,6940.609,100.0,60.167,0
5725,229,75.249,4.842,293.033,3942.691,59.366,72.937,0
3610,144,76.097,5.229,317.49,8026.758,53.386,51.92,0
2823,112,79.119,6.356,308.963,5373.615,87.21,38.366,0
1104,44,74.651,3.768,330.371,3396.504,58.004,78.679,0
5606,224,85.486,4.155,329.394,5628.597,43.286,63.915,0
265,10,83.739,4.22,306.283,2234.191,67.034,72.257,0
4000,160,77.111,5.714,326.918,5226.979,95.84,56.737,0
3668,146,75.052,6.176,320.282,7707.96,43.359,67.917,0
4379,175,79.528,6.028,331.341,8690.499,63.141,60.461,0
4432,177,70.595,3.924,335.503,2398.959,83.673,53.921,0
4136,165,69.403,4.285,304.394,5465.704,74.993,40.341,0
3377,135,63.86,7.587,323.818,8439.518,100.0,55.297,0
2783,111,84.161,4.038,327.946,5675.093,77.84,69.151,0
4660,186,78.837,3.621,340.187,3597.189,60.582,63.563,0
926,37,85.347,6.788,322.45,7118.955,76.281,58.462,0
1830,73,97.227,3.081,299.301,4726.883,86.047,77.289,0
4568,182,81.922,3.846,345.551,1576.297,62.794,54.987,0
5302,212,73.003,1.381,327.367,401.895,96.673,37.1,0
4051,162,78.349,3.732,312.77,3077.507,40.318,27.604,0
287,11,82.748,4.2,317.295,3950.715,65.857,35.304,0
4869,194,72.927,3.195,319.749,1009.465,75.558,67.54,0
5759,230,68.121,2.859,340.717,2335.62,48.096,74.107,0
2854,114,71.394,2.847,320.023,3162.865,51.383,54.343,0
2583,103,94.389,6.87,300.51,3853.397,32.116,68.733,0
2404,96,94.127,7.49,306.55,8531.079,56.961,70.397,0
3750,150,75.747,3.516,311.5,3322.966,100.0,58.593,0
1146,45,69.43,3.295,308.991,2296.978,97.294,52.561,0
930,37,83.039,5.623,330.467,6907.495,67.451,53.17,0
5960,238,85.213,3.197,313.387,385.379,43.008,77.95,0
3082,123,72.405,2.888,349.996,1301.296,54.144,79.514,0
3159,126,82.024,3.203,328.297,3631.764,76.427,40.827,0
1951,78,95.16,4.687,290.504,8301.209,69.676,52.375,0
276,11,79.955,5.136,304.176,5457.019,55.561,47.1,0
396,15,92.081,7.453,297.465,7093.732,73.787,54.657,0
336,13,101.953,5.719,305.086,8862.394,94.558,60.056,1
4258,170,64.625,2.045,328.11,1920.896,88.9,31.71,0
4564,182,86.434,4.103,305.424,2084.96,65.054,45.748,0
5673,226,97.262,7.789,301.738,5048.557,76.213,66.909,1
5890,235,70.223,3.047,294.486,2799.707,39.574,78.632,0
1032,41,105.082,5.149,351.399,3764.863,39.517,67.665,0
63,2,83.993,5.412,302.021,8933.01,53.072,52.69,0
4178,167,66.273,2.958,310.926,2638.562,42.783,72.228,0
1854,74,72.077,6.177,334.96,6337.28,82.195,52.192,0
5463,218,92.577,7.326,296.872,5937.043,77.985,62.929,1
3033,121,87.253,2.396,335.632,3115.31,55.999,70.223,0
2806,112,74.498,4.369,312.987,3103.22,91.636,67.942,0
2708,108,73.679,3.178,340.928,4667.716,77.652,63.395,0
1963,78,95.178,5.932,303.322,7763.097,73.657,58.515,0
3490,139,64.686,1.017,323.985,97.506,74.824,46.741,0
1259,50,81.624,5.265,311.673,4736.14,46.734,73.219,0
5853,234,76.113,6.03,333.396,7816.058,57.214,52.719,0
4682,187,92.257,3.622,295.947,7585.885,89.463,55.457,0
5016,200,87.577,4.287,302.487,7358.113,42.511,79.199,0
5623,224,80.729,1.284,314.374,1094.753,38.155,85.727,0
4173,166,91.392,5.425,337.295,8531.346,28.773,55.477,1
5387,215,68.558,3.857,316.604,3495.734,62.773,68.206,0
4395,175,67.359,3.263,332.045,2725.467,65.743,58.056,0
2921,116,76.753,6.644,306.136,7081.058,98.351,66.539,1
126,5,71.34,3.976,331.489,6388.516,38.954,61.888,0
3165,126,80.287,3.024,299.518,4243.36,86.052,50.55,0
3325,133,87.765,5.595,312.55,8429.145,63.307,71.26,0
4390,175,73.101,4.86,328.091,4878.449,52.291,59.192,0
5096,203,64.787,2.133,328.997,1864.25,42.575,63.329,0
3889,155,64.238,6.212,314.756,5584.283,100.0,60.836,0
628,25,66.119,3.308,316.865,241.443,81.684,45.017,0
637,25,75.095,4.798,315.054,4520.042,68.255,58.141,0
5107,204,77.966,5.294,313.041,5738.225,39.494,73.412,1
5214,208,81.782,4.803,316.759,6383.141,60.602,60.987,0
2625,105,79.71,3.819,321.146,2775.636,76.959,74.759,0
437,17,79.534,6.895,307.336,7903.372,95.854,74.299,1
691,27,85.73,3.901,313.131,4530.04,48.356,49.119,0
734,29,71.777,2.719,298.742,3062.283,36.551,64.345,0
5413,216,73.375,3.884,312.079,4917.162,61.23,62.181,0
2637,105,79.438,4.557,312.505,5516.354,91.66,64.146,0
2861,114,72.391,4.306,305.583,3718.462,44.702,37.887,0
4745,189,83.336,5.773,326.914,8861.192,87.158,55.376,0
1528,61,78.419,3.003,316.099,2720.61,100.0,55.249,0
3252,130,61.978,3.59,326.034,1440.35,41.524,41.171,0
3589,143,75.197,3.126,333.042,2475.821,72.325,65.753,0
2682,107,99.131,6.057,311.781,6064.242,66.267,42.359,1
801,32,98.477,5.206,308.36,7438.77,58.382,57.106,0
2715,108,76.752,4.794,325.594,7171.735,87.914,56.787,0
710,28,84.585,5.337,331.529,7781.434,96.17,54.536,1
2028,81,77.851,4.637,284.89,8047.693,32.857,45.954,0
2623,104,82.298,5.263,309.181,5833.145,34.813,52.019,0
1271,50,82.572,4.49,286.983,2983.059,48.016,53.407,0
5974,238,91.638,5.09,316.399,4947.461,45.243,48.993,0
4190,167,69.565,3.11,326.685,4305.887,46.192,55.065,0
5559,222,93.847,5.201,327.777,8970.959,56.198,64.12,0
5565,222,80.518,3.171,326.233,1213.513,57.208,48.473,0
1839,73,97.241,3.863,311.622,5676.658,90.692,53.375,0
965,38,57.592,5.967,284.634,6157.054,82.036,64.73,1
5962,238,87.156,5.817,299.716,4486.252,37.653,80.168,0
3110,124,79.077,5.285,322.046,5292.109,32.52,47.442,0
4142,165,62.3,2.548,333.732,566.053,77.028,66.796,0
5091,203,69.025,4.228,324.71,6318.748,36.403,56.582,0
2270,90,82.288,2.322,320.769,651.733,61.223,57.101,0
3639,145,70.989,3.683,323.184,2382.388,73.065,34.025,0
1929,77,78.016,2.612,314.147,6142.53,99.55,52.005,0
1425,57,84.91,6.192,307.747,7972.89,68.506,63.229,1
254,10,87.87,5.834,314.141,6052.828,69.893,59.29,0
1509,60,74.85,5.634,311.945,6018.31,28.358,69.832,0
1592,63,74.318,4.223,318.586,3988.882,41.64,70.291,0
4453,178,94.476,4.234,320.547,3313.139,52.272,57.13,0
3175,127,70.337,4.792,312.499,4597.729,60.781,88.48,0
4549,181,86.555,6.621,310.09,5823.005,45.017,52.714,0
1838,73,88.145,2.078,330.659,119.509,91.988,84.637,0
1399,55,78.949,8.302,326.824,3259.358,85.689,62.1,1
3588,143,82.573,3.51,313.224,5130.261,67.501,68.435,0
1728,69,94.144,7.696,315.381,5504.254,73.988,71.397,1
4468,178,97.25,4.866,302.879,6819.887,38.36,51.288,0
2525,101,78.987,5.513,324.281,5074.431,98.216,86.664,1
1826,73,88.684,2.343,317.068,2690.509,94.452,58.567,0
4467,178,98.067,5.541,326.384,6880.727,46.118,58.085,0
1267,50,91.263,5.94,326.316,8841.367,42.096,70.633,0
4345,173,97.083,5.844,321.384,6917.29,26.62,24.428,0
2581,103,88.278,6.741,324.732,2092.439,30.424,55.498,0
619,24,60.185,3.772,321.122,1180.95,92.876,50.08,0
3879,155,63.656,5.847,309.675,4760.23,97.076,55.985,0
3779,151,78.582,7.244,300.892,8945.241,83.839,54.087,1
675,27,84.93,3.976,328.503,5224.399,48.467,54.572,0
2853,114,76.005,4.312,310.897,4932.432,51.607,60.478,0
2859,114,69.636,2.366,322.94,529.077,49.883,61.7,0
4326,173,88.71,6.123,299.14,5005.238,32.812,65.599,0
1323,52,102.324,5.648,326.37,7177.028,71.147,68.111,1
3444,137,83.045,4.548,314.611,6479.069,71.604,60.861,0
5963,238,90.913,5.094,312.584,5004.029,42.227,56.708,0
69,2,68.768,3.032,316.777,2169.079,50.743,67.011,0
4327,173,96.065,5.602,308.469,7905.184,26.577,40.814,0
2376,95,109.989,4.459,327.387,7176.586,82.45,58.297,1
3028,121,83.194,1.355,337.794,1087.039,45.475,64.275,0
1829,73,101.271,5.035,321.515,8209.741,91.096,52.338,1
2853,114,76.005,4.312,310.897,4932.432,51.607,60.478,0
3052,122,77.685,5.863,312.71,3830.86,40.823,68.852,0
5435,217,86.676,7.141,315.511,8241.624,83.017,69.497,1
5131,205,74.703,5.233,304.551,5149.774,35.488,59.387,0
5548,221,70.584,4.424,320.462,1507.115,75.82,66.052,0
5752,230,71.777,5.22,294.882,7526.758,50.74,39.506,0
2592,103,103.026,9.238,338.63,8377.745,34.912,40.149,1
4566,182,91.109,4.725,314.451,4208.695,47.517,50.886,0
5312,212,82.735,3.345,341.837,5269.881,95.751,47.82,0
763,30,67.896,3.869,334.13,4209.878,92.677,80.813,0
4348,173,91.716,6.325,340.216,6950.963,26.036,58.379,0
3586,143,80.57,4.48,326.238,6677.106,60.691,70.155,1
1346,53,101.802,5.99,333.482,7357.863,88.47,40.821,0
3904,156,63.508,4.774,306.529,3208.16,80.481,52.229,0
4186,167,64.082,2.55,291.303,532.28,45.483,50.935,0
4012,160,81.223,5.361,329.165,6718.014,96.151,64.339,0
33,1,88.499,4.295,321.828,6602.618,60.317,52.393,0
5488,219,75.925,5.352,318.974,6198.009,37.952,51.208,0
2394,95,102.463,2.509,321.416,2114.449,93.992,57.42,0
4662,186,77.966,3.412,326.366,3620.993,61.614,65.497,0
1066,42,84.315,5.143,317.241,8691.357,37.705,37.165,0
3703,148,91.341,5.74,323.252,8321.144,78.332,60.893,0
326,13,87.944,3.651,304.339,3648.357,97.364,55.164,0
3414,136,77.224,2.663,330.995,832.647,19.008,65.631,0
3992,159,76.704,3.862,299.345,501.387,59.825,46.009,0
2576,103,88.332,6.95,323.475,3877.436,42.431,52.491,0
4331,173,89.288,4.544,337.293,3708.955,42.066,45.372,0
2923,116,75.188,6.518,316.808,6260.366,100.0,44.233,0
309,12,81.006,3.039,314.489,4021.023,48.28,59.443,0
264,10,83.632,3.488,317.129,1615.253,65.106,50.265,0
289,11,77.574,3.285,329.398,3800.151,55.654,56.76,0
2265,90,82.588,2.931,323.706,1557.659,78.487,64.637,0
5529,221,73.629,5.583,321.564,4564.206,79.985,48.15,0
2151,86,84.534,2.708,307.186,1258.005,75.552,58.856,0
4702,188,82.717,2.75,324.563,294.443,40.538,41.003,0
3960,158,88.708,3.903,329.832,5666.062,57.834,64.44,0
4258,170,64.625,2.045,328.11,1920.896,88.9,31.71,0
4016,160,75.941,5.51,312.135,5386.741,92.084,61.14,0
1375,55,88.825,9.892,335.883,8047.861,92.54,65.969,1
5117,204,78.647,5.71,296.467,4507.69,44.774,70.554,0
2703,108,68.73,1.976,315.125,636.983,100.0,73.422,0
5596,223,71.313,4.024,329.042,1143.246,100.0,66.325,0
68,2,67.087,2.335,339.933,2223.601,56.874,65.54,0
743,29,82.656,4.769,314.684,7712.765,38.302,63.117,0
929,37,76.937,2.754,322.108,807.441,78.477,55.146,0
4356,174,75.593,7.865,312.092,6006.505,39.754,75.836,1
691,27,85.73,3.901,313.131,4530.04,48.356,49.119,0
2761,110,58.952,3.001,326.488,696.642,72.665,66.259,0
3146,125,81.856,5.953,343.968,5698.191,81.206,48.24,0
3150,126,77.1,3.587,326.535,2981.309,88.022,73.352,0
1883,75,66.159,6.818,292.487,7825.213,41.248,82.207,1
5223,208,84.586,4.842,307.112,7636.856,66.086,63.631,0
2837,113,71.856,1.878,295.345,239.971,66.985,38.061,0
1194,47,70.796,2.811,337.769,1104.771,32.264,35.326,0
3423,136,86.139,4.821,314.962,7670.869,25.141,61.682,0
716,28,86.277,5.027,303.661,7326.349,88.088,79.146,0
4125,165,67.84,3.308,332.725,3599.191,86.707,61.895,0
1172,46,87.211,4.581,306.135,7904.389,83.651,70.613,0
5316,212,87.626,4.011,298.363,6825.692,80.273,41.525,0
546,21,77.891,2.574,322.75,3734.036,93.886,59.451,0
1969,78,92.201,3.522,325.35,5901.75,68.936,34.259,0
1426,57,84.272,5.618,333.794,5429.605,66.229,87.983,0
3552,142,94.666,3.979,298.585,5851.73,55.383,50.948,0
2635,105,82.987,6.353,304.55,6262.678,96.268,50.279,0
2836,113,81.384,3.425,317.952,3344.502,63.768,58.491,0
2827,113,74.985,2.21,335.64,1741.452,54.192,71.314,0
3808,152,70.094,4.712,292.018,3901.747,55.145,54.714,0
1629,65,82.781,3.834,319.191,3043.002,77.437,46.462,0
2077,83,89.589,6.951,319.102,8601.537,51.942,69.317,0
1617,64,88.184,5.496,305.612,8855.151,62.429,57.72,0
964,38,64.026,6.414,302.963,7645.878,84.646,64.242,1
3848,153,89.901,3.915,306.284,5739.812,57.779,54.149,0
5587,223,78.17,3.466,344.811,2777.996,100.0,61.077,0
5402,216,68.211,2.431,314.493,577.461,40.654,38.197,0
5744,229,73.839,3.832,313.804,1166.095,62.156,59.287,1
697,27,77.372,2.098,315.89,1028.412,54.919,52.66,0
4327,173,96.065,5.602,308.469,7905.184,26.577,40.814,0
505,20,90.325,8.406,294.022,8597.363,68.664,33.426,1
4705,188,78.86,2.768,306.596,1365.146,37.436,85.799,0
4963,198,91.487,5.91,306.188,6651.377,33.396,64.649,1
2976,119,92.961,3.776,320.615,6296.039,35.838,56.999,0
5951,238,93.765,5.263,316.646,5943.863,37.027,57.09,0
2861,114,72.391,4.306,305.583,3718.462,44.702,37.887,0
3328,133,77.044,4.864,316.327,2734.504,50.154,44.503,0
2252,90,85.711,4.292,322.878,3985.736,70.532,58.085,0
4740,189,71.047,3.394,312.391,2973.431,87.394,45.274,0
3488,139,74.629,4.566,308.273,7466.218,82.097,59.573,0
3081,123,83.222,3.847,296.226,4961.068,52.083,40.585,0
2717,108,68.558,2.315,322.712,159.241,94.387,45.924,0
4467,178,98.067,5.541,326.384,6880.727,46.118,58.085,0
479,19,72.068,3.577,308.687,440.725,78.391,28.567,0
3905,156,72.916,6.053,294.738,7669.259,78.455,59.248,1
488,19,74.757,3.848,310.22,1380.041,74.795,66.073,0
1429,57,87.325,6.559,325.146,8594.347,69.609,61.295,0
251,10,84.589,6.277,312.85,6345.848,70.941,53.293,0
3210,128,81.985,5.704,343.181,7775.99,52.784,31.611,0
5618,224,93.094,5.106,307.231,8584.136,27.121,59.687,0
1400,56,71.572,5.339,308.283,6773.835,71.771,63.001,0
719,28,84.888,5.577,308.177,8529.477,99.025,44.352,0
3237,129,69.433,6.088,318.201,3136.387,100.0,61.685,0
125,5,65.903,3.598,326.128,3634.205,38.251,49.018,0
2387,95,103.378,2.809,321.24,965.5,82.767,51.294,0
2821,112,72.35,5.366,328.738,4917.969,97.415,46.186,0
537,21,82.624,5.054,313.269,7306.499,100.0,60.846,0
5279,211,78.714,6.01,323.187,8940.722,43.066,60.835,0
2546,101,73.09,6.734,298.395,5078.309,100.0,77.368,1
3628,145,68.089,2.54,305.352,150.621,67.962,63.357,0
716,28,86.277,5.027,303.661,7326.349,88.088,79.146,0
5758,230,74.348,3.22,304.157,5684.116,50.402,63.862,0
1252,50,78.834,4.089,310.436,27.187,50.86,67.549,0
2867,114,68.338,2.528,352.399,323.721,46.86,77.059,0
630,25,67.143,2.789,314.039,139.767,72.746,46.035,0
1097,43,71.764,3.683,308.132,2342.212,45.622,59.198,0
933,37,87.297,5.942,314.779,8136.922,78.293,66.996,0
2564,102,86.532,5.913,325.412,8998.917,97.163,25.391,0
629,25,67.654,3.159,306.622,2621.001,76.312,43.881,0
2868,114,79.796,4.513,329.112,8599.088,52.659,60.331,0
3504,140,88.934,5.395,324.004,5035.042,67.139,87.437,0
1272,50,89.943,6.306,312.468,6337.846,52.219,63.75,1
4518,180,80.444,3.753,311.619,4576.623,61.012,47.51,0
521,20,77.076,7.19,332.91,3304.219,66.156,70.124,0
3581,143,84.12,5.422,337.88,8565.453,64.722,62.378,0
4689,187,93.609,2.66,304.439,4280.337,99.624,41.377,0
3826,153,88.548,3.012,319.978,5614.01,59.214,51.112,0
29,1,83.811,2.679,324.109,4177.296,59.505,58.659,0
509,20,83.249,6.535,323.907,6733.812,64.338,49.868,1
279,11,90.921,6.468,319.727,8660.739,57.106,65.556,1
894,35,67.03,3.253,323.037,2807.811,95.255,61.607,0
3236,129,75.248,6.985,326.967,6062.865,91.761,58.558,0
5732,229,77.832,5.119,329.204,4352.362,62.258,50.954,0
2476,99,96.207,4.558,317.89,8341.907,28.01,60.941,0
4583,183,74.946,4.469,336.421,6241.405,66.684,51.956,0
1718,68,75.567,2.284,325.531,1660.987,75.208,51.973,0
5804,232,82.945,6.69,317.848,7438.227,67.164,49.521,0
2533,101,71.764,4.449,310.595,1171.757,100.0,56.891,0
1307,52,88.603,3.049,323.161,98.474,83.691,45.075,0
1273,50,91.616,6.789,317.917,8546.861,43.862,64.743,0
733,29,70.097,2.903,337.442,776.383,45.194,44.44,0
579,23,74.014,3.036,334.059,708.974,45.149,58.973,0
5507,220,76.635,2.804,309.606,478.668,28.607,83.095,0
4342,173,82.362,3.878,319.317,989.664,31.398,57.902,0
971,38,63.524,6.503,302.985,7826.046,76.63,38.428,0
3702,148,79.128,2.633,327.992,1114.778,72.9,73.212,0
2862,114,66.559,2.841,290.473,917.911,58.901,43.75,0
478,19,76.064,4.266,292.131,2683.98,76.922,72.406,0
5953,238,96.533,5.515,324.226,6603.133,31.405,54.617,0
1511,60,79.851,5.078,321.332,6937.654,19.505,77.548,0
3578,143,75.656,2.893,315.463,2474.646,56.488,56.221,0
2438,97,70.272,3.799,330.918,141.579,47.434,50.407,0
3033,121,87.253,2.396,335.632,3115.31,55.999,70.223,0
5960,238,85.213,3.197,313.387,385.379,43.008,77.95,0
4513,180,82.527,4.672,307.157,8469.119,87.137,52.693,0
1514,60,79.067,6.087,343.167,7540.736,36.84,66.326,0
4260,170,72.392,3.344,304.978,5707.863,83.492,76.345,0
2863,114,77.451,4.147,323.237,3761.406,52.5,58.467,0
1514,60,79.067,6.087,343.167,7540.736,36.84,66.326,0
3429,137,70.641,1.453,310.78,117.908,55.907,72.342,0
1504,60,74.882,4.495,307.443,3427.821,37.89,64.512,0
4693,187,83.643,2.361,295.842,846.583,88.741,76.645,0
1879,75,55.717,4.815,322.347,1270.382,45.643,42.611,0
664,26,84.339,5.609,330.368,7914.66,45.522,39.825,1
5083,203,66.552,3.135,337.124,2499.089,48.566,47.102,0
1145,45,78.696,4.208,308.437,7328.66,88.411,59.479,0
4269,170,74.688,3.259,318.839,6048.154,85.618,56.305,0
5096,203,64.787,2.133,328.997,1864.25,42.575,63.329,0
4352,174,80.939,8.117,291.672,7920.84,36.934,50.734,1
5657,226,97.967,7.68,306.832,7437.968,79.864,82.573,0
1722,68,79.028,3.443,328.763,4462.498,63.837,58.332,0
2485,99,93.309,3.392,310.122,4332.304,25.642,72.906,0
3912,156,70.928,7.094,304.732,7797.301,82.131,51.51,1
768,30,70.99,3.834,303.907,5147.489,97.126,47.91,0
5954,238,86.823,5.184,338.635,3702.091,32.471,58.244,0
4027,161,78.197,4.101,312.339,5204.363,16.562,75.56,0
4148,165,62.847,2.574,310.54,1360.039,81.916,71.032,0
3604,144,67.791,3.801,315.221,5524.817,68.502,65.896,0
3090,123,77.355,3.769,300.735,3053.239,58.46,72.107,0
1300,52,99.732,6.347,332.153,7096.535,80.177,68.291,0
687,27,86.1,3.791,320.83,7215.582,55.486,69.435,0
1609,64,74.773,2.548,300.473,559.965,61.987,64.801,0
205,8,76.097,3.256,322.458,2992.801,59.948,44.465,0
3846,153,89.693,5.04,327.848,6786.534,54.863,57.907,0
1250,50,92.111,6.257,335.861,7735.574,41.108,76.985,0
5447,217,73.263,5.048,307.313,2218.693,73.461,68.633,0
696,27,80.286,3.46,306.337,5483.809,57.458,47.722,0
2056,82,59.806,2.974,310.306,155.531,42.154,48.694,0
5075,203,68.519,2.174,309.916,2291.157,52.667,62.037,0
3842,153,84.817,2.216,345.168,1346.086,44.819,65.419,0
2671,106,59.03,3.636,317.788,474.462,81.399,72.78,0
4380,175,70.379,4.876,322.052,5861.679,43.862,58.522,0
2625,105,79.71,3.819,321.146,2775.636,76.959,74.759,0
1090,43,78.714,5.349,327.47,6462.617,45.052,50.604,0
5880,235,68.258,2.668,319.814,3065.702,54.791,64.458,0
5121,204,71.372,5.263,330.308,2080.701,45.653,80.815,0
4393,175,71.444,4.226,333.117,5055.963,54.577,43.897,0
1826,73,88.684,2.343,317.068,2690.509,94.452,58.567,0
3095,123,74.486,3.962,315.275,3677.451,36.446,51.375,0
629,25,67.654,3.159,306.622,2621.001,76.312,43.881,0
262,10,76.785,3.59,339.42,859.388,70.015,52.949,0
5623,224,80.729,1.284,314.374,1094.753,38.155,85.727,0
2702,108,77.382,2.801,332.11,3015.424,95.486,47.78,0
1431,57,80.15,5.153,323.166,4110.201,77.574,76.185,0
4583,183,74.946,4.469,336.421,6241.405,66.684,51.956,0
3236,129,75.248,6.985,326.967,6062.865,91.761,58.558,0
4044,161,81.577,3.956,332.562,5014.363,43.505,46.559,0
693,27,78.31,3.701,324.435,4818.147,46.652,51.267,1
2822,112,76.288,4.708,316.833,2748.932,100.0,65.079,0
2641,105,81.291,4.47,313.764,4535.475,75.194,57.83,0
1878,75,59.397,5.813,301.422,3814.821,40.197,49.965,0
1225,49,75.816,2.878,318.924,85.148,87.8,51.754,0
5135,205,74.542,4.332,310.365,2629.989,26.845,61.372,0
4417,176,76.69,5.41,331.789,5625.558,59.113,75.956,0
3487,139,64.504,1.187,328.895,65.675,67.906,51.582,0
1748,69,94.745,8.291,338.72,7375.44,77.757,62.823,1
3909,156,62.096,5.167,315.276,822.368,76.628,50.558,0
2647,105,74.291,3.206,298.776,727.057,97.833,64.852,0
22,0,93.636,5.187,297.655,3989.205,96.446,68.191,0
3844,153,93.834,4.271,337.891,8040.478,49.178,52.743,0
4091,163,96.654,6.572,315.914,8434.604,45.82,38.817,1
5738,229,82.735,5.487,335.233,7032.224,59.613,49.93,0
4821,192,96.471,5.325,308.783,8240.161,41.478,46.092,0
550,22,71.296,3.997,335.977,1365.555,80.277,57.488,0
2019,80,66.893,2.886,333.582,1365.534,98.033,62.056,0
274,10,89.096,6.227,318.467,7705.833,68.389,51.491,1
435,17,72.323,4.157,320.764,1064.549,93.867,47.356,0
2864,114,68.575,2.49,312.295,90.977,51.796,50.678,0
1391,55,77.796,7.901,302.831,2012.798,84.866,49.488,1
356,14,84.778,4.792,312.885,5089.735,91.912,43.978,0
3874,154,66.62,5.377,330.696,381.27,50.999,66.562,0
5452,218,90.94,7.072,325.149,4679.024,89.314,54.362,1
4812,192,94.341,5.271,298.315,6795.5,53.648,48.536,0
295,11,83.769,5.348,309.348,6738.14,58.533,58.698,0
1915,76,68.557,1.497,332.305,1577.767,79.247,66.613,0
261,10,82.577,5.025,302.59,4073.701,75.22,77.357,0
2708,108,73.679,3.178,340.928,4667.716,77.652,63.395,0
5601,224,80.317,2.956,329.282,2701.383,26.125,82.97,0
1281,51,61.653,4.517,304.109,879.779,93.481,51.508,0
4378,175,71.583,4.438,309.968,5993.833,55.778,74.5,0
3053,122,73.698,4.919,307.898,3484.698,35.17,73.993,0
3212,128,76.4,3.586,333.196,4797.741,45.272,75.052,0
4897,195,77.488,9.032,327.465,4802.504,53.828,61.739,1
1971,78,90.511,4.006,311.184,5209.381,64.207,59.751,0
2110,84,97.961,6.053,322.026,7853.416,37.014,63.077,1
4393,175,71.444,4.226,333.117,5055.963,54.577,43.897,0
943,37,84.617,4.882,307.31,4903.027,81.043,78.694,1
691,27,85.73,3.901,313.131,4530.04,48.356,49.119,0
2645,105,74.155,4.029,308.888,843.512,84.518,62.079,0
2590,103,90.181,6.254,312.091,1907.047,45.815,58.187,0
1953,78,88.062,3.943,326.798,3626.001,74.738,65.38,0
1608,64,82.121,5.284,304.776,8505.255,79.656,82.455,1
5208,208,77.753,4.345,327.38,3554.4,56.956,68.159,0
2644,105,84.468,6.471,308.661,6454.609,84.02,46.185,0
1967,78,86.604,2.562,307.481,1877.752,70.741,63.191,0
4579,183,68.093,1.732,323.89,2018.623,53.161,73.889,0
4967,198,89.518,5.836,313.777,5637.454,33.865,39.416,0
4254,170,75.075,4.082,314.455,7813.381,87.713,56.872,0
5742,229,78.857,4.417,313.842,2109.728,60.018,48.814,0
826,33,105.452,7.082,302.395,6819.366,92.797,66.808,0
2827,113,74.985,2.21,335.64,1741.452,54.192,71.314,0
4691,187,95.101,3.834,318.292,5818.783,93.42,42.904,0
5821,232,73.03,5.891,320.445,6625.869,64.211,54.774,0
1339,53,88.547,4.759,316.219,2712.69,95.905,47.011,0
4432,177,70.595,3.924,335.503,2398.959,83.673,53.921,0
1396,55,75.835,6.992,327.129,1810.336,87.661,63.364,0
2598,103,101.159,8.095,309.166,5974.07,33.788,67.925,0
4462,178,98.256,5.32,309.499,7085.286,37.773,70.497,0
4523,180,81.541,3.805,328.024,4464.245,77.388,63.196,0
319,12,79.233,3.576,318.862,4080.056,66.699,67.054,0
1611,64,81.091,4.172,324.716,4685.276,76.717,55.646,0
5740,229,81.392,6.04,309.031,7394.579,68.851,60.957,1
3542,141,67.185,2.454,292.56,1147.337,33.049,53.983,0
3589,143,75.197,3.126,333.042,2475.821,72.325,65.753,0
1611,64,81.091,4.172,324.716,4685.276,76.717,55.646,0
2833,113,76.733,1.54,317.311,1489.417,59.579,46.248,0
1728,69,94.144,7.696,315.381,5504.254,73.988,71.397,1
937,37,83.396,4.747,337.688,4044.911,79.937,45.183,1
1835,73,98.659,4.555,296.706,8564.509,91.428,60.671,0
3421,136,83.526,3.494,331.751,2661.348,26.072,60.479,0
3230,129,71.549,4.544,312.294,1819.81,99.762,52.701,0
3232,129,73.338,6.13,315.349,5726.424,83.442,45.072,0
2315,92,65.076,1.846,304.806,1023.165,85.473,53.752,0
2801,112,74.55,5.039,305.402,3814.661,87.079,55.545,0
5136,205,82.092,5.737,294.21,8113.814,23.634,49.234,0
5435,217,86.676,7.141,315.511,8241.624,83.017,69.497,1
5378,215,74.343,4.686,304.018,5428.046,57.575,70.237,0
1507,60,73.125,3.486,336.541,1929.666,19.712,44.818,0
3911,156,74.568,6.574,301.191,8427.153,74.357,52.827,1
4518,180,80.444,3.753,311.619,4576.623,61.012,47.51,0
2138,85,85.099,4.573,321.949,8171.378,84.149,38.041,0
2952,118,72.31,3.426,308.228,4803.013,92.317,23.097,0
5047,201,90.319,3.419,302.814,2815.507,35.631,39.731,0
4258,170,64.625,2.045,328.11,1920.896,88.9,31.71,0
4348,173,91.716,6.325,340.216,6950.963,26.036,58.379,0
561,22,82.485,6.5,315.357,8414.853,74.518,62.06,0
294,11,77.847,3.576,305.644,2930.333,58.885,67.212,0
4189,167,67.542,3.291,335.424,3459.198,51.557,65.629,0
3577,143,82.184,3.529,356.836,5538.022,65.772,53.994,0
1149,45,67.289,3.459,310.432,2985.977,96.185,54.338,0
29,1,83.811,2.679,324.109,4177.296,59.505,58.659,0
1508,60,76.593,5.048,316.301,4914.841,28.997,59.871,0
3845,153,87.736,2.774,345.495,3542.359,43.867,51.205,0
2442,97,78.579,6.478,323.798,5122.498,62.376,52.205,0
4004,160,80.404,5.523,324.726,6037.208,100.0,61.748,0
1053,42,69.583,3.414,323.427,1573.584,44.652,23.36,0
4000,160,77.111,5.714,326.918,5226.979,95.84,56.737,0
706,28,83.317,6.068,307.088,6998.072,99.995,54.815,0
5373,214,103.099,4.83,330.564,8687.264,88.528,59.097,1
1613,64,82.179,4.901,336.681,7927.225,64.931,78.404,0
29,1,83.811,2.679,324.109,4177.296,59.505,58.659,0
4650,186,70.389,2.561,310.717,29.967,61.461,62.894,0
2065,82,67.517,4.829,305.02,5490.453,38.09,49.323,0
2643,105,76.269,4.775,304.492,4256.777,80.943,48.107,0
958,38,53.009,3.546,320.755,1651.512,76.2,56.797,0
1379,55,91.705,8.849,279.991,8601.733,83.855,65.189,1
2608,104,71.007,4.286,312.465,968.388,34.464,62.103,0
1849,73,99.151,5.126,299.611,7348.113,92.606,57.251,1
3091,123,74.39,3.413,321.601,796.06,53.572,48.003,0
1685,67,85.057,3.576,305.596,4749.301,60.498,38.294,0
2804,112,82.736,6.663,311.99,7631.463,80.602,56.351,0
214,8,84.195,4.149,328.913,7329.081,64.987,60.339,0
3087,123,86.316,6.292,307.972,8757.672,73.539,39.713,0
3690,147,67.108,2.565,329.687,1828.971,39.545,30.7,0
5380,215,68.058,2.66,333.639,624.691,52.189,54.829,0
4325,173,93.593,3.854,331.417,3806.601,29.186,40.773,0
550,22,71.296,3.997,335.977,1365.555,80.277,57.488,0
2447,97,80.814,6.622,331.885,8173.703,54.164,62.022,0
4499,179,86.489,6.831,344.288,5093.726,88.336,68.481,0
4331,173,89.288,4.544,337.293,3708.955,42.066,45.372,0
295,11,83.769,5.348,309.348,6738.14,58.533,58.698,0
204,8,81.672,4.551,347.677,7399.425,70.033,66.913,0
3055,122,77.661,6.24,280.42,3136.186,39.536,63.032,0
2826,113,79.594,2.879,338.354,2606.286,59.605,67.54,0
936,37,88.881,5.917,331.185,8377.197,80.539,40.514,1
1660,66,69.438,3.836,328.323,2643.947,49.002,31.787,0
2375,95,110.375,5.218,306.501,5514.74,79.947,45.229,1
4580,183,72.592,2.57,319.054,3213.604,57.551,63.565,0
1620,64,88.425,4.716,312.508,8727.534,77.844,58.858,0
4680,187,92.868,3.477,329.775,3600.433,82.057,61.53,0
4954,198,91.12,5.771,324.974,6860.055,26.769,60.434,0
1565,62,61.308,2.691,335.088,243.58,56.647,68.272,0
5010,200,91.327,4.113,286.065,6614.791,49.117,68.171,0
572,22,80.462,5.708,316.214,7027.256,66.43,66.201,0
2530,101,79.457,6.834,332.024,8291.046,100.0,56.401,1
674,26,75.137,5.028,319.456,5055.021,36.191,73.182,0
2090,83,87.583,7.324,321.74,8988.239,38.869,59.283,1
1831,73,87.138,1.845,311.895,843.096,77.974,40.77,0
4504,180,82.359,4.992,332.539,8986.678,80.891,59.379,0
4888,195,74.79,7.823,312.832,2438.961,52.014,67.34,0
2206,88,64.442,3.369,309.766,4534.163,81.786,77.263,0
2263,90,83.163,3.385,274.913,2312.902,74.781,70.331,0
5743,229,71.445,4.324,314.892,1342.463,58.757,58.398,0
1130,45,73.983,5.334,340.391,8331.714,89.586,73.6,0
2909,116,75.959,6.362,316.985,6171.663,100.0,32.488,0
3638,145,76.432,4.591,305.771,4364.675,69.67,65.441,0
4021,160,69.4,4.341,311.076,2291.95,100.0,56.035,0
1058,42,72.304,2.846,331.541,4257.859,37.057,55.331,0
2024,80,75.327,5.289,309.684,6035.314,95.714,43.49,0
1001,40,87.147,1.862,331.053,1100.773,36.273,38.6,0
4474,178,96.857,5.052,328.099,6574.411,55.294,72.223,1
4357,174,85.34,8.711,323.493,7822.518,24.886,43.271,1
4775,191,74.63,5.109,321.924,2714.837,75.631,75.252,0
2737,109,87.344,3.907,297.129,3663.175,51.625,64.217,0
104,4,72.867,1.809,321.341,113.013,26.558,58.355,0
5383,215,75.944,4.588,309.033,6484.349,63.151,51.864,0
688,27,85.092,3.335,308.929,3451.449,59.122,47.31,0
1444,57,79.418,4.579,322.72,873.551,66.86,69.06,0
232,9,70.204,3.566,339.047,2995.802,82.601,51.513,0
2594,103,89.91,7.908,315.801,3867.043,50.017,66.459,0
4199,167,69.32,3.871,324.561,5134.041,44.966,75.037,0
5531,221,75.742,6.707,315.228,4874.594,70.24,57.758,0
3344,133,81.361,4.425,339.261,3884.386,61.18,59.159,0
628,25,66.119,3.308,316.865,241.443,81.684,45.017,0
5249,209,61.812,3.288,328.539,3552.535,44.669,50.703,0
663,26,82.647,5.779,320.602,8457.653,36.62,49.6,0
1380,55,85.95,9.347,312.413,8762.586,92.852,79.874,1
1435,57,82.65,4.1,302.98,4456.177,79.468,48.636,0
5269,210,71.784,5.044,337.318,5737.468,74.275,46.099,0
2644,105,84.468,6.471,308.661,6454.609,84.02,46.185,0
4961,198,89.251,4.824,333.081,5136.491,30.668,56.396,0
3412,136,90.355,5.067,294.924,6878.686,23.452,63.906,1
2960,118,72.897,3.967,360.587,4096.183,92.296,56.675,0
4579,183,68.093,1.732,323.89,2018.623,53.161,73.889,0
1395,55,84.395,8.94,325.186,7445.266,82.563,32.705,1
1733,69,84.966,5.64,321.74,1143.413,66.776,68.061,0
5408,216,76.706,4.599,335.672,7775.228,48.023,47.59,0
3721,148,76.106,4.47,310.08,4367.669,73.134,47.741,0
2512,100,79.526,5.641,322.13,8631.023,76.755,53.549,0
3895,155,71.643,6.228,304.391,8081.114,93.16,39.358,0
4458,178,97.542,4.626,314.324,4285.345,32.399,41.771,0
4290,171,63.675,2.988,312.457,3642.939,28.462,52.881,0
3092,123,83.51,4.078,340.948,4959.482,52.959,72.425,0
3847,153,79.263,2.368,338.706,631.14,58.454,48.238,0
1511,60,79.851,5.078,321.332,6937.654,19.505,77.548,0
3006,120,81.449,5.198,304.807,6946.273,44.873,56.049,0
5234,209,68.074,5.246,310.478,7177.907,54.284,45.034,0
5414,216,71.737,3.753,332.164,6190.567,52.318,73.179,0
135,5,60.727,2.407,346.399,1719.717,21.646,58.403,0
1609,64,74.773,2.548,300.473,559.965,61.987,64.801,0
1625,65,77.612,3.437,307.744,1549.072,71.003,67.703,0
2135,85,89.153,5.008,341.274,8974.259,84.516,48.406,1
1955,78,84.562,2.492,331.806,2862.524,65.481,63.956,0
1827,73,96.343,4.568,309.398,7610.237,88.385,65.845,0
2911,116,70.955,5.68,308.089,2175.458,88.552,70.156,0
1520,60,71.936,4.001,307.098,1937.951,40.938,75.685,0
4377,175,66.028,2.252,312.208,824.767,58.464,54.616,0
211,8,81.474,4.268,307.606,6986.37,63.082,63.816,0
5739,229,72.307,3.861,327.023,1020.386,69.149,54.935,0
1267,50,91.263,5.94,326.316,8841.367,42.096,70.633,0
5359,214,88.085,2.545,322.859,1549.033,84.011,63.448,0
4147,165,63.759,3.472,303.337,2592.252,72.57,60.826,0
5247,209,64.186,3.732,348.464,2603.608,51.875,61.838,0
2797,111,89.953,5.984,303.639,8605.713,77.278,76.9,0
2097,83,84.265,4.714,348.417,5327.652,44.245,70.744,0
3793,151,67.117,4.917,333.768,2709.296,70.838,90.837,0
1311,52,99.906,4.829,299.6,5077.972,87.353,52.303,1
2709,108,73.36,2.821,309.291,3081.51,96.474,49.14,0
3330,133,82.31,5.441,330.274,5298.205,53.025,39.12,1
833,33,100.321,6.305,309.055,2827.391,90.892,72.459,0
4654,186,72.256,3.726,321.191,1844.422,52.627,57.552,0
2850,114,64.36,2.133,312.543,1081.246,57.725,60.483,0
3249,129,79.857,8.136,314.607,7314.519,94.202,53.115,1
4146,165,66.252,2.974,327.433,553.713,83.765,49.172,0
5380,215,68.058,2.66,333.639,624.691,52.189,54.829,0
936,37,88.881,5.917,331.185,8377.197,80.539,40.514,1
1274,50,89.906,6.642,324.948,8341.885,53.842,80.151,1
836,33,100.853,6.449,335.556,3705.591,90.938,66.465,1
5739,229,72.307,3.861,327.023,1020.386,69.149,54.935,0
2757,110,74.279,4.966,334.706,8688.94,73.435,68.308,0
4331,173,89.288,4.544,337.293,3708.955,42.066,45.372,0
1139,45,64.812,2.085,311.106,244.572,96.549,76.954,0
5522,220,77.751,2.609,318.342,417.602,27.624,51.945,0
855,34,94.453,4.077,315.438,432.654,31.697,79.166,0
4138,165,68.767,4.147,324.721,5165.398,87.499,63.336,0
187,7,77.537,6.246,325.826,6432.843,43.441,54.293,0
5086,203,70.446,2.574,331.159,4665.74,38.67,62.604,0
2578,103,100.474,10.191,314.145,8863.011,30.066,52.583,1
3882,155,67.869,5.664,335.667,7320.897,87.567,68.519,0
3672,146,83.239,5.877,299.506,8870.609,30.243,56.152,0
1377,55,83.04,8.658,310.008,6000.987,83.833,44.09,1
2841,113,79.022,1.09,314.472,1492.118,43.655,55.041,0
25,1,80.307,2.101,310.374,3056.507,47.724,38.179,0
4571,182,80.415,4.598,318.641,425.048,49.282,51.462,0
2843,113,85.182,3.906,294.222,7165.658,73.765,62.594,0
1797,71,66.616,3.191,343.157,12.457,37.043,67.564,0
2590,103,90.181,6.254,312.091,1907.047,45.815,58.187,0
2641,105,81.291,4.47,313.764,4535.475,75.194,57.83,0
1122,44,80.362,3.93,306.367,6206.944,51.882,53.416,0
2456,98,80.044,6.101,292.284,8829.151,46.855,54.141,0
4141,165,69.246,4.041,318.568,3873.965,78.577,74.774,0
3441,137,77.263,4.617,320.09,5074.491,70.228,51.056,0
5962,238,87.156,5.817,299.716,4486.252,37.653,80.168,0
4457,178,93.488,3.386,330.799,2579.404,51.134,49.778,0
4846,193,76.947,2.229,305.656,1555.083,57.089,51.698,0
988,39,78.835,6.688,348.927,5383.817,33.415,49.495,0
3220,128,76.027,4.606,305.839,5207.72,36.373,69.496,0
1539,61,85.19,3.788,323.986,5339.421,88.602,44.268,0
1515,60,78.263,5.758,323.425,7713.859,24.002,57.028,0
2155,86,89.504,2.465,332.314,762.27,85.686,51.461,0
3548,141,69.74,3.741,337.961,4664.787,32.167,61.01,0
2677,107,91.207,5.272,299.187,505.671,66.533,67.406,0
2600,104,67.71,2.845,280.312,259.489,23.55,66.99,0
2449,97,69.141,5.476,314.316,1590.587,58.293,63.266,0
5950,238,86.101,3.785,311.573,1265.328,45.54,48.271,0
2712,108,73.516,2.918,312.647,3269.808,96.502,66.02,0
5423,216,72.722,4.284,338.032,6701.611,41.337,55.618,0
5964,238,93.049,5.275,324.658,6889.848,46.412,64.18,0
3841,153,82.531,1.743,337.255,766.62,55.246,71.497,0
5850,234,71.23,4.705,322.549,3187.186,63.159,66.479,0
5997,239,95.909,3.755,321.471,257.47,100.0,74.758,0
4702,188,82.717,2.75,324.563,294.443,40.538,41.003,0
4321,172,82.472,5.63,323.834,6653.897,90.444,64.302,0
1437,57,75.297,3.555,308.752,868.875,69.261,82.496,0
1256,50,88.909,5.593,323.272,4436.944,47.091,65.992,1
294,11,77.847,3.576,305.644,2930.333,58.885,67.212,0
1428,57,87.979,6.141,340.021,8634.808,67.418,44.624,0
3240,129,68.257,5.789,318.357,2380.437,85.417,68.292,0
2804,112,82.736,6.663,311.99,7631.463,80.602,56.351,0
4470,178,100.213,5.551,314.564,7934.174,34.636,53.313,0
1950,78,90.111,4.359,324.064,5026.438,68.458,49.678,0
3840,153,92.753,5.806,309.747,8451.677,56.407,46.615,1
2439,97,73.68,5.256,325.296,2547.154,62.391,37.516,0
1437,57,75.297,3.555,308.752,868.875,69.261,82.496,0
4556,182,98.473,6.591,342.97,8964.435,50.45,66.039,1
1860,74,66.292,4.839,321.859,2135.03,76.169,55.289,0
3203,128,72.927,4.324,337.266,3630.588,55.808,60.933,0
1602,64,72.366,2.619,315.963,131.809,69.937,52.027,0
4000,160,77.111,5.714,326.918,5226.979,95.84,56.737,0
1181,47,78.401,4.431,326.167,3786.437,28.47,63.983,0
377,15,92.763,7.415,311.259,8659.693,78.372,67.02,1
3869,154,79.628,6.838,339.402,5495.206,56.271,49.836,0
3047,121,88.328,3.617,325.758,4845.891,56.471,66.294,0
4006,160,74.376,4.26,322.025,2972.235,97.345,58.815,0
543,21,70.131,2.034,314.688,697.431,98.259,66.183,0
4559,182,98.08,5.802,329.228,7848.004,59.285,65.984,0
284,11,82.419,5.207,301.154,5093.929,67.543,59.6,0
5725,229,75.249,4.842,293.033,3942.691,59.366,72.937,0
5608,224,91.595,4.847,316.034,7817.365,44.325,62.394,0
4649,185,86.708,9.041,350.571,8532.931,79.918,54.632,0
1978,79,90.862,4.073,337.436,3102.338,79.379,63.408,0
3973,158,85.584,2.454,303.655,2467.962,58.191,63.084,0
5962,238,87.156,5.817,299.716,4486.252,37.653,80.168,0
4328,173,88.527,5.106,274.688,3089.517,28.483,71.991,0
4033,161,81.071,4.544,329.504,5495.187,36.422,81.241,0
225,9,71.791,5.436,308.588,8017.466,88.198,50.813,0
258,10,87.158,5.038,325.811,3858.999,60.824,58.365,0
3888,155,64.274,6.786,297.865,5538.796,94.578,55.806,1
2864,114,68.575,2.49,312.295,90.977,51.796,50.678,0
3039,121,89.116,3.983,325.52,5257.438,54.137,55.02,1
1274,50,89.906,6.642,324.948,8341.885,53.842,80.151,1
1958,78,79.694,3.166,314.251,1062.639,66.823,56.859,0
5310,212,69.623,2.279,332.766,80.438,97.06,48.663,0
2448,97,79.602,6.573,288.913,6097.581,65.722,87.737,0
5785,231,79.565,3.456,329.954,3155.731,47.986,51.902,0
1140,45,72.247,4.299,336.582,5770.131,96.713,43.928,1
3248,129,73.427,7.162,335.434,4272.512,87.628,50.214,0
3918,156,67.121,3.815,316.86,232.549,69.564,55.334,0
4181,167,74.15,5.449,323.57,5733.305,41.401,72.566,0
4679,187,92.944,2.282,312.22,2715.685,79.581,44.596,0
4473,178,89.051,3.236,315.364,886.559,32.471,40.178,0
4733,189,65.878,3.142,327.385,2425.977,79.109,39.607,0
338,13,93.003,3.881,303.102,4793.882,91.983,36.341,0
573,22,73.538,3.218,327.979,1532.463,75.215,53.422,0
927,37,86.795,6.402,322.619,8217.292,74.273,44.462,1
1338,53,86.436,3.147,305.508,343.863,100.0,91.517,0
4331,173,89.288,4.544,337.293,3708.955,42.066,45.372,0
3309,132,72.155,3.165,334.337,1911.43,75.693,51.934,0
4266,170,70.979,3.005,346.662,3607.279,91.655,67.15,0
3671,146,74.467,4.765,302.567,6579.114,40.638,77.714,0
3444,137,83.045,4.548,314.611,6479.069,71.604,60.861,0
1261,50,84.526,5.039,326.091,3808.51,47.386,58.268,0
5078,203,78.831,4.635,336.476,8727.456,38.529,36.531,0
4546,181,80.96,5.74,327.834,1350.04,50.756,54.728,0
4472,178,100.549,5.251,358.566,7738.531,37.079,42.213,0
5563,222,77.286,2.024,313.947,515.873,45.008,61.131,0
2594,103,89.91,7.908,315.801,3867.043,50.017,66.459,0
2711,108,67.413,1.811,330.92,30.926,85.519,64.136,0
2887,115,73.297,2.867,317.692,4211.562,90.944,68.435,0
2376,95,109.989,4.459,327.387,7176.586,82.45,58.297,1
3121,124,82.295,3.149,308.811,3720.142,31.073,62.153,0
3863,154,76.491,7.375,283.465,5037.818,51.776,60.631,0
3628,145,68.089,2.54,305.352,150.621,67.962,63.357,0
1205,48,78.201,4.136,310.355,5875.418,72.104,67.202,0
4346,173,86.191,4.284,305.093,2195.011,35.409,60.17,0
462,18,79.326,7.98,292.021,8137.529,66.0,47.886,0
1387,55,85.242,8.476,330.302,6500.715,85.21,56.551,1
2596,103,88.632,7.84,312.385,4631.996,42.349,54.202,0
4829,193,88.252,4.324,305.453,6045.622,52.219,49.666,1
1604,64,77.282,3.969,308.14,5623.708,75.19,51.413,0
4836,193,88.127,4.729,295.089,7212.746,46.67,47.267,0
3594,143,74.191,2.052,335.675,3029.271,61.954,49.238,0
4250,170,73.472,4.8,330.863,6760.779,100.0,49.058,0
1900,76,79.331,3.868,339.028,6562.925,73.067,46.538,0
5787,231,80.92,2.806,325.264,2245.425,63.628,55.167,0
4006,160,74.376,4.26,322.025,2972.235,97.345,58.815,0
569,22,74.276,6.272,316.395,6572.344,75.848,34.317,0
4681,187,97.936,4.808,320.359,7797.294,79.483,58.365,1
2869,114,74.594,4.045,309.01,4598.922,52.613,58.655,0
4915,196,68.069,5.373,331.069,4290.339,64.856,58.843,0
4253,170,62.656,2.565,331.808,1349.256,83.973,74.96,0
5747,229,76.983,3.824,307.507,1964.12,71.83,86.148,0
5403,216,66.1,2.509,334.215,748.361,56.238,65.984,0
4097,163,93.28,6.623,316.423,6398.36,49.228,34.011,0
4513,180,82.527,4.672,307.157,8469.119,87.137,52.693,0
348,13,81.931,3.266,311.545,1518.944,95.934,69.039,0
4596,183,80.126,3.441,316.252,6951.56,62.653,37.991,0
4388,175,63.061,2.947,320.538,1554.904,42.704,59.833,0
5617,224,77.729,2.062,326.451,2346.522,36.03,53.575,0
4470,178,100.213,5.551,314.564,7934.174,34.636,53.313,0
3832,153,85.293,3.471,316.073,4647.513,57.638,45.461,0
4561,182,84.417,3.586,344.859,1775.912,54.546,51.206,0
3705,148,73.623,2.697,315.429,539.965,74.137,47.385,0
3013,120,77.122,4.384,350.745,5139.873,44.69,64.044,0
5881,235,66.16,2.766,311.086,3060.23,50.696,69.395,0
3047,121,88.328,3.617,325.758,4845.891,56.471,66.294,0
678,27,80.195,3.224,312.997,4666.679,46.918,30.622,0
278,11,76.155,3.146,358.385,856.489,55.233,59.325,0
2476,99,96.207,4.558,317.89,8341.907,28.01,60.941,0
2845,113,77.217,1.212,337.188,881.576,52.78,45.334,0
3407,136,85.514,3.019,330.065,3124.87,37.996,67.707,0
452,18,75.56,6.297,312.746,6857.777,51.864,59.62,0
3348,133,79.456,4.856,295.093,5190.493,49.106,46.27,1
5730,229,87.28,6.089,334.07,7674.138,65.629,57.326,0
4463,178,98.493,5.365,326.126,6818.723,43.188,83.99,0
4259,170,66.828,2.613,328.583,2834.947,76.984,32.18,0
3164,126,77.585,3.024,297.866,1614.904,77.457,53.558,0
5251,210,72.628,5.539,304.845,6199.883,65.186,63.703,0
636,25,76.807,5.07,321.369,6359.4,80.49,57.885,0
4559,182,98.08,5.802,329.228,7848.004,59.285,65.984,0
4303,172,88.739,6.437,322.65,8563.525,89.619,61.878,1
2497,99,92.705,3.745,343.538,5097.877,28.416,38.032,0
3039,121,89.116,3.983,325.52,5257.438,54.137,55.02,1
1041,41,110.873,7.108,308.445,7873.172,37.961,59.29,1
33,1,88.499,4.295,321.828,6602.618,60.317,52.393,0
2226,89,82.487,6.091,344.382,8174.213,37.838,55.271,0
2251,90,80.584,4.193,342.969,2724.668,68.969,62.176,0
3221,128,76.877,4.155,291.041,3115.902,61.122,59.743,0
2335,93,90.084,5.168,318.261,3073.224,43.658,68.835,0
5304,212,74.292,2.81,309.344,1793.289,97.0,43.976,0
958,38,53.009,3.546,320.755,1651.512,76.2,56.797,0
4798,191,68.985,3.74,315.243,421.295,74.475,58.982,0
3335,133,83.836,6.108,323.29,7394.953,62.957,59.517,0
1437,57,75.297,3.555,308.752,868.875,69.261,82.496,0
5161,206,79.708,1.771,335.644,935.619,68.642,71.226,0
3373,134,82.895,3.825,306.817,5052.124,81.027,39.193,0
648,25,75.498,4.178,324.245,3443.131,68.751,62.985,0
5091,203,69.025,4.228,324.71,6318.748,36.403,56.582,0
1742,69,83.657,5.819,313.812,1457.994,75.498,50.635,0
3573,142,99.599,4.651,327.353,7210.224,51.303,56.95,1
4146,165,66.252,2.974,327.433,553.713,83.765,49.172,0
4435,177,76.438,4.474,319.244,6076.625,93.811,43.397,0
4327,173,96.065,5.602,308.469,7905.184,26.577,40.814,0
4881,195,71.974,8.005,311.294,2707.974,61.711,59.038,0
4524,180,79.716,3.1,336.112,2469.146,84.087,45.823,0
1267,50,91.263,5.94,326.316,8841.367,42.096,70.633,0
3416,136,81.308,2.656,336.137,2291.802,25.137,51.127,0
3046,121,81.76,1.818,325.836,165.609,52.482,58.567,0
927,37,86.795,6.402,322.619,8217.292,74.273,44.462,1
2779,111,88.595,5.867,315.419,8897.691,82.904,59.296,0
4557,182,97.318,6.261,316.473,8425.052,69.119,69.323,1
2820,112,75.795,4.21,318.498,1473.291,88.084,60.051,0
2586,103,95.912,8.883,290.467,6277.729,28.781,69.4,0
2944,117,77.368,3.246,322.369,144.685,100.0,71.336,0
3501,140,83.419,4.7,323.016,3568.184,58.889,54.327,0
4512,180,79.896,2.1,324.471,2090.337,77.23,48.644,0
5015,200,80.874,3.996,339.702,2519.313,29.547,50.513,0
1844,73,97.849,3.983,315.941,7018.245,100.0,76.266,0
1647,65,85.075,4.159,319.532,5501.485,79.233,69.193,0
2012,80,67.074,2.554,350.529,569.816,97.808,68.402,0
5088,203,65.325,2.18,319.321,3574.461,50.443,55.864,0
5385,215,77.7,6.221,320.572,8153.409,58.071,71.224,0
2291,91,84.396,5.727,309.977,2774.984,29.351,72.302,0
4901,196,81.67,6.797,316.388,8362.914,62.368,38.151,0
3335,133,83.836,6.108,323.29,7394.953,62.957,59.517,0
5729,229,85.896,6.052,348.688,7625.918,60.187,61.953,0
3556,142,87.627,2.144,335.014,1364.048,62.875,60.767,0
5392,215,79.316,5.411,334.105,8717.008,54.363,63.536,0
3388,135,63.924,7.033,313.084,8072.538,99.69,45.821,0
2370,94,64.998,2.006,313.354,409.601,96.844,57.772,0
4974,198,89.358,4.365,321.225,4707.189,33.224,54.724,0
2243,89,76.77,4.112,310.795,4446.835,37.749,60.825,0
4583,183,74.946,4.469,336.421,6241.405,66.684,51.956,0
3246,129,63.092,5.243,327.088,639.686,94.803,65.614,0
2094,83,88.11,6.93,327.762,7459.257,42.946,57.342,0
2943,117,83.507,4.178,331.431,3048.68,97.751,60.465,0
5397,215,66.399,1.997,335.138,1009.516,51.323,54.212,0
1911,76,76.473,5.058,338.088,7702.877,75.728,61.902,0
626,25,74.15,3.921,309.667,5247.67,89.141,78.009,0
5392,215,79.316,5.411,334.105,8717.008,54.363,63.536,0
774,30,69.279,3.494,297.918,3521.615,76.175,61.734,0
1494,59,82.805,4.072,309.929,8401.67,94.381,61.486,0
2980,119,85.708,4.246,347.836,6702.23,42.006,57.119,0
4564,182,86.434,4.103,305.424,2084.96,65.054,45.748,0
5857,234,80.165,6.878,316.142,8566.365,78.096,58.871,1
1263,50,87.219,5.074,321.558,5207.999,53.379,59.371,0
1502,60,75.572,5.151,323.137,3309.289,30.363,44.412,0
5971,238,92.733,5.769,335.926,6571.809,32.592,48.062,0
3478,139,72.85,4.11,323.207,7211.585,73.598,64.059,0
5081,203,72.634,4.011,315.223,7784.539,53.726,67.205,0
2449,97,69.141,5.476,314.316,1590.587,58.293,63.266,0
1846,73,90.975,2.078,293.847,1824.849,90.04,54.241,0
5150,206,92.271,4.164,331.387,8381.487,68.218,71.133,0
1386,55,75.05,7.605,298.946,2941.857,91.128,47.872,0
1666,66,79.196,6.242,326.209,8671.955,61.965,64.398,1
2475,99,97.784,5.331,310.039,8630.906,24.863,51.872,0
2218,88,67.788,3.914,297.925,6494.643,74.669,41.477,0
1139,45,64.812,2.085,311.106,244.572,96.549,76.954,0
1845,73,99.293,5.179,325.7,8740.261,91.64,56.786,0
1171,46,80.075,4.537,308.607,4477.04,79.114,46.868,0
3252,130,61.978,3.59,326.034,1440.35,41.524,41.171,0
4201,168,87.502,8.538,338.463,6564.329,66.064,53.959,0
3169,126,87.398,5.21,301.58,8496.054,87.523,52.528,0
463,18,69.165,5.401,334.835,3299.951,59.186,59.002,0
3635,145,73.905,3.459,309.648,2748.91,64.465,43.842,0
4299,171,74.196,4.223,305.88,8854.797,33.754,39.835,0
1209,48,79.354,4.501,304.267,6419.42,71.62,56.077,0
3026,121,89.146,4.648,323.969,7490.432,55.985,56.042,0
5784,231,77.553,3.812,300.693,694.389,57.977,54.474,0
4832,193,82.331,2.613,320.087,1951.1,46.39,64.631,0
2844,113,83.666,4.159,330.641,6903.116,58.079,67.061,0
1619,64,77.596,3.204,314.772,2352.67,74.133,44.589,0
1126,45,69.586,2.632,312.023,1910.231,100.0,53.873,0
279,11,90.921,6.468,319.727,8660.739,57.106,65.556,1
1506,60,73.723,3.842,306.799,2998.357,30.603,61.728,0
3034,121,92.294,3.193,335.615,5667.898,53.973,56.764,0
3076,123,73.793,3.417,306.955,1715.561,45.28,47.864,0
1164,46,84.118,4.847,322.458,7397.797,71.739,71.254,0
2841,113,79.022,1.09,314.472,1492.118,43.655,55.041,0
2812,112,80.14,5.923,330.5,5525.149,90.728,49.898,0
4688,187,95.35,4.115,292.053,6310.068,76.798,58.093,0
5450,218,92.036,6.038,302.527,4512.875,88.618,72.003,0
5727,229,77.121,4.08,308.147,2404.669,68.974,50.087,0
3032,121,80.565,1.936,324.449,729.564,53.978,67.724,0
4990,199,72.69,5.473,325.675,5544.146,47.747,38.461,0
3839,153,92.972,2.911,331.323,5906.641,47.869,69.961,0
679,27,85.966,3.571,319.004,7315.165,39.94,87.756,0
486,19,76.021,3.742,317.778,438.716,79.188,45.756,0
3734,149,63.347,3.331,306.953,3466.807,85.674,49.207,0
4161,166,80.516,1.841,333.055,46.94,29.618,44.079,0
4007,160,72.115,3.731,316.124,879.265,86.582,70.892,0
3025,121,86.502,2.825,341.204,4042.95,52.779,51.01,0
3640,145,77.974,4.304,322.7,6717.51,65.959,71.159,0
4061,162,80.169,4.286,325.334,3646.277,27.688,59.166,0
4259,170,66.828,2.613,328.583,2834.947,76.984,32.18,0
954,38,52.497,3.76,339.036,2561.737,82.4,64.514,0
2941,117,79.228,3.153,329.764,1812.296,93.318,59.584,0
2176,87,86.014,5.52,307.168,8672.4,72.288,43.32,0
3022,120,67.745,2.852,327.604,1304.898,38.137,53.586,0
2589,103,98.057,9.222,318.504,7371.008,50.326,66.652,1
487,19,79.526,4.732,309.849,4626.901,84.766,56.093,0
4586,183,74.456,4.314,323.26,7740.19,62.172,79.947,0
3227,129,78.478,8.406,330.532,8208.761,97.697,58.275,1
5146,205,71.251,4.047,325.775,1041.381,18.591,66.324,0
273,10,79.664,5.002,319.983,3714.318,75.019,65.187,0
648,25,75.498,4.178,324.245,3443.131,68.751,62.985,0
861,34,100.261,5.82,302.898,4722.455,44.651,57.499,0
5099,203,73.435,4.798,311.548,8589.517,43.937,57.004,0
3094,123,84.221,4.289,318.809,6753.404,48.412,33.729,0
4461,178,88.173,3.707,315.752,550.002,38.366,44.5,0
533,21,83.409,4.451,342.285,8709.29,96.401,33.083,0
4451,178,98.539,4.743,326.273,5964.638,54.648,47.302,0
537,21,82.624,5.054,313.269,7306.499,100.0,60.846,0
5406,216,73.642,3.85,331.168,4583.251,55.068,64.077,0
3131,125,73.126,4.782,305.688,179.785,84.07,50.481,0
5732,229,77.832,5.119,329.204,4352.362,62.258,50.954,0
3911,156,74.568,6.574,301.191,8427.153,74.357,52.827,1
3697,147,75.866,3.092,313.752,4903.327,24.004,39.426,0
1140,45,72.247,4.299,336.582,5770.131,96.713,43.928,1
3905,156,72.916,6.053,294.738,7669.259,78.455,59.248,1
4468,178,97.25,4.866,302.879,6819.887,38.36,51.288,0
3792,151,71.371,5.305,295.588,4221.33,77.014,34.098,0
4188,167,74.999,3.826,320.218,5891.332,54.927,67.765,0
5248,209,70.28,5.308,311.075,7163.587,50.232,56.922,0
4224,168,86.753,6.803,300.38,2741.342,69.163,46.793,0
3940,157,80.022,6.999,336.51,8734.868,42.746,39.726,0
3239,129,66.367,4.728,327.338,620.284,94.259,62.512,0
2843,113,85.182,3.906,294.222,7165.658,73.765,62.594,0
4297,171,74.943,4.3,329.167,7876.389,38.159,52.066,0
4842,193,80.381,1.815,311.431,678.275,43.107,44.552,0
4367,174,77.815,7.613,337.187,6708.799,51.641,36.069,0
676,27,90.244,4.525,325.434,8236.591,57.874,55.658,1
1613,64,82.179,4.901,336.681,7927.225,64.931,78.404,0
3825,153,91.821,5.028,301.989,7194.661,54.954,73.697,0
3527,141,72.737,3.531,321.873,4606.98,30.131,49.775,0
5421,216,71.302,1.418,325.621,851.867,40.466,43.27,0
5920,236,69.226,1.841,317.978,1176.856,53.481,57.864,0
5374,214,97.382,3.427,323.937,5693.475,91.34,76.617,1
3742,149,72.468,3.367,298.22,6952.475,72.581,58.848,0
4333,173,85.997,4.674,316.691,2582.489,37.086,53.762,0
4973,198,87.46,4.876,337.354,5149.917,45.165,66.392,0
979,39,85.48,7.137,304.536,7355.462,35.969,44.883,0
1978,79,90.862,4.073,337.436,3102.338,79.379,63.408,0
170,6,77.488,4.03,325.025,2065.82,90.49,62.633,0
3847,153,79.263,2.368,338.706,631.14,58.454,48.238,0
5428,217,81.999,6.371,310.074,8311.413,72.085,72.307,0
30,1,82.693,3.4,310.156,5205.553,53.286,41.526,0
863,34,105.44,6.565,313.403,6738.515,33.422,63.036,0
1361,54,71.101,3.159,317.292,392.1,76.191,74.03,0
4563,182,90.749,5.392,321.165,7069.989,69.459,50.978,1
2479,99,100.382,4.909,320.27,8796.137,22.687,58.724,0
1338,53,86.436,3.147,305.508,343.863,100.0,91.517,0
2484,99,88.638,3.575,318.6,4284.941,27.112,56.934,0
1613,64,82.179,4.901,336.681,7927.225,64.931,78.404,0
1601,64,75.37,1.838,297.611,750.0,67.948,50.156,0
3511,140,82.858,3.942,326.683,2874.734,57.723,49.466,0
4128,165,71.461,5.09,308.202,8030.659,81.058,63.271,0
1593,63,74.917,3.382,314.466,3883.444,45.262,50.996,0
3347,133,70.025,4.508,320.274,318.732,63.224,72.119,0
221,8,78.79,4.603,315.862,5891.451,81.15,68.346,0
5802,232,69.605,4.272,322.43,1668.188,58.913,35.063,0
681,27,84.6,3.849,320.645,7517.413,44.85,59.633,0
3436,137,72.744,2.93,319.299,2466.736,79.037,66.693,0
5973,238,95.076,5.567,330.806,6786.8,34.498,81.013,1
2075,83,79.967,4.003,309.403,1347.557,41.406,57.625,0
1840,73,89.367,2.555,334.589,3172.635,85.082,58.188,0
4394,175,75.006,3.873,288.074,4832.594,55.52,66.35,0
2865,114,69.143,4.166,293.886,2722.927,40.038,45.437,0
1678,67,85.163,4.022,322.84,4475.85,62.164,89.883,0
3577,143,82.184,3.529,356.836,5538.022,65.772,53.994,0
4832,193,82.331,2.613,320.087,1951.1,46.39,64.631,0
4125,165,67.84,3.308,332.725,3599.191,86.707,61.895,0
1518,60,69.999,3.801,313.872,2462.025,28.89,77.16,0
4112,164,98.104,7.378,318.39,8102.175,51.742,66.601,1
5542,221,73.016,5.804,322.768,5321.479,70.599,52.246,0
1329,53,90.299,4.335,310.888,4553.857,87.826,68.049,0
4007,160,72.115,3.731,316.124,879.265,86.582,70.892,0
3079,123,84.671,4.888,329.612,6547.321,40.09,51.568,0
4064,162,77.523,3.549,319.512,14.741,32.597,57.079,0
937,37,83.396,4.747,337.688,4044.911,79.937,45.183,1
1502,60,75.572,5.151,323.137,3309.289,30.363,44.412,0
2354,94,73.471,4.364,350.955,7973.61,88.735,56.816,0
4953,198,83.942,3.754,339.794,2343.291,37.121,49.256,0
2550,102,73.27,3.069,306.676,2517.048,100.0,42.943,0
2244,89,81.691,6.174,313.313,6314.694,52.051,66.638,0
4409,176,78.161,5.733,336.293,4018.755,69.354,38.707,0
939,37,79.023,5.033,296.215,4835.634,71.93,60.908,0
2055,82,72.544,4.464,326.798,3769.046,31.83,55.714,0
3349,133,86.905,6.135,345.015,8009.641,60.758,70.405,1
2340,93,89.522,5.658,318.598,4306.344,43.558,59.046,1
3657,146,73.361,5.36,330.406,6689.814,49.818,56.287,0
3696,147,65.067,1.27,342.417,484.176,27.197,75.544,0
945,37,79.132,3.466,310.508,965.939,81.743,70.682,0
928,37,83.719,6.273,300.566,8439.968,72.779,65.136,0
4574,182,88.955,2.873,325.403,1187.288,53.798,56.755,0
2701,108,74.154,3.776,315.586,6619.098,99.353,39.59,0
1010,40,90.172,2.915,332.997,2910.493,44.727,46.834,0
525,21,75.211,2.317,316.77,3320.023,99.687,40.043,0
2704,108,69.34,2.623,308.122,4236.816,100.0,55.026,0
4959,198,79.838,3.955,311.669,13.012,30.178,62.363,0
1383,55,74.635,7.018,302.765,682.718,88.268,57.54,0
5969,238,91.111,4.378,312.105,1827.846,50.714,79.996,0
125,5,65.903,3.598,326.128,3634.205,38.251,49.018,0
3642,145,77.626,3.214,349.864,3895.644,67.387,61.839,0
4250,170,73.472,4.8,330.863,6760.779,100.0,49.058,0
3249,129,79.857,8.136,314.607,7314.519,94.202,53.115,1
1619,64,77.596,3.204,314.772,2352.67,74.133,44.589,0
2017,80,77.674,4.472,315.44,6577.079,96.825,56.354,0
3381,135,60.224,5.513,306.45,3808.903,100.0,77.19,0
5369,214,88.352,2.162,305.863,393.424,90.165,49.7,0
2706,108,76.305,3.787,319.868,6447.371,99.988,54.441,0
2324,92,76.371,4.016,322.454,7088.601,80.634,47.253,0
2624,104,81.841,6.339,309.267,8102.618,31.465,89.78,0
5992,239,97.498,4.22,321.2,3327.301,98.617,54.146,0
1678,67,85.163,4.022,322.84,4475.85,62.164,89.883,0
1150,46,85.133,4.49,306.154,6320.765,97.635,54.394,0
5342,213,76.508,6.343,302.439,1532.678,76.58,57.84,0
855,34,94.453,4.077,315.438,432.654,31.697,79.166,0
4953,198,83.942,3.754,339.794,2343.291,37.121,49.256,0
3852,154,74.933,7.06,341.336,5275.739,51.55,62.424,0
5729,229,85.896,6.052,348.688,7625.918,60.187,61.953,0
2031,81,65.376,2.047,302.407,202.693,42.184,50.034,0
5041,201,91.808,5.051,340.15,5752.033,30.894,65.781,0
628,25,66.119,3.308,316.865,241.443,81.684,45.017,0
4569,182,93.554,5.841,316.571,8366.164,58.934,54.485,1
2133,85,81.295,3.371,350.646,3793.019,73.832,59.166,0
2854,114,71.394,2.847,320.023,3162.865,51.383,54.343,0
4608,184,78.945,4.837,297.101,342.906,34.28,65.415,0
3911,156,74.568,6.574,301.191,8427.153,74.357,52.827,1
2849,113,82.939,4.227,327.472,4864.103,62.196,58.708,0
1860,74,66.292,4.839,321.859,2135.03,76.169,55.289,0
4471,178,87.766,2.503,318.446,725.566,38.778,64.558,0
2866,114,73.484,3.346,317.424,4074.078,51.066,57.38,0
1542,61,82.26,3.106,344.564,2595.984,90.904,47.25,0
2586,103,95.912,8.883,290.467,6277.729,28.781,69.4,0
4599,183,65.316,2.177,313.489,1636.574,55.773,87.66,0
333,13,84.912,2.643,326.739,890.7,86.483,63.829,0
2080,83,79.655,4.054,309.299,2194.943,46.374,31.932,1
4355,174,76.292,7.53,318.313,5052.031,38.457,57.168,0
3816,152,81.229,5.849,314.642,8290.43,60.432,57.399,0
2809,112,81.808,6.566,320.898,7315.279,89.705,63.062,0
1081,43,74.667,4.073,317.24,2270.421,45.359,67.454,0
282,11,73.634,3.032,319.317,107.324,59.546,57.698,0
2626,105,84.832,6.801,304.936,8850.973,86.295,66.127,0
4186,167,64.082,2.55,291.303,532.28,45.483,50.935,0
1692,67,80.856,4.155,301.316,4888.9,57.229,60.394,0
5388,215,76.944,5.622,314.618,7022.144,59.355,40.708,0
3838,153,93.34,4.235,322.671,6639.119,59.611,58.842,0
2843,113,85.182,3.906,294.222,7165.658,73.765,62.594,0
4470,178,100.213,5.551,314.564,7934.174,34.636,53.313,0
1936,77,70.598,2.009,304.646,1992.063,93.922,47.645,0
5354,214,96.189,3.701,317.71,4115.854,89.807,71.445,0
2468,98,79.658,5.636,304.059,7161.603,46.237,60.183,0
31,1,81.414,2.37,321.34,2870.741,49.681,65.828,0
5868,234,82.234,5.017,319.597,7309.233,62.974,49.961,0
3057,122,75.188,4.289,316.234,1019.856,43.941,67.535,0
5391,215,71.323,2.594,304.451,2827.421,55.486,49.108,0
695,27,83.613,3.195,332.612,4397.411,51.897,55.283,0
1358,54,79.249,4.986,279.333,5220.586,81.956,34.18,0
3024,120,69.684,3.924,332.413,1468.233,33.224,50.276,0
5370,214,98.569,4.762,322.908,6726.934,87.212,59.029,1
638,25,83.263,5.775,315.395,7639.134,72.591,56.708,0
3315,132,74.793,2.834,342.614,2285.862,75.363,34.638,0
4487,179,90.213,7.413,327.398,8681.933,74.242,55.249,0
2583,103,94.389,6.87,300.51,3853.397,32.116,68.733,0
2821,112,72.35,5.366,328.738,4917.969,97.415,46.186,0
5584,223,72.644,4.064,315.465,1896.213,100.0,47.319,0
3299,131,74.774,6.543,305.064,2215.599,56.045,80.738,0
4190,167,69.565,3.11,326.685,4305.887,46.192,55.065,0
4133,165,68.629,3.099,350.066,3377.771,80.717,59.541,0
5378,215,74.343,4.686,304.018,5428.046,57.575,70.237,0
2287,91,81.256,5.155,328.827,151.829,42.022,46.715,0
3341,133,84.176,5.93,326.635,8160.12,56.335,57.517,0
1406,56,64.28,2.9,321.403,1720.079,65.039,61.276,0
2194,87,88.1,5.429,311.169,7957.873,72.526,80.793,0
4775,191,74.63,5.109,321.924,2714.837,75.631,75.252,0
5741,229,69.388,3.667,337.708,1323.915,56.49,37.758,0
2141,85,80.53,2.401,310.54,2487.498,74.999,33.871,0
4505,180,84.333,5.377,327.302,7459.228,81.847,48.117,1
3306,132,71.831,3.28,348.872,319.519,75.947,63.247,0
4195,167,71.165,3.164,335.672,4364.524,40.013,49.851,0
2456,98,80.044,6.101,292.284,8829.151,46.855,54.141,0
2416,96,87.658,6.111,328.954,3613.798,53.964,34.471,0
1385,55,75.117,7.738,307.525,3222.279,75.75,53.566,1
3083,123,79.4,3.592,319.459,3419.317,60.606,46.489,0
302,12,81.233,3.66,322.668,3852.98,52.694,56.534,0
5078,203,78.831,4.635,336.476,8727.456,38.529,36.531,0
1535,61,78.212,2.955,312.363,1321.213,100.0,47.155,0
3908,156,64.079,4.362,324.45,2265.594,73.503,63.486,0
3092,123,83.51,4.078,340.948,4959.482,52.959,72.425,0
2352,94,64.837,2.682,311.869,745.223,100.0,47.224,0
5618,224,93.094,5.106,307.231,8584.136,27.121,59.687,0
4973,198,87.46,4.876,337.354,5149.917,45.165,66.392,0
4388,175,63.061,2.947,320.538,1554.904,42.704,59.833,0
778,31,81.274,3.301,333.797,54.844,49.287,56.832,0
2858,114,77.794,3.483,326.808,5143.949,60.713,50.012,0
4006,160,74.376,4.26,322.025,2972.235,97.345,58.815,0
646,25,79.614,5.496,337.514,6963.293,82.733,61.509,0
4214,168,83.317,5.196,318.209,247.394,67.151,55.347,0
4717,188,87.055,3.812,308.651,3876.754,34.429,71.386,0
5651,226,94.812,7.744,284.935,6008.378,73.182,54.612,1
3084,123,80.009,4.026,346.898,5383.691,52.028,58.282,0
210,8,76.952,3.832,353.614,2967.689,79.572,46.681,0
1389,55,82.985,10.181,297.661,6704.544,92.24,64.019,1
4679,187,92.944,2.282,312.22,2715.685,79.581,44.596,0
1002,40,94.66,2.95,338.62,4187.875,50.227,58.407,0
3844,153,93.834,4.271,337.891,8040.478,49.178,52.743,0
4010,160,69.11,3.433,310.525,484.91,100.0,81.495,0
2820,112,75.795,4.21,318.498,1473.291,88.084,60.051,0
4575,183,69.777,2.394,345.921,3849.106,44.149,63.348,0
826,33,105.452,7.082,302.395,6819.366,92.797,66.808,0
3839,153,92.972,2.911,331.323,5906.641,47.869,69.961,0
2509,100,71.301,3.824,345.594,2259.022,84.045,35.696,0
5061,202,82.79,6.215,305.561,6495.07,49.429,43.7,0
2595,103,92.891,7.153,306.874,3521.376,31.25,48.272,0
1267,50,91.263,5.94,326.316,8841.367,42.096,70.633,0
2320,92,67.352,2.994,343.755,1817.673,78.252,46.666,0
3233,129,75.634,5.809,310.84,4131.815,92.468,68.572,0
565,22,71.152,4.995,324.982,3319.817,78.401,42.594,0
5085,203,70.394,4.718,325.812,8650.002,43.334,69.193,0
4006,160,74.376,4.26,322.025,2972.235,97.345,58.815,0
1977,79,96.673,3.507,316.007,5178.471,85.018,81.281,0
3767,150,74.514,1.792,330.829,1181.342,97.231,47.267,0
5924,236,83.207,3.282,324.87,6755.353,46.935,61.624,0
3710,148,82.225,4.114,311.042,3847.286,74.074,65.665,0
2637,105,79.438,4.557,312.505,5516.354,91.66,64.146,0
4159,166,82.486,2.438,312.45,2060.636,35.774,67.578,0
4473,178,89.051,3.236,315.364,886.559,32.471,40.178,0
4183,167,69.529,4.258,319.27,5346.035,46.211,30.348,0
1395,55,84.395,8.94,325.186,7445.266,82.563,32.705,1
126,5,71.34,3.976,331.489,6388.516,38.954,61.888,0
2022,80,69.36,2.723,326.57,1105.214,94.68,60.518,0
2794,111,73.4,2.828,325.391,197.178,88.09,48.804,0
4878,195,77.906,8.075,310.129,5910.693,58.246,48.975,1
630,25,67.143,2.789,314.039,139.767,72.746,46.035,0
4962,198,90.039,5.175,333.047,5682.662,32.105,41.217,0
342,13,88.956,3.003,335.558,2049.793,91.153,40.923,0
1990,79,85.808,2.047,304.9,1128.535,86.001,46.02,0
2632,105,76.235,4.173,313.529,2000.471,88.845,78.507,0
5562,222,80.24,2.558,329.71,877.342,64.587,35.341,0
5649,225,81.282,4.01,331.803,6265.625,93.645,69.309,0
267,10,80.99,5.868,315.199,4978.124,63.704,60.994,0
1316,52,99.194,4.534,329.873,5808.064,70.512,57.974,0
2828,113,86.623,5.577,339.614,8768.688,59.952,45.399,0
1742,69,83.657,5.819,313.812,1457.994,75.498,50.635,0
5696,227,79.443,6.679,324.033,6990.903,45.637,67.042,1
3811,152,72.409,4.908,333.315,6075.926,59.626,41.251,0
2126,85,81.665,3.466,319.625,5940.587,83.016,65.482,1
3676,147,66.155,2.222,306.741,13.644,22.967,59.275,0
4136,165,69.403,4.285,304.394,5465.704,74.993,40.341,0
5051,202,91.074,5.913,313.245,8774.893,50.203,47.667,0
5285,211,75.019,4.147,313.514,4687.003,41.754,60.801,0
2709,108,73.36,2.821,309.291,3081.51,96.474,49.14,0
4490,179,79.818,5.544,330.16,2898.323,81.368,55.906,0
5813,232,74.105,6.889,334.437,7479.879,51.958,47.652,0
3264,130,75.163,4.498,321.055,4932.052,53.868,65.259,0
4380,175,70.379,4.876,322.052,5861.679,43.862,58.522,0
3035,121,80.471,2.13,285.467,173.463,53.332,68.251,0
2532,101,77.6,5.737,331.443,8075.91,100.0,43.973,0
1379,55,91.705,8.849,279.991,8601.733,83.855,65.189,1
636,25,76.807,5.07,321.369,6359.4,80.49,57.885,0
2104,84,93.89,5.491,320.962,5263.321,33.709,52.006,0
2426,97,72.944,5.18,308.042,3101.356,51.446,69.693,0
3555,142,88.973,2.638,321.275,2683.532,63.164,53.782,0
4128,165,71.461,5.09,308.202,8030.659,81.058,63.271,0
4276,171,61.9,3.338,308.356,3842.872,32.992,40.49,0
4521,180,73.399,2.872,308.213,2549.585,76.26,65.257,0
3576,143,86.881,5.261,291.933,8274.772,62.911,47.726,1
3131,125,73.126,4.782,305.688,179.785,84.07,50.481,0
3806,152,69.32,4.043,288.821,1715.958,65.226,61.332,0
4257,170,79.763,4.02,331.091,7915.693,86.075,52.474,0
4966,198,93.193,4.991,301.304,5814.252,42.776,65.27,1
1604,64,77.282,3.969,308.14,5623.708,75.19,51.413,0
5075,203,68.519,2.174,309.916,2291.157,52.667,62.037,0
1338,53,86.436,3.147,305.508,343.863,100.0,91.517,0
87,3,83.816,4.403,334.286,2941.0,88.772,70.283,0
4604,184,95.788,7.652,322.431,7444.753,18.162,58.349,1
1492,59,77.232,3.43,304.502,6606.115,93.74,50.385,0
4951,198,81.153,4.498,316.933,209.847,37.095,49.189,0
2430,97,80.088,6.819,308.986,6186.716,53.27,78.777,1
2410,96,85.282,5.047,332.797,1761.827,46.684,75.36,0
5098,203,70.093,3.544,323.009,5326.521,41.884,55.438,0
4495,179,80.701,5.276,320.509,2508.245,88.588,58.372,0
329,13,91.309,2.703,313.726,2112.022,100.0,71.883,0
5619,224,82.379,2.425,303.262,1793.093,27.172,68.632,0
1390,55,83.515,8.519,308.768,5878.487,87.033,40.943,1
4099,163,95.599,7.107,322.336,8351.115,52.464,70.733,1
5611,224,85.43,3.182,327.667,3755.068,35.079,39.7,0
4959,198,79.838,3.955,311.669,13.012,30.178,62.363,0
3034,121,92.294,3.193,335.615,5667.898,53.973,56.764,0
5629,225,78.504,3.333,326.401,3083.253,86.61,61.18,0
4181,167,74.15,5.449,323.57,5733.305,41.401,72.566,0
1599,63,70.248,2.745,302.966,2240.963,36.807,50.699,0
5742,229,78.857,4.417,313.842,2109.728,60.018,48.814,0
3526,141,78.937,4.286,328.774,6864.259,34.684,57.247,0
2081,83,86.635,5.163,297.697,7046.6,52.548,67.499,1
2792,111,80.943,2.976,316.393,4240.767,89.307,53.385,0
1294,51,74.398,6.257,320.569,5629.27,88.514,47.599,0
3578,143,75.656,2.893,315.463,2474.646,56.488,56.221,0
3520,140,93.909,6.869,325.72,8680.254,55.431,50.908,0
1123,44,75.897,4.186,318.624,6041.846,61.516,74.808,0
2680,107,95.444,6.052,289.531,4299.072,60.583,62.073,0
1675,67,92.461,4.581,300.76,7168.275,57.361,57.584,0
5372,214,93.534,2.141,324.391,380.01,88.053,64.368,0
1304,52,99.789,4.367,348.011,5261.46,73.222,69.828,0
3770,150,81.48,4.995,315.992,7437.208,96.084,62.617,1
3922,156,65.442,4.188,309.691,1528.838,76.086,52.834,0
3719,148,82.878,3.372,306.918,1574.097,62.872,38.474,0
2485,99,93.309,3.392,310.122,4332.304,25.642,72.906,0
1541,61,75.813,2.477,327.498,110.066,97.888,58.044,1
37,1,88.16,4.901,304.63,7465.268,44.744,46.874,0
1382,55,87.212,9.282,325.949,7483.298,86.6,31.909,1
4698,187,81.883,2.648,328.477,2863.628,93.187,64.664,0
1802,72,62.547,5.547,311.137,3944.21,47.661,64.715,0
3266,130,64.073,3.63,323.813,1621.547,42.515,55.562,0
1913,76,74.112,2.535,325.821,4839.906,87.475,44.626,0
393,15,95.235,8.116,311.418,7599.808,62.952,49.172,1
2710,108,72.065,2.461,314.703,2896.945,94.556,79.314,0
5963,238,90.913,5.094,312.584,5004.029,42.227,56.708,0
2627,105,76.936,3.045,333.025,1810.962,86.699,59.739,0
2202,88,58.866,1.997,327.744,453.294,79.974,52.928,0
3577,143,82.184,3.529,356.836,5538.022,65.772,53.994,0
2434,97,66.435,4.052,330.589,552.072,57.893,47.308,0
1509,60,74.85,5.634,311.945,6018.31,28.358,69.832,0
2522,100,74.987,4.109,297.601,4378.615,89.839,77.492,0
5384,215,74.177,3.067,316.568,2916.657,49.551,38.732,0
948,37,75.239,3.957,283.264,679.328,77.157,73.544,0
915,36,74.019,4.862,323.546,1333.051,75.663,44.383,0
4468,178,97.25,4.866,302.879,6819.887,38.36,51.288,0
1265,50,87.09,6.219,314.475,5285.673,36.159,52.363,0
913,36,84.92,6.259,292.268,7087.215,71.464,62.711,0
1528,61,78.419,3.003,316.099,2720.61,100.0,55.249,0
5232,209,70.669,6.055,335.628,8309.512,46.516,66.709,0
5611,224,85.43,3.182,327.667,3755.068,35.079,39.7,0
5573,222,90.067,3.632,321.409,5483.443,52.308,61.982,0
1989,79,82.593,1.022,312.335,166.832,83.261,64.697,0
5396,215,73.58,5.552,331.162,5194.02,51.092,59.932,0
384,15,80.963,6.027,309.357,2037.194,73.765,60.898,0
3004,120,76.257,3.743,330.286,4143.798,46.059,56.689,0
3363,134,78.978,3.923,294.136,3326.84,97.364,73.723,0
2830,113,87.619,4.075,318.982,6083.452,65.567,28.383,0
5867,234,78.338,4.797,333.524,5596.686,61.619,83.686,0
4469,178,90.478,2.718,312.007,877.28,33.304,48.683,0
2956,118,70.707,3.504,318.189,3301.492,100.0,52.561,0
4382,175,74.574,3.796,331.035,5139.834,65.948,60.039,0
4507,180,74.923,1.94,340.249,1.639,75.244,47.743,0
711,28,80.932,4.055,290.798,3769.214,83.969,77.215,0
2081,83,86.635,5.163,297.697,7046.6,52.548,67.499,1
2137,85,79.884,3.963,321.532,5521.381,82.086,69.168,0
5617,224,77.729,2.062,326.451,2346.522,36.03,53.575,0
5018,200,79.666,3.167,312.188,4371.051,31.664,50.048,0
1946,77,70.891,2.718,308.601,2958.95,88.724,57.761,0
5954,238,86.823,5.184,338.635,3702.091,32.471,58.244,0
483,19,79.627,4.015,349.26,794.459,63.485,51.931,0
2207,88,61.363,3.342,325.576,4858.724,78.109,67.027,0
1373,54,73.632,4.09,324.483,2100.364,75.888,28.438,0
3223,128,82.33,5.119,338.074,8415.491,58.04,39.895,1
5394,215,76.36,4.502,332.009,5321.055,56.49,69.222,0
4581,183,77.88,4.801,320.829,7560.081,53.16,53.668,0
260,10,92.416,5.568,311.474,7588.033,59.892,63.955,0
1582,63,83.778,5.657,328.922,8755.406,45.298,52.319,1
4559,182,98.08,5.802,329.228,7848.004,59.285,65.984,0
1825,73,93.638,2.891,314.784,3060.151,88.741,67.152,0
4734,189,74.913,4.532,320.995,5658.774,92.848,69.834,0
3844,153,93.834,4.271,337.891,8040.478,49.178,52.743,0
4229,169,89.822,3.36,319.944,1548.683,56.729,67.615,0
4313,172,85.884,6.075,319.498,6240.356,100.0,50.572,1
3585,143,78.702,3.544,327.846,4493.422,56.482,62.659,0
1258,50,78.3,4.801,276.931,1938.988,53.369,58.814,0
4693,187,83.643,2.361,295.842,846.583,88.741,76.645,0
3488,139,74.629,4.566,308.273,7466.218,82.097,59.573,0
4338,173,89.112,5.008,323.415,3481.319,40.427,54.715,0
183,7,71.616,4.344,321.565,1019.262,50.323,44.712,0
1252,50,78.834,4.089,310.436,27.187,50.86,67.549,0
3505,140,91.971,5.445,325.66,7416.627,54.017,48.16,1
4654,186,72.256,3.726,321.191,1844.422,52.627,57.552,0
2440,97,74.375,6.087,308.409,4793.861,60.05,50.637,0
4462,178,98.256,5.32,309.499,7085.286,37.773,70.497,0
16,0,87.791,4.273,313.467,2109.116,85.92,57.092,0
276,11,79.955,5.136,304.176,5457.019,55.561,47.1,0
4187,167,66.863,3.035,317.542,2342.568,43.332,61.41,1
5952,238,87.506,4.386,322.724,1711.472,48.343,77.656,0
2010,80,82.9,4.91,290.725,8819.206,100.0,50.033,0
2230,89,75.436,5.376,310.494,5254.447,52.202,76.27,0
2273,90,88.2,4.681,282.996,5038.576,75.82,52.929,0
3592,143,80.666,3.588,318.559,4697.836,61.103,60.936,0
2592,103,103.026,9.238,338.63,8377.745,34.912,40.149,1
2446,97,73.697,4.635,337.27,229.936,47.543,53.068,0
4517,180,82.659,4.502,336.753,5522.38,73.385,68.012,1
20,0,89.847,4.569,335.563,1682.247,87.114,54.353,0
5103,204,71.472,5.394,272.394,4295.409,52.699,80.766,0
4403,176,68.809,4.268,321.006,1146.501,73.946,27.747,0
5726,229,80.594,4.599,327.846,5435.614,60.478,82.742,0
4956,198,90.317,5.051,323.801,3229.736,40.963,52.38,0
4594,183,74.015,4.888,329.944,7594.297,54.566,56.85,0
1863,74,64.863,5.438,297.236,571.153,83.267,70.969,0
4566,182,91.109,4.725,314.451,4208.695,47.517,50.886,0
3651,146,73.678,3.272,321.847,2467.084,40.62,70.827,0
2373,94,68.723,4.189,331.918,3356.718,94.114,51.784,0
4689,187,93.609,2.66,304.439,4280.337,99.624,41.377,0
3037,121,82.374,2.529,333.846,607.289,54.764,58.328,0
5930,237,81.71,4.592,316.739,6211.689,57.035,45.894,0
4338,173,89.112,5.008,323.415,3481.319,40.427,54.715,0
5202,208,75.461,2.377,310.982,6.874,61.962,74.908,0
5387,215,68.558,3.857,316.604,3495.734,62.773,68.206,0
3617,144,60.335,2.616,329.921,153.442,50.339,49.968,0
5340,213,80.659,7.884,322.348,4634.375,81.321,80.24,0
3652,146,73.217,5.153,325.155,5719.719,38.094,79.221,0
3124,124,80.202,4.389,290.429,6255.855,33.059,45.561,0
5969,238,91.111,4.378,312.105,1827.846,50.714,79.996,0
4217,168,86.657,7.874,294.516,6806.419,70.373,60.482,0
4191,167,68.684,3.427,340.74,5179.539,44.073,51.511,0
5954,238,86.823,5.184,338.635,3702.091,32.471,58.244,0
3893,155,64.713,5.731,318.455,5872.022,93.945,54.458,0
26,1,83.885,2.822,332.132,3056.15,48.419,54.317,0
4140,165,66.353,3.644,343.084,630.999,78.587,62.264,0
3891,155,57.709,4.199,293.329,81.143,99.38,57.803,0
4359,174,77.31,7.226,358.43,5705.886,38.567,35.507,0
5826,233,77.392,4.626,332.617,8605.577,77.79,42.814,0
4392,175,71.259,4.262,307.558,4413.504,38.947,75.185,0
5967,238,88.713,5.353,337.214,4991.887,39.855,55.066,0
4581,183,77.88,4.801,320.829,7560.081,53.16,53.668,0
5883,235,74.094,4.204,317.303,5807.798,60.345,70.226,0
2800,112,77.966,6.444,326.514,5189.341,83.389,100.0,0
1559,62,62.163,2.598,312.834,1604.585,55.675,38.438,0
3353,134,87.847,5.487,320.662,8963.004,97.111,47.58,0
5294,211,71.23,3.003,321.001,1595.148,44.218,68.103,0
5076,203,64.311,3.061,312.9,1987.939,47.234,72.289,0
4127,165,73.704,4.825,311.373,5515.196,90.577,53.923,0
2631,105,77.555,5.231,319.239,3881.77,82.429,45.045,0
1771,70,99.06,4.143,302.902,5732.767,33.515,65.734,0
171,6,75.894,3.408,310.727,1902.731,86.232,77.487,0
2701,108,74.154,3.776,315.586,6619.098,99.353,39.59,0
3086,123,80.264,4.653,316.597,5127.23,57.853,45.73,1
5906,236,74.352,2.973,299.458,1978.992,42.373,67.3,0
3529,141,68.064,3.154,335.165,1919.865,21.773,63.507,0
3589,143,75.197,3.126,333.042,2475.821,72.325,65.753,0
2865,114,69.143,4.166,293.886,2722.927,40.038,45.437,0
57,2,75.282,5.92,316.88,8905.764,62.293,55.426,1
1839,73,97.241,3.863,311.622,5676.658,90.692,53.375,0
4020,160,73.209,3.577,303.325,787.912,93.101,64.699,0
4269,170,74.688,3.259,318.839,6048.154,85.618,56.305,0
5665,226,99.802,8.486,317.942,6753.704,75.862,58.398,0
3001,120,65.39,2.92,305.813,338.37,37.2,50.276,0
4186,167,64.082,2.55,291.303,532.28,45.483,50.935,0
4603,184,99.082,8.385,331.833,8844.976,32.504,54.044,1
4490,179,79.818,5.544,330.16,2898.323,81.368,55.906,0
858,34,100.934,5.94,316.239,5393.464,44.828,60.435,0
5317,212,71.397,2.86,308.223,752.951,90.047,54.066,0
4466,178,92.569,4.19,317.582,2827.753,46.047,59.81,0
4125,165,67.84,3.308,332.725,3599.191,86.707,61.895,0
955,38,56.012,4.033,317.792,2134.396,76.301,68.461,0
5617,224,77.729,2.062,326.451,2346.522,36.03,53.575,0
4148,165,62.847,2.574,310.54,1360.039,81.916,71.032,0
1271,50,82.572,4.49,286.983,2983.059,48.016,53.407,0
3622,144,73.276,5.987,317.892,7747.281,52.004,68.701,0
1000,40,93.916,3.076,336.675,3480.353,47.936,51.238,0
298,11,79.927,3.868,324.793,3932.563,53.423,46.413,0
4286,171,69.734,5.19,322.089,7157.867,36.539,61.204,0
4392,175,71.259,4.262,307.558,4413.504,38.947,75.185,0
3165,126,80.287,3.024,299.518,4243.36,86.052,50.55,0
1017,40,94.11,3.126,330.864,6439.122,49.341,64.283,0
2130,85,86.575,5.324,331.657,8342.022,72.237,45.091,0
686,27,90.007,4.414,327.535,8691.515,47.007,55.079,0
1449,57,83.785,5.192,322.165,4817.753,76.325,61.141,0
411,16,81.171,4.125,327.482,7896.312,51.687,74.239,1
4062,162,82.081,4.084,310.571,2197.027,43.83,72.371,0
4561,182,84.417,3.586,344.859,1775.912,54.546,51.206,0
3187,127,69.553,4.756,294.833,4461.787,52.36,79.541,0
4034,161,85.9,5.28,324.283,6780.437,33.248,60.224,0
1023,40,97.129,3.014,320.791,6751.278,54.386,44.843,0
5401,216,75.221,3.253,309.082,4963.101,52.213,54.066,0
3643,145,78.049,5.199,318.794,5348.647,64.397,44.769,0
844,33,101.619,6.717,325.512,4444.579,92.334,37.367,1
3268,130,68.495,4.348,301.216,3138.515,49.831,70.549,0
2850,114,64.36,2.133,312.543,1081.246,57.725,60.483,0
5095,203,63.606,1.897,320.618,2559.655,42.072,49.558,0
4459,178,97.664,4.561,325.332,4767.613,41.749,39.424,0
649,25,67.248,3.509,327.307,1107.874,61.254,41.58,0
3998,159,88.967,4.941,322.178,6517.004,57.601,16.991,0
295,11,83.769,5.348,309.348,6738.14,58.533,58.698,0
3054,122,81.77,6.234,310.787,5424.229,28.769,35.526,0
4927,197,85.801,4.383,321.577,4675.018,80.589,69.977,0
1266,50,86.682,5.801,315.928,6079.722,51.551,51.117,0
3990,159,87.063,5.637,292.459,5571.522,58.8,54.776,0
2637,105,79.438,4.557,312.505,5516.354,91.66,64.146,0
742,29,72.692,2.739,323.401,2854.298,41.338,63.224,0
5271,210,70.682,4.188,290.747,5681.735,62.563,53.797,0
4334,173,86.999,3.846,321.878,1612.736,26.351,63.189,0
1684,67,89.63,5.538,315.745,5777.623,72.642,49.983,1
1369,54,74.62,3.71,300.97,3619.333,66.813,75.591,0
2432,97,74.381,5.003,307.408,1063.832,59.483,58.77,0
4317,172,72.023,2.707,305.811,227.734,90.296,49.238,0
5417,216,64.921,2.266,329.658,1413.867,44.981,48.123,0
3164,126,77.585,3.024,297.866,1614.904,77.457,53.558,0
27,1,85.436,4.908,339.21,7671.265,46.92,76.097,0
49,1,86.557,4.521,329.267,7402.602,57.685,52.118,0
1544,61,85.99,4.332,303.441,6852.808,100.0,67.312,1
4571,182,80.415,4.598,318.641,425.048,49.282,51.462,0
1143,45,73.647,4.475,306.611,4341.877,94.491,55.098,0
3584,143,74.976,2.321,325.902,1765.449,53.343,47.261,0
213,8,78.709,5.21,303.756,6823.409,71.883,74.235,0
2083,83,79.857,3.765,324.918,2200.329,53.619,65.537,0
4030,161,88.128,4.863,322.883,6457.029,29.245,53.567,0
4152,166,91.484,4.413,310.127,7661.376,35.017,65.281,0
93,3,84.058,5.882,300.897,6673.815,85.253,74.593,0
1198,47,73.384,3.368,314.076,1520.31,32.421,63.516,0
1491,59,76.166,4.136,316.264,5452.131,96.081,34.052,0
1613,64,82.179,4.901,336.681,7927.225,64.931,78.404,0
2434,97,66.435,4.052,330.589,552.072,57.893,47.308,0
4577,183,62.141,1.805,314.995,498.33,51.771,72.813,0
683,27,79.493,2.886,289.222,3658.185,49.335,42.107,0
1489,59,71.783,2.767,316.466,5246.298,88.726,36.232,0
3026,121,89.146,4.648,323.969,7490.432,55.985,56.042,0
4564,182,86.434,4.103,305.424,2084.96,65.054,45.748,0
4524,180,79.716,3.1,336.112,2469.146,84.087,45.823,0
695,27,83.613,3.195,332.612,4397.411,51.897,55.283,0
3277,131,73.832,5.853,333.771,1100.833,53.022,65.14,0
4002,160,79.869,6.443,321.376,6822.204,86.597,59.861,0
2801,112,74.55,5.039,305.402,3814.661,87.079,55.545,0
5007,200,85.082,2.715,301.566,4092.624,35.871,82.566,0
697,27,77.372,2.098,315.89,1028.412,54.919,52.66,0
3453,138,69.899,4.182,330.737,3703.426,43.62,53.702,0
4327,173,96.065,5.602,308.469,7905.184,26.577,40.814,0
5895,235,77.466,5.24,297.394,6592.803,53.178,24.628,0
41,1,79.91,3.452,320.002,4754.715,50.947,47.801,0
4343,173,86.064,3.224,315.192,2202.599,33.21,34.858,0
2281,91,85.872,6.434,318.099,4361.414,41.941,65.758,0
4448,177,74.107,4.029,317.175,5991.03,79.523,57.092,0
3238,129,77.826,8.263,302.649,8122.496,96.715,46.961,1
4564,182,86.434,4.103,305.424,2084.96,65.054,45.748,0
1135,45,82.035,5.442,326.159,8583.947,88.801,55.77,0
5415,216,74.673,3.662,306.591,3261.833,54.489,62.49,0
2577,103,98.706,9.409,314.079,7450.982,35.844,76.413,1
4675,187,90.278,3.831,294.288,4254.391,92.836,54.075,0
1861,74,62.851,5.551,332.193,1430.836,87.189,78.332,0
931,37,79.66,4.826,324.465,3484.976,78.254,67.78,0
2304,92,75.12,4.365,320.531,7945.251,88.759,78.006,0
4137,165,73.375,4.097,313.527,5375.28,84.968,56.036,0
5434,217,76.253,4.989,314.674,5844.217,85.829,72.9,0
3067,122,76.464,5.144,288.896,1937.581,35.199,59.838,0
2204,88,65.766,3.788,315.703,8979.857,65.257,57.801,0
5564,222,78.254,1.769,319.13,122.94,55.571,28.398,0
4399,175,70.538,3.389,331.412,3858.869,61.095,74.529,0
2836,113,81.384,3.425,317.952,3344.502,63.768,58.491,0
4009,160,74.787,4.538,335.274,4037.321,98.377,71.704,0
1610,64,84.508,4.879,314.657,5970.757,66.626,48.934,0
3075,123,86.104,4.93,322.289,6900.645,62.367,43.212,0
2622,104,78.03,5.889,313.994,5143.454,44.842,50.942,1
1553,62,66.774,3.09,345.872,1327.724,59.562,43.934,0
631,25,69.277,2.613,302.377,949.157,82.91,64.63,0
1464,58,84.613,3.123,321.394,4846.29,80.328,47.91,0
4629,185,70.099,6.671,348.271,343.806,78.166,62.557,0
4501,180,80.867,4.269,326.411,5230.983,74.062,81.674,0
2806,112,74.498,4.369,312.987,3103.22,91.636,67.942,0
5214,208,81.782,4.803,316.759,6383.141,60.602,60.987,0
1106,44,78.907,4.409,304.95,5324.847,47.815,52.892,0
4386,175,65.233,2.564,320.312,1584.671,53.512,52.64,0
4507,180,74.923,1.94,340.249,1.639,75.244,47.743,0
424,16,79.816,3.979,324.436,6298.252,55.477,50.623,0
5090,203,79.345,4.44,323.946,8527.076,37.554,83.706,0
4552,182,89.589,5.719,310.443,6130.312,56.778,75.176,0
2863,114,77.451,4.147,323.237,3761.406,52.5,58.467,0
3048,121,86.888,3.289,324.926,2973.026,40.745,54.82,0
3609,144,67.975,3.916,336.937,5550.048,51.387,53.214,0
2969,118,73.95,4.966,292.967,5924.48,100.0,52.566,0
298,11,79.927,3.868,324.793,3932.563,53.423,46.413,0
2756,110,58.889,2.84,310.305,1577.076,60.681,45.833,0
5088,203,65.325,2.18,319.321,3574.461,50.443,55.864,0
3271,130,74.553,5.1,311.76,7117.794,30.794,64.322,0
1542,61,82.26,3.106,344.564,2595.984,90.904,47.25,0
5401,216,75.221,3.253,309.082,4963.101,52.213,54.066,0
2721,108,74.348,3.843,318.482,6192.962,94.348,38.875,0
1257,50,85.303,5.647,328.019,5002.604,57.882,71.222,0
3646,145,78.219,5.261,311.673,7120.469,72.308,69.855,0
1180,47,80.693,5.685,295.873,6047.183,32.531,39.922,0
3847,153,79.263,2.368,338.706,631.14,58.454,48.238,0
4143,165,76.456,5.334,303.198,8441.182,78.551,49.183,0
1279,51,65.258,4.603,313.468,1033.129,82.195,56.428,0
1997,79,96.677,4.369,310.328,7193.833,86.142,50.706,0
3630,145,82.431,5.903,311.689,7959.844,62.983,65.11,0
1435,57,82.65,4.1,302.98,4456.177,79.468,48.636,0
4773,190,74.688,2.184,320.463,3117.414,75.462,45.781,0
4379,175,79.528,6.028,331.341,8690.499,63.141,60.461,0
1194,47,70.796,2.811,337.769,1104.771,32.264,35.326,0
3632,145,70.8,4.777,327.172,2335.231,67.529,46.85,0
3576,143,86.881,5.261,291.933,8274.772,62.911,47.726,1
2486,99,88.856,4.228,319.205,4693.919,34.69,64.872,0
4019,160,76.624,5.352,310.047,5041.013,90.54,59.17,0
2739,109,91.633,4.744,341.947,6836.798,59.473,56.309,1
2819,112,85.181,6.523,321.179,8300.376,79.81,61.773,0
2591,103,90.565,7.009,287.842,3144.458,31.272,67.339,1
3579,143,73.292,2.597,327.588,3387.292,58.634,48.912,0
11,0,102.078,6.734,311.386,7842.37,100.0,45.468,1
3690,147,67.108,2.565,329.687,1828.971,39.545,30.7,0
792,31,87.181,6.231,316.714,8626.46,52.47,48.269,0
1454,58,88.137,3.016,314.708,3952.553,74.655,58.359,0
4696,187,97.206,4.319,317.424,7366.96,86.482,67.023,0
1452,58,83.346,2.562,335.007,2511.219,66.69,29.357,0
3840,153,92.753,5.806,309.747,8451.677,56.407,46.615,1
1606,64,76.001,2.908,300.593,1851.879,70.166,60.065,0
5970,238,81.455,3.678,338.931,2197.178,49.589,68.713,0
5904,236,78.877,4.852,284.472,7036.247,40.959,44.618,0
2185,87,76.332,2.894,324.535,274.651,65.145,58.95,0
5409,216,78.478,3.979,325.512,7063.353,47.519,79.126,0
5407,216,76.951,3.979,335.22,4698.762,50.624,68.855,0
1380,55,85.95,9.347,312.413,8762.586,92.852,79.874,1
2491,99,86.593,2.263,321.334,796.874,40.926,71.918,0
1266,50,86.682,5.801,315.928,6079.722,51.551,51.117,0
1468,58,94.432,4.208,331.141,7710.586,72.656,54.895,0
3237,129,69.433,6.088,318.201,3136.387,100.0,61.685,0
3084,123,80.009,4.026,346.898,5383.691,52.028,58.282,0
2835,113,68.554,1.711,315.369,176.315,54.876,67.764,0
1347,53,94.492,4.232,300.64,4451.539,98.891,40.564,0
3261,130,70.377,4.948,301.629,5699.276,42.979,67.788,0
5624,224,78.752,2.727,330.948,469.665,31.549,65.21,0
2437,97,84.195,7.483,326.533,7740.818,57.733,63.993,1
4185,167,79.141,4.869,329.655,7847.676,50.736,63.74,0
1490,59,65.234,1.971,331.951,406.205,94.183,45.175,0
4465,178,101.237,4.177,320.268,7946.33,49.358,53.219,0
3584,143,74.976,2.321,325.902,1765.449,53.343,47.261,0
5422,216,65.294,1.691,334.468,123.089,53.945,63.203,0
542,21,69.576,2.254,330.225,525.814,100.0,63.838,0
4018,160,74.719,4.575,303.399,4310.021,86.387,54.011,0
2710,108,72.065,2.461,314.703,2896.945,94.556,79.314,0
2478,99,88.193,2.723,307.38,1896.768,30.229,51.222,0
2197,87,83.522,4.972,325.046,6882.844,64.022,64.685,0
5389,215,68.605,3.531,306.059,2890.122,57.615,67.253,0
1605,64,78.078,2.852,305.744,3334.032,78.079,60.451,0
3904,156,63.508,4.774,306.529,3208.16,80.481,52.229,0
183,7,71.616,4.344,321.565,1019.262,50.323,44.712,0
5740,229,81.392,6.04,309.031,7394.579,68.851,60.957,1
4661,186,76.616,5.216,304.234,6302.704,60.69,65.362,0
4189,167,67.542,3.291,335.424,3459.198,51.557,65.629,0
3203,128,72.927,4.324,337.266,3630.588,55.808,60.933,0
2437,97,84.195,7.483,326.533,7740.818,57.733,63.993,1
2801,112,74.55,5.039,305.402,3814.661,87.079,55.545,0
4023,160,81.195,6.196,307.267,7945.791,100.0,48.045,0
3098,123,82.521,5.444,353.88,6820.023,64.981,40.592,0
5350,214,89.249,3.165,333.012,1865.589,90.485,52.1,0
2107,84,101.573,6.885,294.814,8828.918,52.204,54.678,1
5084,203,76.834,4.363,335.035,7956.559,45.244,44.085,0
1949,77,66.958,2.185,313.026,145.99,89.535,49.139,0
966,38,63.003,5.59,330.051,6685.7,71.784,58.245,0
874,34,103.074,4.314,315.919,5169.538,37.154,61.062,0
1669,66,73.427,5.043,294.974,4697.952,49.795,58.213,0
5420,216,79.238,3.321,321.476,6393.572,39.419,79.81,0
4644,185,78.4,8.344,325.536,4552.104,82.166,65.073,1
4388,175,63.061,2.947,320.538,1554.904,42.704,59.833,0
1962,78,89.696,3.193,320.838,3605.142,66.932,46.457,0
1427,57,83.24,5.409,330.034,6610.219,68.556,66.253,0
2441,97,79.905,6.452,305.446,6735.195,54.329,59.32,0
4115,164,100.723,8.359,312.469,8869.606,46.561,70.667,1
1130,45,73.983,5.334,340.391,8331.714,89.586,73.6,0
3241,129,72.909,6.387,317.251,5742.371,85.689,45.259,0
2476,99,96.207,4.558,317.89,8341.907,28.01,60.941,0
4501,180,80.867,4.269,326.411,5230.983,74.062,81.674,0
3955,158,85.739,2.936,319.444,2540.03,58.017,64.575,0
1011,40,90.848,3.34,320.475,5291.625,43.306,35.856,0
1967,78,86.604,2.562,307.481,1877.752,70.741,63.191,0
4685,187,93.859,5.001,334.133,6795.664,86.275,78.293,0
5281,211,78.988,5.671,300.098,5000.769,39.237,75.487,0
3119,124,79.265,2.676,342.003,4131.859,38.4,52.2,0
4832,193,82.331,2.613,320.087,1951.1,46.39,64.631,0
1394,55,81.673,8.843,308.907,5590.58,90.796,45.733,1
2637,105,79.438,4.557,312.505,5516.354,91.66,64.146,0
3949,157,74.818,6.159,327.405,8211.307,56.247,61.173,0
199,7,78.347,6.136,318.705,5903.063,43.997,54.975,0
3243,129,74.679,7.821,298.494,7246.695,92.652,66.695,1
5009,200,74.894,1.965,303.521,945.886,34.662,75.28,0
1393,55,77.809,7.747,312.228,1984.761,94.027,70.821,0
45,1,83.23,4.445,308.149,5880.107,51.823,67.261,0
3994,159,79.784,3.194,304.029,1280.409,57.381,62.047,0
4034,161,85.9,5.28,324.283,6780.437,33.248,60.224,0
1524,60,79.953,6.069,310.664,7958.885,26.33,54.366,0
2125,85,78.308,2.627,290.218,5094.06,83.895,64.934,0
2315,92,65.076,1.846,304.806,1023.165,85.473,53.752,0
599,23,90.338,5.21,294.345,5727.921,31.921,55.432,0
4436,177,75.427,3.759,334.16,4652.544,86.955,41.364,0
1415,56,60.854,2.551,324.436,1130.079,57.9,48.275,0
4536,181,87.583,6.729,322.713,6049.382,48.891,74.294,0
4006,160,74.376,4.26,322.025,2972.235,97.345,58.815,0
684,27,89.759,3.589,309.158,6732.264,55.475,56.459,0
4455,178,89.314,2.912,313.221,1148.047,42.652,69.069,0
952,38,66.877,7.013,313.893,7633.585,82.884,35.644,0
4021,160,69.4,4.341,311.076,2291.95,100.0,56.035,0
538,21,83.27,4.365,308.209,8711.246,89.448,68.908,0
3594,143,74.191,2.052,335.675,3029.271,61.954,49.238,0
2819,112,85.181,6.523,321.179,8300.376,79.81,61.773,0
3232,129,73.338,6.13,315.349,5726.424,83.442,45.072,0
4457,178,93.488,3.386,330.799,2579.404,51.134,49.778,0
4394,175,75.006,3.873,288.074,4832.594,55.52,66.35,0
278,11,76.155,3.146,358.385,856.489,55.233,59.325,0
1132,45,73.039,4.139,322.146,5083.784,96.054,62.362,0
5905,236,67.315,1.76,323.323,484.217,43.182,63.429,0
2808,112,77.29,4.897,306.291,3579.857,99.856,29.07,1
4774,190,77.931,4.069,323.911,4354.782,81.819,57.933,0
3349,133,86.905,6.135,345.015,8009.641,60.758,70.405,1
4550,182,87.127,4.065,326.051,817.342,62.363,59.078,0
464,18,71.549,5.561,290.179,3694.78,64.598,52.195,0
3083,123,79.4,3.592,319.459,3419.317,60.606,46.489,0
4465,178,101.237,4.177,320.268,7946.33,49.358,53.219,0
2684,107,93.657,6.471,293.192,4230.187,67.797,55.346,1
4324,172,87.122,4.946,317.961,7573.653,89.988,55.137,0
4875,195,70.928,7.57,321.796,2309.969,74.643,57.205,0
4698,187,81.883,2.648,328.477,2863.628,93.187,64.664,0
1383,55,74.635,7.018,302.765,682.718,88.268,57.54,0
5399,215,67.056,2.505,323.863,1965.004,69.758,55.814,0
3597,143,81.12,3.456,304.272,4496.923,61.317,69.238,0
1256,50,88.909,5.593,323.272,4436.944,47.091,65.992,1
4592,183,65.186,1.449,302.622,702.585,52.656,46.973,0
1609,64,74.773,2.548,300.473,559.965,61.987,64.801,0
2194,87,88.1,5.429,311.169,7957.873,72.526,80.793,0
2695,107,103.782,7.208,324.201,8419.06,71.263,43.595,1
3091,123,74.39,3.413,321.601,796.06,53.572,48.003,0
1162,46,87.121,5.081,325.148,8946.724,83.839,70.168,0
4980,199,68.59,5.036,327.781,3316.35,51.108,58.264,0
4754,190,70.959,1.549,335.43,19.975,84.294,49.252,0
1958,78,79.694,3.166,314.251,1062.639,66.823,56.859,0
5778,231,84.777,5.99,334.054,7737.792,62.055,55.12,0
336,13,101.953,5.719,305.086,8862.394,94.558,60.056,1
819,32,86.057,3.369,325.587,892.324,51.023,76.207,0
4514,180,77.888,3.618,320.629,4007.395,80.251,67.315,0
1523,60,66.31,3.438,343.349,796.028,39.796,48.526,0
1390,55,83.515,8.519,308.768,5878.487,87.033,40.943,1
141,5,73.596,4.379,325.112,6327.245,22.635,81.661,0
2153,86,84.027,2.855,299.875,765.525,83.587,47.487,0
510,20,72.736,5.006,324.533,68.548,70.813,63.499,0
3917,156,70.89,5.609,327.291,5937.4,71.841,73.78,0
33,1,88.499,4.295,321.828,6602.618,60.317,52.393,0
2803,112,77.127,4.879,311.435,3691.948,80.697,67.79,0
5263,210,76.538,6.855,322.99,7731.9,72.596,45.877,1
3498,139,70.354,3.463,322.3,4929.506,64.397,67.149,0
2159,86,84.962,3.824,322.045,1578.882,86.961,89.146,0
694,27,77.626,0.991,337.163,846.193,39.213,55.841,0
5706,228,84.093,4.394,325.974,6483.105,82.866,42.102,1
98,3,78.8,4.309,313.98,3663.753,87.261,46.607,0
3079,123,84.671,4.888,329.612,6547.321,40.09,51.568,0
2476,99,96.207,4.558,317.89,8341.907,28.01,60.941,0
4520,180,75.504,3.799,309.095,3239.705,73.904,82.299,0
3635,145,73.905,3.459,309.648,2748.91,64.465,43.842,0
5607,224,90.2,4.284,312.428,6306.955,36.989,72.246,0
5680,227,83.402,6.162,314.287,7518.01,38.723,56.652,0
4354,174,75.997,6.899,315.024,3798.761,33.348,58.515,0
2946,117,81.476,4.593,315.729,4251.027,84.842,64.714,0
3266,130,64.073,3.63,323.813,1621.547,42.515,55.562,0
5424,216,80.148,4.205,308.921,7139.111,42.507,48.241,0
4389,175,67.739,3.299,323.981,1852.543,50.305,57.351,0
4457,178,93.488,3.386,330.799,2579.404,51.134,49.778,0
5609,224,92.442,4.599,309.501,8113.638,35.094,53.957,0
2485,99,93.309,3.392,310.122,4332.304,25.642,72.906,0
4867,194,82.002,5.464,325.116,7272.465,67.625,63.593,0
4468,178,97.25,4.866,302.879,6819.887,38.36,51.288,0
2543,101,78.483,6.617,335.713,8002.559,100.0,68.128,0
4470,178,100.213,5.551,314.564,7934.174,34.636,53.313,0
690,27,80.7,3.532,335.452,3759.934,50.19,49.397,0
93,3,84.058,5.882,300.897,6673.815,85.253,74.593,0
5138,205,80.463,6.311,333.878,8804.257,36.344,56.656,0
5853,234,76.113,6.03,333.396,7816.058,57.214,52.719,0
2773,110,68.66,4.84,305.191,7317.394,68.186,66.928,0
2581,103,88.278,6.741,324.732,2092.439,30.424,55.498,0
1449,57,83.785,5.192,322.165,4817.753,76.325,61.141,0
5603,224,80.993,2.485,297.754,2118.52,30.211,57.088,0
1622,64,83.343,5.225,292.19,8920.313,73.145,76.231,0
3977,159,86.736,5.982,311.135,6177.684,48.748,52.37,0
4708,188,83.301,3.957,310.758,4311.727,24.069,87.599,0
2838,113,86.786,3.906,298.211,6359.012,62.477,60.245,0
5728,229,71.936,3.78,315.611,407.025,72.251,63.22,0
2449,97,69.141,5.476,314.316,1590.587,58.293,63.266,0
4557,182,97.318,6.261,316.473,8425.052,69.119,69.323,1
1413,56,63.001,4.357,312.748,4175.414,74.56,57.162,0
2995,119,91.372,4.0,319.714,7758.184,34.938,61.497,0
4246,169,92.654,2.177,332.346,2123.515,65.507,62.252,0
1606,64,76.001,2.908,300.593,1851.879,70.166,60.065,0
4899,195,77.504,8.927,328.093,6876.792,61.911,48.256,0
5610,224,77.554,2.124,302.568,148.814,27.746,41.6,0
1844,73,97.849,3.983,315.941,7018.245,100.0,76.266,0
3047,121,88.328,3.617,325.758,4845.891,56.471,66.294,0
81,3,79.746,3.645,332.958,977.641,80.508,77.006,0
2633,105,77.025,4.948,317.694,5789.003,100.0,37.057,0
3652,146,73.217,5.153,325.155,5719.719,38.094,79.221,0
1129,45,76.685,4.787,324.084,8230.015,86.115,58.343,1
5859,234,79.085,5.281,312.692,4316.673,64.821,72.512,0
1195,47,84.727,4.692,302.03,7141.048,38.103,72.175,0
3092,123,83.51,4.078,340.948,4959.482,52.959,72.425,0
40,1,90.079,4.206,314.955,8787.767,46.257,64.174,0
1920,76,80.087,3.501,351.73,4743.98,83.625,66.942,0
4675,187,90.278,3.831,294.288,4254.391,92.836,54.075,0
2641,105,81.291,4.47,313.764,4535.475,75.194,57.83,0
5054,202,74.998,2.968,323.485,438.238,47.874,49.656,0
4750,190,82.685,2.53,328.136,4634.093,82.133,71.883,0
2788,111,84.438,3.497,313.376,5510.03,82.196,41.747,0
1083,43,72.776,3.242,344.323,2425.096,44.324,53.869,0
4688,187,95.35,4.115,292.053,6310.068,76.798,58.093,0
5445,217,77.633,6.59,293.701,4683.753,91.008,68.032,0
1533,61,87.64,6.645,302.823,8785.3,84.47,50.88,0
510,20,72.736,5.006,324.533,68.548,70.813,63.499,0
4963,198,91.487,5.91,306.188,6651.377,33.396,64.649,1
3769,150,76.485,2.668,332.88,1623.331,94.321,46.28,0
1621,64,83.144,4.792,308.381,6266.838,73.156,66.525,0
1161,46,88.158,5.288,336.405,8432.111,75.13,43.859,0
3067,122,76.464,5.144,288.896,1937.581,35.199,59.838,0
5512,220,82.3,3.566,321.093,3036.131,26.967,40.105,0
1141,45,64.607,2.816,337.493,2192.459,80.994,40.622,0
4340,173,88.117,4.135,313.151,777.416,28.626,76.421,0
1606,64,76.001,2.908,300.593,1851.879,70.166,60.065,0
3638,145,76.432,4.591,305.771,4364.675,69.67,65.441,0
2822,112,76.288,4.708,316.833,2748.932,100.0,65.079,0
3517,140,90.33,5.264,354.051,7652.69,65.537,54.936,1
931,37,79.66,4.826,324.465,3484.976,78.254,67.78,0
5084,203,76.834,4.363,335.035,7956.559,45.244,44.085,0
5934,237,77.063,3.98,326.402,2770.643,59.033,44.373,0
3065,122,88.503,6.621,341.877,8633.737,43.126,55.839,0
2630,105,85.467,5.456,322.131,5394.861,91.384,58.941,0
4586,183,74.456,4.314,323.26,7740.19,62.172,79.947,0
1143,45,73.647,4.475,306.611,4341.877,94.491,55.098,0
459,18,68.459,5.088,314.821,1844.855,59.813,75.709,0
4327,173,96.065,5.602,308.469,7905.184,26.577,40.814,0
3340,133,81.357,5.772,318.092,6040.615,57.85,38.224,0
3904,156,63.508,4.774,306.529,3208.16,80.481,52.229,0
211,8,81.474,4.268,307.606,6986.37,63.082,63.816,0
5085,203,70.394,4.718,325.812,8650.002,43.334,69.193,0
4109,164,86.716,5.835,326.622,1760.891,48.639,53.724,0
710,28,84.585,5.337,331.529,7781.434,96.17,54.536,1
4038,161,83.759,4.602,313.831,5180.454,24.763,63.161,0
5884,235,72.707,5.159,283.087,6746.014,46.322,63.971,0
1615,64,76.033,3.882,313.272,2428.692,73.744,57.587,0
5618,224,93.094,5.106,307.231,8584.136,27.121,59.687,0
5733,229,83.688,6.209,309.537,8442.258,62.059,66.677,0
4957,198,92.117,5.64,299.593,6596.567,37.484,44.339,0
3035,121,80.471,2.13,285.467,173.463,53.332,68.251,0
2823,112,79.119,6.356,308.963,5373.615,87.21,38.366,0
2441,97,79.905,6.452,305.446,6735.195,54.329,59.32,0
4577,183,62.141,1.805,314.995,498.33,51.771,72.813,0
1029,41,105.606,6.034,303.712,6253.009,29.913,39.551,0
3256,130,69.586,4.236,333.728,2328.925,42.09,44.714,0
3340,133,81.357,5.772,318.092,6040.615,57.85,38.224,0
5556,222,80.611,1.79,315.805,169.986,60.963,54.305,0
5402,216,68.211,2.431,314.493,577.461,40.654,38.197,0
3012,120,76.391,4.172,321.744,3936.506,42.313,41.754,0
3659,146,66.822,3.176,295.949,1141.581,39.735,79.167,0
4266,170,70.979,3.005,346.662,3607.279,91.655,67.15,0
3333,133,88.194,6.209,326.748,7973.337,56.665,78.407,1
1832,73,91.975,2.344,341.168,3539.792,84.58,58.809,0
1117,44,83.12,5.096,321.905,7693.473,50.424,59.118,0
3478,139,72.85,4.11,323.207,7211.585,73.598,64.059,0
2803,112,77.127,4.879,311.435,3691.948,80.697,67.79,0
1720,68,84.176,5.267,302.957,8567.184,78.062,44.769,0
2321,92,74.443,4.293,297.9,5836.066,67.496,65.074,0
271,10,87.892,5.616,276.8,6052.087,65.007,54.555,0
3394,135,58.208,6.223,298.999,5281.549,100.0,58.517,0
523,20,79.38,6.746,323.684,2960.732,63.377,40.902,0
689,27,79.167,4.02,331.983,3656.069,49.917,52.119,0
4538,181,82.138,6.393,335.58,2844.047,39.808,57.784,0
694,27,77.626,0.991,337.163,846.193,39.213,55.841,0
4244,169,85.601,2.215,331.269,1314.289,59.258,50.751,0
3037,121,82.374,2.529,333.846,607.289,54.764,58.328,0
1526,61,77.155,2.524,304.674,2001.724,94.735,67.682,0
3565,142,92.981,4.533,322.533,6607.103,68.288,63.037,0
3227,129,78.478,8.406,330.532,8208.761,97.697,58.275,1
5406,216,73.642,3.85,331.168,4583.251,55.068,64.077,0
5743,229,71.445,4.324,314.892,1342.463,58.757,58.398,0
2864,114,68.575,2.49,312.295,90.977,51.796,50.678,0
2447,97,80.814,6.622,331.885,8173.703,54.164,62.022,0
3626,145,76.169,3.88,331.035,2752.306,68.171,40.986,0
712,28,74.754,3.306,348.761,954.272,98.295,60.267,0
3240,129,68.257,5.789,318.357,2380.437,85.417,68.292,0
676,27,90.244,4.525,325.434,8236.591,57.874,55.658,1
1772,70,104.214,4.742,323.29,8353.496,39.786,49.31,1
4487,179,90.213,7.413,327.398,8681.933,74.242,55.249,0
4523,180,81.541,3.805,328.024,4464.245,77.388,63.196,0
2952,118,72.31,3.426,308.228,4803.013,92.317,23.097,0
5741,229,69.388,3.667,337.708,1323.915,56.49,37.758,0
1038,41,110.526,7.313,295.357,8659.457,34.205,34.616,1
1977,79,96.673,3.507,316.007,5178.471,85.018,81.281,0
3639,145,70.989,3.683,323.184,2382.388,73.065,34.025,0
2823,112,79.119,6.356,308.963,5373.615,87.21,38.366,0
4000,160,77.111,5.714,326.918,5226.979,95.84,56.737,0
631,25,69.277,2.613,302.377,949.157,82.91,64.63,0
4333,173,85.997,4.674,316.691,2582.489,37.086,53.762,0
1131,45,78.099,4.997,296.946,7904.595,100.0,51.596,1
1720,68,84.176,5.267,302.957,8567.184,78.062,44.769,0
1239,49,92.681,6.243,305.278,8291.225,81.084,45.454,1
4336,173,95.864,5.842,325.41,7017.941,40.586,44.442,1
265,10,83.739,4.22,306.283,2234.191,67.034,72.257,0
5852,234,73.473,5.052,326.206,5828.689,62.081,65.019,1
2486,99,88.856,4.228,319.205,4693.919,34.69,64.872,0
1502,60,75.572,5.151,323.137,3309.289,30.363,44.412,0
2123,84,93.776,4.978,314.229,4426.86,43.811,70.786,0
3053,122,73.698,4.919,307.898,3484.698,35.17,73.993,0
1485,59,78.386,3.977,304.982,8269.883,79.127,73.67,1
4505,180,84.333,5.377,327.302,7459.228,81.847,48.117,1
4471,178,87.766,2.503,318.446,725.566,38.778,64.558,0
3894,155,52.773,3.499,339.988,932.875,100.0,54.67,0
5397,215,66.399,1.997,335.138,1009.516,51.323,54.212,0
4339,173,91.034,4.984,318.095,4234.149,38.558,50.501,0
1126,45,69.586,2.632,312.023,1910.231,100.0,53.873,0
1655,66,76.713,5.939,299.018,7187.068,62.451,45.769,0
2946,117,81.476,4.593,315.729,4251.027,84.842,64.714,0
1968,78,80.252,1.742,348.314,574.013,68.966,56.674,0
2595,103,92.891,7.153,306.874,3521.376,31.25,48.272,0
2925,117,89.357,5.526,294.645,6207.727,97.978,49.095,1
4572,182,81.775,2.862,311.996,483.255,61.465,59.855,0
3334,133,81.36,6.154,334.553,8293.23,58.855,51.493,0
4947,197,82.122,3.401,305.636,3020.523,86.901,33.687,0
3766,150,81.081,3.777,312.224,2346.448,100.0,65.069,0
36,1,84.988,3.536,311.1,5398.285,69.657,71.593,0
5953,238,96.533,5.515,324.226,6603.133,31.405,54.617,0
985,39,81.815,7.038,322.152,6459.74,25.436,72.449,0
2594,103,89.91,7.908,315.801,3867.043,50.017,66.459,0
109,4,72.563,2.829,309.629,724.609,48.717,53.021,0
3233,129,75.634,5.809,310.84,4131.815,92.468,68.572,0
4143,165,76.456,5.334,303.198,8441.182,78.551,49.183,0
1841,73,103.19,4.858,332.97,8083.804,79.566,63.562,0
5527,221,73.383,5.976,329.772,5259.008,64.844,54.473,1
1019,40,91.785,2.386,302.089,4860.186,42.178,68.914,0
5644,225,77.708,3.824,314.811,4310.544,90.102,77.474,0
4578,183,68.654,2.117,344.87,885.83,48.9,58.846,0
1043,41,109.388,6.003,317.485,5600.777,38.058,70.377,0
682,27,86.328,3.167,309.922,3944.883,54.063,57.365,0
414,16,76.71,3.363,336.523,5080.62,60.599,60.002,0
3588,143,82.573,3.51,313.224,5130.261,67.501,68.435,0
1601,64,75.37,1.838,297.611,750.0,67.948,50.156,0
5788,231,91.615,4.848,308.222,6971.798,54.055,46.453,1
745,29,73.703,3.066,325.476,2974.22,34.822,54.008,0
4684,187,82.32,2.186,321.471,1364.113,88.845,59.89,0
2491,99,86.593,2.263,321.334,796.874,40.926,71.918,0
55,2,72.275,3.31,320.096,4162.858,51.886,79.68,0
4389,175,67.739,3.299,323.981,1852.543,50.305,57.351,0
3628,145,68.089,2.54,305.352,150.621,67.962,63.357,0
1480,59,78.117,2.97,316.22,7387.06,81.029,33.717,0
2427,97,74.585,5.813,323.864,3329.703,64.591,60.468,0
1020,40,93.323,4.38,311.477,6360.527,52.21,55.706,0
930,37,83.039,5.623,330.467,6907.495,67.451,53.17,0
3550,142,90.236,2.973,333.749,3728.678,68.385,48.178,0
3325,133,87.765,5.595,312.55,8429.145,63.307,71.26,0
1378,55,80.972,8.984,310.231,6133.77,94.977,49.455,1
1911,76,76.473,5.058,338.088,7702.877,75.728,61.902,0
5971,238,92.733,5.769,335.926,6571.809,32.592,48.062,0
2413,96,85.468,5.528,312.631,2376.168,47.562,54.285,1
3032,121,80.565,1.936,324.449,729.564,53.978,67.724,0
1121,44,70.993,2.497,319.505,192.753,47.635,49.379,0
165,6,72.18,3.286,342.904,670.675,97.238,68.366,0
3810,152,67.437,3.957,321.908,1890.097,57.259,46.154,0
1520,60,71.936,4.001,307.098,1937.951,40.938,75.685,0
4426,177,72.71,2.698,325.462,1725.122,80.788,55.907,0
1498,59,73.411,3.061,304.378,6067.151,92.567,55.979,0
2476,99,96.207,4.558,317.89,8341.907,28.01,60.941,0
3992,159,76.704,3.862,299.345,501.387,59.825,46.009,0
4193,167,67.928,4.12,314.739,5478.615,31.335,27.403,0
2314,92,69.524,4.027,314.085,4106.729,88.081,49.662,0
4351,174,72.653,6.55,324.099,2275.488,37.903,73.886,0
3476,139,68.087,3.095,295.949,3135.616,80.143,68.846,0
4702,188,82.717,2.75,324.563,294.443,40.538,41.003,0
4479,179,81.619,6.581,309.172,5267.999,96.092,61.652,0
4773,190,74.688,2.184,320.463,3117.414,75.462,45.781,0
1655,66,76.713,5.939,299.018,7187.068,62.451,45.769,0
577,23,79.072,3.945,335.927,1877.864,24.933,52.669,0
26,1,83.885,2.822,332.132,3056.15,48.419,54.317,0
2167,86,96.585,4.294,304.877,7819.536,90.549,80.931,1
2670,106,68.3,4.825,299.657,4707.795,72.03,51.929,0
1666,66,79.196,6.242,326.209,8671.955,61.965,64.398,1
1125,45,75.756,4.056,326.32,5664.439,85.865,78.937,0
2722,108,74.823,3.012,303.856,3356.835,87.633,48.743,0
1960,78,84.352,2.813,318.902,1319.024,68.037,78.889,0
245,9,58.512,2.348,307.385,360.999,78.987,50.759,0
4939,197,88.764,5.749,314.725,8414.985,63.535,65.412,0
3213,128,68.948,3.838,307.472,1201.392,53.773,70.384,0
1191,47,85.585,6.178,306.873,8603.945,30.348,59.788,1
2164,86,88.308,3.127,340.718,2826.416,78.376,54.294,0
3584,143,74.976,2.321,325.902,1765.449,53.343,47.261,0
649,25,67.248,3.509,327.307,1107.874,61.254,41.58,0
3211,128,82.786,6.035,312.227,8425.317,62.669,75.827,0
4391,175,73.486,5.068,321.661,6300.065,50.099,69.568,0
1134,45,71.606,3.157,312.062,3474.293,90.651,57.777,0
3099,123,88.359,5.844,335.396,8994.975,59.677,42.688,0
5376,215,76.718,4.843,337.877,6116.416,64.663,58.426,0
4259,170,66.828,2.613,328.583,2834.947,76.984,32.18,0
2825,113,84.658,4.74,324.286,8214.132,67.564,55.986,0
173,6,80.161,5.353,333.888,6408.997,100.0,59.284,0
5554,222,81.564,3.845,316.58,4130.808,54.405,56.546,0
5902,236,84.277,3.72,335.124,6868.722,43.334,31.145,0
4573,182,90.664,6.026,317.592,6902.354,58.129,48.822,0
1476,59,66.925,1.409,307.47,255.353,79.298,65.882,0
3598,143,73.574,3.101,307.952,2234.284,63.174,53.938,0
4676,187,97.784,4.958,319.958,8809.02,75.58,83.837,0
3247,129,68.163,5.014,315.114,1678.077,97.631,55.82,0
5776,231,77.971,3.617,301.904,2219.779,64.814,55.771,0
3648,145,74.417,4.087,315.028,2989.54,68.705,70.566,0
32,1,84.018,3.002,318.705,5289.653,53.281,61.569,0
1910,76,78.924,3.995,322.408,4602.942,78.398,43.246,0
5970,238,81.455,3.678,338.931,2197.178,49.589,68.713,0
5893,235,68.296,3.27,291.339,2796.757,59.433,48.368,0
5467,218,95.378,7.167,290.113,4459.009,77.537,56.441,0
1384,55,72.659,6.316,316.718,667.521,97.268,36.786,0
1608,64,82.121,5.284,304.776,8505.255,79.656,82.455,1
3736,149,72.826,5.214,335.2,7911.063,75.934,72.541,0
255,10,88.673,4.613,316.334,4848.46,63.804,39.108,0
5323,212,81.509,3.27,296.677,5190.094,92.766,74.645,0
3038,121,89.262,3.957,317.583,5292.044,40.539,42.356,0
4378,175,71.583,4.438,309.968,5993.833,55.778,74.5,0
3825,153,91.821,5.028,301.989,7194.661,54.954,73.697,0
2439,97,73.68,5.256,325.296,2547.154,62.391,37.516,0
5390,215,71.318,4.636,309.122,6933.085,68.097,19.906,0
1540,61,91.933,5.879,322.866,8392.971,100.0,36.329,1
3132,125,73.091,4.371,326.591,822.125,69.267,74.889,0
2708,108,73.679,3.178,340.928,4667.716,77.652,63.395,0
4331,173,89.288,4.544,337.293,3708.955,42.066,45.372,0
4267,170,63.953,2.237,309.446,625.708,100.0,50.375,0
2834,113,87.495,5.206,323.7,7983.189,55.581,54.294,0
2169,86,90.453,3.628,297.284,5107.753,85.746,51.914,0
1390,55,83.515,8.519,308.768,5878.487,87.033,40.943,1
281,11,72.514,1.673,332.001,99.679,56.133,65.312,0
2810,112,78.05,6.824,306.597,6561.3,90.077,61.005,0
25,1,80.307,2.101,310.374,3056.507,47.724,38.179,0
2413,96,85.468,5.528,312.631,2376.168,47.562,54.285,1
5759,230,68.121,2.859,340.717,2335.62,48.096,74.107,0
4009,160,74.787,4.538,335.274,4037.321,98.377,71.704,0
2668,106,68.845,4.968,320.693,5991.034,75.389,24.28,0
5619,224,82.379,2.425,303.262,1793.093,27.172,68.632,0
5969,238,91.111,4.378,312.105,1827.846,50.714,79.996,0
4557,182,97.318,6.261,316.473,8425.052,69.119,69.323,1
1957,78,89.024,2.752,324.052,4065.932,69.088,73.482,0
5267,210,67.72,4.731,335.526,5481.018,79.518,40.753,1
4588,183,71.163,3.599,303.22,4861.432,45.596,56.181,0
4002,160,79.869,6.443,321.376,6822.204,86.597,59.861,0
2872,114,74.993,4.243,307.727,6801.519,57.511,35.5,0
1710,68,78.445,3.775,332.48,2830.961,80.235,55.635,0
1915,76,68.557,1.497,332.305,1577.767,79.247,66.613,0
3194,127,69.276,5.342,307.258,5748.161,49.434,70.57,0
3090,123,77.355,3.769,300.735,3053.239,58.46,72.107,0
2837,113,71.856,1.878,295.345,239.971,66.985,38.061,0
4598,183,70.765,3.497,293.312,4574.02,56.432,57.946,0
1593,63,74.917,3.382,314.466,3883.444,45.262,50.996,0
831,33,97.588,6.438,288.855,1491.555,98.021,55.154,1
1151,46,87.641,4.607,344.98,7514.112,85.044,63.302,0
3839,153,92.972,2.911,331.323,5906.641,47.869,69.961,0
245,9,58.512,2.348,307.385,360.999,78.987,50.759,0
1973,78,85.805,2.286,340.292,227.202,66.078,48.935,0
1148,45,77.961,4.508,318.283,6732.516,98.367,63.446,0
190,7,75.018,5.536,336.172,4188.903,50.249,55.456,0
5617,224,77.729,2.062,326.451,2346.522,36.03,53.575,0
2446,97,73.697,4.635,337.27,229.936,47.543,53.068,0
5386,215,74.198,3.42,322.968,3650.328,65.55,77.237,0
3000,120,78.893,4.386,312.428,7688.551,37.946,52.744,0
5776,231,77.971,3.617,301.904,2219.779,64.814,55.771,0
940,37,81.574,5.177,309.938,3930.941,69.323,61.475,0
2481,99,94.239,3.249,306.67,5473.742,34.285,54.278,0
1584,63,83.079,5.684,330.238,8325.827,45.886,45.746,0
4457,178,93.488,3.386,330.799,2579.404,51.134,49.778,0
1525,61,81.322,3.609,348.147,1918.9,100.0,63.607,0
3444,137,83.045,4.548,314.611,6479.069,71.604,60.861,0
1268,50,85.656,5.26,287.829,3469.011,50.157,64.946,0
421,16,77.052,4.034,321.086,5644.255,48.163,52.377,0
5307,212,79.726,4.063,311.704,5705.706,76.425,62.904,0
4533,181,90.937,7.637,317.681,7171.382,55.408,49.68,1
4594,183,74.015,4.888,329.944,7594.297,54.566,56.85,0
5973,238,95.076,5.567,330.806,6786.8,34.498,81.013,1
4988,199,70.269,4.348,319.171,2827.011,45.801,64.748,0
454,18,70.968,6.287,305.214,4923.013,68.288,40.851,0
1830,73,97.227,3.081,299.301,4726.883,86.047,77.289,0
2664,106,58.265,4.498,317.746,873.12,74.054,45.66,0
5647,225,79.008,3.063,346.134,2817.578,98.066,46.738,0
124,4,91.756,4.935,341.234,8280.999,49.649,37.029,0
4395,175,67.359,3.263,332.045,2725.467,65.743,58.056,0
410,16,65.313,2.977,323.113,1022.483,57.434,56.607,0
1162,46,87.121,5.081,325.148,8946.724,83.839,70.168,0
1554,62,66.296,3.223,319.81,3916.454,61.914,49.588,0
2820,112,75.795,4.21,318.498,1473.291,88.084,60.051,0
5393,215,81.811,5.137,302.354,8296.587,62.509,69.639,0
5068,202,75.091,3.984,308.337,2243.959,55.871,63.547,0
2016,80,71.111,2.847,298.245,2200.339,100.0,47.708,0
5933,237,70.935,3.395,320.572,92.818,46.866,43.531,0
360,14,85.896,5.899,306.296,7133.737,88.564,70.454,1
336,13,101.953,5.719,305.086,8862.394,94.558,60.056,1
2994,119,93.472,3.873,329.446,7200.679,39.179,58.867,0
2275,91,79.715,5.369,314.442,794.92,35.304,37.119,0
5098,203,70.093,3.544,323.009,5326.521,41.884,55.438,0
174,6,77.49,5.927,334.111,6014.214,95.34,49.535,1
5241,209,63.261,3.249,315.232,1850.589,52.042,73.385,0
1830,73,97.227,3.081,299.301,4726.883,86.047,77.289,0
4586,183,74.456,4.314,323.26,7740.19,62.172,79.947,0
76,3,78.326,3.342,365.128,2360.026,91.342,50.744,0
5416,216,72.082,2.634,306.043,1966.288,46.425,64.088,0
4830,193,80.791,2.228,314.305,1276.612,59.777,60.477,0
3599,143,71.067,2.03,323.62,1942.828,50.859,51.17,0
4888,195,74.79,7.823,312.832,2438.961,52.014,67.34,0
4659,186,83.301,5.452,304.734,6692.102,54.277,76.205,0
5033,201,93.657,5.33,317.875,7373.735,32.238,74.047,1
4176,167,75.648,4.714,290.024,7046.663,40.672,68.914,0
5775,231,88.969,4.959,324.489,7513.715,54.687,65.354,0
3587,143,85.369,4.279,323.092,7665.589,55.459,59.805,0
4234,169,87.504,3.208,317.202,2625.05,56.96,50.147,0
2935,117,90.757,5.602,340.497,6799.102,94.955,63.519,0
5953,238,96.533,5.515,324.226,6603.133,31.405,54.617,0
141,5,73.596,4.379,325.112,6327.245,22.635,81.661,0
4392,175,71.259,4.262,307.558,4413.504,38.947,75.185,0
1523,60,66.31,3.438,343.349,796.028,39.796,48.526,0
4134,165,72.769,4.694,301.37,6131.382,87.86,57.616,0
1204,48,75.942,4.413,337.478,3968.532,69.27,80.169,0
2297,91,83.918,4.748,311.94,1878.981,50.97,56.669,0
4183,167,69.529,4.258,319.27,5346.035,46.211,30.348,0
2643,105,76.269,4.775,304.492,4256.777,80.943,48.107,0
4075,163,95.241,6.463,320.618,5886.297,43.915,53.887,0
3977,159,86.736,5.982,311.135,6177.684,48.748,52.37,0
733,29,70.097,2.903,337.442,776.383,45.194,44.44,0
4198,167,61.463,2.527,324.207,1327.75,42.396,56.745,0
1809,72,67.367,6.339,306.644,6407.207,37.901,43.225,0
2717,108,68.558,2.315,322.712,159.241,94.387,45.924,0
3143,125,75.193,5.267,296.579,3794.198,80.866,68.849,0
2499,99,91.502,2.871,316.504,3732.77,31.471,54.676,0
1650,66,81.917,5.337,323.815,7327.164,48.486,60.237,0
1130,45,73.983,5.334,340.391,8331.714,89.586,73.6,0
3868,154,68.238,5.364,356.404,31.266,48.995,43.172,0
4471,178,87.766,2.503,318.446,725.566,38.778,64.558,0
1272,50,89.943,6.306,312.468,6337.846,52.219,63.75,1
3717,148,83.953,3.757,289.727,4603.1,73.253,66.329,0
918,36,80.48,5.101,289.698,4180.503,74.211,56.971,0
3956,158,87.166,2.895,331.552,3050.698,55.639,68.195,0
1923,76,77.472,2.779,314.516,4106.596,78.492,61.627,0
2434,97,66.435,4.052,330.589,552.072,57.893,47.308,0
4129,165,66.79,3.642,314.024,2375.61,81.825,49.8,0
2862,114,66.559,2.841,290.473,917.911,58.901,43.75,0
2830,113,87.619,4.075,318.982,6083.452,65.567,28.383,0
1955,78,84.562,2.492,331.806,2862.524,65.481,63.956,0
4696,187,97.206,4.319,317.424,7366.96,86.482,67.023,0
1956,78,82.84,2.19,326.202,411.222,76.901,60.017,0
4000,160,77.111,5.714,326.918,5226.979,95.84,56.737,0
342,13,88.956,3.003,335.558,2049.793,91.153,40.923,0
5406,216,73.642,3.85,331.168,4583.251,55.068,64.077,0
5747,229,76.983,3.824,307.507,1964.12,71.83,86.148,0
1255,50,89.033,5.023,329.448,5463.592,41.676,47.299,0
2813,112,80.948,6.034,308.858,6863.489,88.334,51.301,0
692,27,86.671,4.006,315.778,7119.19,46.625,56.208,0
2669,106,71.326,5.403,308.095,6001.098,83.002,59.869,0
5095,203,63.606,1.897,320.618,2559.655,42.072,49.558,0
3642,145,77.626,3.214,349.864,3895.644,67.387,61.839,0
936,37,88.881,5.917,331.185,8377.197,80.539,40.514,1
5770,230,78.848,4.451,300.374,8105.105,38.53,74.616,0
3419,136,92.127,5.361,336.662,6805.49,34.87,61.855,1
502,20,77.374,5.552,310.11,2215.7,65.33,35.806,0
2449,97,69.141,5.476,314.316,1590.587,58.293,63.266,0
974,38,62.813,5.821,345.729,7738.521,91.218,71.237,1
5238,209,69.772,5.35,318.82,6684.627,46.293,68.448,0
2585,103,97.162,7.834,332.806,6650.134,41.594,47.234,1
3079,123,84.671,4.888,329.612,6547.321,40.09,51.568,0
4955,198,83.315,3.309,323.284,910.064,43.591,75.588,0
3531,141,72.09,3.145,306.907,3205.087,18.584,56.933,0
284,11,82.419,5.207,301.154,5093.929,67.543,59.6,0
503,20,78.615,6.539,321.173,5337.417,67.766,64.85,1
1174,46,80.284,4.102,299.175,4542.74,79.883,68.947,0
4137,165,73.375,4.097,313.527,5375.28,84.968,56.036,0
3833,153,88.118,2.531,332.29,2206.182,49.301,68.372,0
2432,97,74.381,5.003,307.408,1063.832,59.483,58.77,0
1981,79,84.667,1.56,308.574,825.7,86.646,56.812,0
565,22,71.152,4.995,324.982,3319.817,78.401,42.594,0
452,18,75.56,6.297,312.746,6857.777,51.864,59.62,0
3911,156,74.568,6.574,301.191,8427.153,74.357,52.827,1
4597,183,75.558,3.392,334.185,6012.582,60.483,61.307,0
3084,123,80.009,4.026,346.898,5383.691,52.028,58.282,0
4187,167,66.863,3.035,317.542,2342.568,43.332,61.41,1
2826,113,79.594,2.879,338.354,2606.286,59.605,67.54,0
297,11,81.273,4.755,302.515,5136.01,62.918,52.139,0
25,1,80.307,2.101,310.374,3056.507,47.724,38.179,0
4654,186,72.256,3.726,321.191,1844.422,52.627,57.552,0
5092,203,73.724,4.212,309.978,6253.573,46.952,57.66,0
5924,236,83.207,3.282,324.87,6755.353,46.935,61.624,0
1964,78,93.253,4.225,328.639,5675.08,69.927,59.402,0
4384,175,70.734,3.553,331.226,3185.333,53.679,78.209,0
4398,175,79.634,4.986,317.656,8856.384,59.021,70.921,0
4088,163,95.339,5.297,338.74,5489.588,42.9,45.597,0
4763,190,85.264,4.949,318.955,8556.989,73.89,49.634,0
5719,228,80.83,2.964,316.355,3887.486,75.246,56.857,0
1375,55,88.825,9.892,335.883,8047.861,92.54,65.969,1
4365,174,81.078,7.161,319.839,7678.489,31.805,82.013,0
2664,106,58.265,4.498,317.746,873.12,74.054,45.66,0
4834,193,94.008,5.292,301.173,8743.532,47.633,51.738,0
5410,216,70.854,3.581,316.419,5895.322,45.391,67.088,0
5613,224,80.206,2.66,318.91,1446.069,36.193,60.876,0
4474,178,96.857,5.052,328.099,6574.411,55.294,72.223,1
5431,217,78.702,5.75,330.53,2746.091,87.321,62.806,0
774,30,69.279,3.494,297.918,3521.615,76.175,61.734,0
642,25,69.672,3.418,309.382,677.16,71.124,43.103,0
2700,108,71.671,2.453,319.829,1198.12,95.41,42.875,0
4335,173,93.638,5.745,317.281,6652.137,38.319,48.8,0
4683,187,87.7,2.305,304.487,2776.816,85.593,53.4,0
4939,197,88.764,5.749,314.725,8414.985,63.535,65.412,0
920,36,88.349,6.67,336.213,8134.057,72.061,75.665,0
4177,167,64.651,2.499,292.643,1198.936,46.288,61.393,0
3384,135,52.147,3.643,321.964,1169.909,91.532,46.661,0
1140,45,72.247,4.299,336.582,5770.131,96.713,43.928,1
2923,116,75.188,6.518,316.808,6260.366,100.0,44.233,0
4554,182,97.595,6.533,301.493,8894.752,57.985,78.711,0
1136,45,68.872,2.902,315.528,2527.374,85.664,29.187,0
5365,214,94.72,4.924,319.625,5179.812,89.954,69.31,0
1134,45,71.606,3.157,312.062,3474.293,90.651,57.777,0
582,23,86.749,5.712,315.184,7263.345,44.599,71.723,0
2444,97,77.345,7.125,344.112,5451.925,55.049,55.31,0
4561,182,84.417,3.586,344.859,1775.912,54.546,51.206,0
4554,182,97.595,6.533,301.493,8894.752,57.985,78.711,0
5088,203,65.325,2.18,319.321,3574.461,50.443,55.864,0
1239,49,92.681,6.243,305.278,8291.225,81.084,45.454,1
1430,57,87.978,6.067,323.305,7943.468,70.735,63.259,1
1384,55,72.659,6.316,316.718,667.521,97.268,36.786,0
1387,55,85.242,8.476,330.302,6500.715,85.21,56.551,1
2712,108,73.516,2.918,312.647,3269.808,96.502,66.02,0
5969,238,91.111,4.378,312.105,1827.846,50.714,79.996,0
4143,165,76.456,5.334,303.198,8441.182,78.551,49.183,0
2272,90,92.936,5.871,310.231,8310.612,71.46,55.318,1
5733,229,83.688,6.209,309.537,8442.258,62.059,66.677,0
3473,138,71.594,5.185,341.524,6496.933,36.339,56.361,0
263,10,81.684,4.734,315.924,3580.383,47.594,79.228,0
492,19,83.292,6.133,319.32,6315.88,80.73,61.94,1
3383,135,60.067,5.731,301.879,5167.405,100.0,53.834,0
1297,51,76.024,6.8,340.732,8043.561,85.01,48.912,1
1706,68,73.632,3.297,324.959,2813.212,79.534,57.701,0
2485,99,93.309,3.392,310.122,4332.304,25.642,72.906,0
3648,145,74.417,4.087,315.028,2989.54,68.705,70.566,0
5556,222,80.611,1.79,315.805,169.986,60.963,54.305,0
630,25,67.143,2.789,314.039,139.767,72.746,46.035,0
5468,218,90.972,6.022,286.591,2496.539,77.463,59.71,0
2746,109,91.715,3.393,289.931,6919.282,55.384,60.234,0
1971,78,90.511,4.006,311.184,5209.381,64.207,59.751,0
1843,73,99.18,4.275,324.395,7658.597,86.09,61.262,0
2430,97,80.088,6.819,308.986,6186.716,53.27,78.777,1
2707,108,75.633,3.72,286.111,7023.547,96.29,68.287,0
2596,103,88.632,7.84,312.385,4631.996,42.349,54.202,0
4968,198,93.054,5.301,316.715,5182.913,34.346,64.818,0
2261,90,81.807,4.404,306.984,2601.478,85.781,40.753,0
1517,60,69.323,4.305,318.911,1609.125,27.121,52.042,0
5563,222,77.286,2.024,313.947,515.873,45.008,61.131,0
4561,182,84.417,3.586,344.859,1775.912,54.546,51.206,0
205,8,76.097,3.256,322.458,2992.801,59.948,44.465,0
3400,136,84.884,4.271,316.052,4318.277,35.892,64.689,0
3868,154,68.238,5.364,356.404,31.266,48.995,43.172,0
999,39,83.16,5.869,307.198,8434.469,30.426,49.595,1
2194,87,88.1,5.429,311.169,7957.873,72.526,80.793,0
1250,50,92.111,6.257,335.861,7735.574,41.108,76.985,0
621,24,62.124,4.092,321.25,1225.244,94.651,66.536,0
3133,125,80.639,5.115,316.748,2971.159,87.097,51.682,0
493,19,74.482,3.431,311.058,479.136,76.151,66.426,0
2855,114,80.635,4.769,313.615,7336.829,43.33,46.863,0
2964,118,79.584,4.109,307.365,6042.003,95.2,46.597,0
3649,145,74.757,4.82,306.93,5267.278,78.063,51.981,0
5030,201,95.491,4.124,324.08,6307.725,37.192,82.92,0
187,7,77.537,6.246,325.826,6432.843,43.441,54.293,0
1224,48,70.693,3.041,316.026,3134.946,71.21,69.803,0
4111,164,85.217,5.077,292.379,582.589,43.021,58.8,0
2724,108,70.474,2.443,289.393,1578.813,80.922,60.875,0
1241,49,75.711,3.968,345.773,1215.118,90.732,52.834,0
1269,50,79.015,3.553,331.028,577.72,55.414,62.634,0
1264,50,85.675,6.519,293.052,7119.408,47.486,57.173,0
5444,217,77.997,5.841,335.928,3751.662,84.611,53.618,0
2513,100,74.9,3.457,328.658,4523.657,84.781,44.275,0
3583,143,76.196,1.566,316.778,993.894,74.772,63.298,0
3572,142,97.145,5.71,326.487,7774.004,67.97,68.025,0
4471,178,87.766,2.503,318.446,725.566,38.778,64.558,0
3005,120,69.219,2.834,304.292,654.293,39.758,67.373,0
2569,102,77.137,4.442,297.435,5457.995,89.607,71.574,0
4306,172,91.042,5.937,324.19,8121.886,90.442,50.669,1
2110,84,97.961,6.053,322.026,7853.416,37.014,63.077,1
660,26,75.197,4.198,304.847,4116.452,50.553,82.815,0
5974,238,91.638,5.09,316.399,4947.461,45.243,48.993,0
5575,223,82.782,5.646,323.448,8446.485,95.987,51.078,1
2846,113,74.136,1.486,300.876,1708.833,63.104,69.605,0
4341,173,90.559,5.387,308.617,5579.886,29.205,57.715,0
4724,188,86.334,4.166,305.89,7017.351,34.44,44.248,0
2512,100,79.526,5.641,322.13,8631.023,76.755,53.549,0
1251,50,89.638,6.956,290.709,7239.055,51.614,65.885,0
1122,44,80.362,3.93,306.367,6206.944,51.882,53.416,0
5178,207,68.954,4.834,316.552,1179.279,46.832,39.006,0
5958,238,92.492,5.443,325.473,6622.512,44.425,69.282,0
2829,113,75.079,1.412,328.587,344.006,62.141,62.467,0
5876,235,73.153,5.549,324.071,8158.26,50.572,61.307,0
2915,116,77.508,5.76,288.89,7137.431,84.186,57.427,1
2837,113,71.856,1.878,295.345,239.971,66.985,38.061,0
1700,68,82.658,5.053,298.343,7974.503,78.38,61.707,0
3528,141,70.402,5.411,342.214,5143.303,31.124,53.392,0
2583,103,94.389,6.87,300.51,3853.397,32.116,68.733,0
5092,203,73.724,4.212,309.978,6253.573,46.952,57.66,0
5678,227,84.187,7.052,340.314,8984.893,31.983,60.856,1
4304,172,85.565,5.467,327.428,8056.143,92.851,70.841,0
2805,112,70.18,4.813,337.02,2528.361,85.051,63.841,0
2452,98,76.899,4.677,333.363,3339.191,34.182,36.374,0
5791,231,88.08,4.949,315.249,6043.12,50.92,61.502,0
4148,165,62.847,2.574,310.54,1360.039,81.916,71.032,0
3868,154,68.238,5.364,356.404,31.266,48.995,43.172,0
6,0,90.39,4.93,347.903,2755.364,100.0,36.079,0
5944,237,80.712,4.275,330.099,5412.174,61.249,56.017,0
2248,89,75.892,4.854,301.748,3288.377,55.523,60.146,0
3085,123,84.909,4.944,322.617,6282.62,55.876,65.922,0
1137,45,74.536,3.884,346.727,5050.554,93.799,75.3,0
5744,229,73.839,3.832,313.804,1166.095,62.156,59.287,1
5231,209,56.631,3.446,344.64,624.443,50.54,57.741,0
2595,103,92.891,7.153,306.874,3521.376,31.25,48.272,0
4610,184,88.002,5.939,330.757,2718.99,37.813,62.481,0
5973,238,95.076,5.567,330.806,6786.8,34.498,81.013,1
5107,204,77.966,5.294,313.041,5738.225,39.494,73.412,1
681,27,84.6,3.849,320.645,7517.413,44.85,59.633,0
559,22,80.464,6.663,314.999,7418.299,69.536,50.713,0
2328,93,91.364,6.689,313.45,6258.387,27.729,70.693,0
3035,121,80.471,2.13,285.467,173.463,53.332,68.251,0
1503,60,68.513,3.076,295.49,559.054,28.894,44.368,0
1110,44,81.08,5.51,291.924,8345.549,51.932,61.433,0
1500,60,79.182,6.952,311.505,8118.323,34.758,50.032,1
5728,229,71.936,3.78,315.611,407.025,72.251,63.22,0
4688,187,95.35,4.115,292.053,6310.068,76.798,58.093,0
1076,43,85.349,6.321,321.026,8053.3,48.145,57.649,0
2739,109,91.633,4.744,341.947,6836.798,59.473,56.309,1
4963,198,91.487,5.91,306.188,6651.377,33.396,64.649,1
1750,70,101.172,5.488,318.923,8642.474,54.026,51.857,0
3226,129,84.737,7.536,315.028,8976.555,100.0,65.788,1
1843,73,99.18,4.275,324.395,7658.597,86.09,61.262,0
5531,221,75.742,6.707,315.228,4874.594,70.24,57.758,0
3121,124,82.295,3.149,308.811,3720.142,31.073,62.153,0
1965,78,89.648,4.132,323.54,7133.68,78.646,36.466,0
4392,175,71.259,4.262,307.558,4413.504,38.947,75.185,0
1509,60,74.85,5.634,311.945,6018.31,28.358,69.832,0
1613,64,82.179,4.901,336.681,7927.225,64.931,78.404,0
5499,219,72.445,4.674,274.762,4848.531,61.973,82.873,0
5324,212,74.488,1.706,309.777,1074.483,88.167,48.552,0
1193,47,86.487,5.553,322.66,7524.897,37.183,52.471,0
675,27,84.93,3.976,328.503,5224.399,48.467,54.572,0
5201,208,71.431,2.623,311.065,58.116,66.118,54.059,0
2763,110,63.459,3.354,321.709,3780.39,70.558,57.25,0
4523,180,81.541,3.805,328.024,4464.245,77.388,63.196,0
2368,94,78.23,4.941,324.025,6185.458,93.871,74.929,0
367,14,79.523,4.223,324.837,1555.611,84.531,57.224,0
832,33,101.598,6.531,312.278,4763.146,100.0,64.801,1
2866,114,73.484,3.346,317.424,4074.078,51.066,57.38,0
4438,177,75.331,4.059,339.725,6110.03,88.13,55.848,0
5409,216,78.478,3.979,325.512,7063.353,47.519,79.126,0
1970,78,89.803,4.142,300.971,6191.446,68.417,69.764,0
2710,108,72.065,2.461,314.703,2896.945,94.556,79.314,0
4299,171,74.196,4.223,305.88,8854.797,33.754,39.835,0
4192,167,73.405,5.492,328.816,7105.294,53.816,67.781,0
4567,182,96.779,6.026,302.848,7892.67,56.069,23.545,0
4456,178,97.057,4.582,321.977,7220.541,43.811,46.113,0
3240,129,68.257,5.789,318.357,2380.437,85.417,68.292,0
4474,178,96.857,5.052,328.099,6574.411,55.294,72.223,1
2825,113,84.658,4.74,324.286,8214.132,67.564,55.986,0
4564,182,86.434,4.103,305.424,2084.96,65.054,45.748,0
2854,114,71.394,2.847,320.023,3162.865,51.383,54.343,0
699,27,77.023,1.636,305.862,1155.804,54.66,64.414,0
4688,187,95.35,4.115,292.053,6310.068,76.798,58.093,0
1108,44,76.961,4.776,320.613,6666.863,76.23,44.805,0
3334,133,81.36,6.154,334.553,8293.23,58.855,51.493,0
4383,175,75.773,5.301,325.245,7454.013,55.213,70.65,0
3901,156,74.901,6.463,310.209,8834.524,80.82,57.634,0
3457,138,68.007,4.653,290.429,4259.629,44.345,64.3,0
5849,233,76.406,4.046,310.347,6861.93,85.183,58.583,1
1649,65,79.806,4.082,342.591,2336.832,79.35,55.03,0
3082,123,72.405,2.888,349.996,1301.296,54.144,79.514,0
4425,177,63.558,2.77,294.883,277.241,84.641,53.046,0
5890,235,70.223,3.047,294.486,2799.707,39.574,78.632,0
1510,60,76.692,6.214,290.051,6343.07,28.703,62.898,0
253,10,85.941,5.327,320.714,5190.414,66.833,55.96,0
4684,187,82.32,2.186,321.471,1364.113,88.845,59.89,0
3968,158,96.901,5.24,327.236,8835.657,64.378,66.315,1
2824,112,85.633,6.734,324.899,8491.812,91.416,63.403,0
5412,216,74.62,3.722,330.849,5090.876,51.239,57.716,0
5862,234,81.982,5.828,303.348,7025.678,59.491,55.952,0
2485,99,93.309,3.392,310.122,4332.304,25.642,72.906,0
2713,108,72.426,2.575,321.519,3208.389,88.439,35.516,0
3452,138,75.066,6.321,316.19,7758.248,44.751,57.177,0
2570,102,84.77,5.605,317.477,8946.602,94.321,57.902,0
2819,112,85.181,6.523,321.179,8300.376,79.81,61.773,0
1508,60,76.593,5.048,316.301,4914.841,28.997,59.871,0
4918,196,71.283,5.635,307.268,4036.192,56.916,53.958,0
2822,112,76.288,4.708,316.833,2748.932,100.0,65.079,0
5394,215,76.36,4.502,332.009,5321.055,56.49,69.222,0
4770,190,80.218,2.97,312.583,4117.942,87.05,48.927,0
3062,122,74.892,5.504,332.922,2900.832,44.717,51.269,0
1371,54,76.307,4.197,311.02,2670.518,81.086,96.72,0
56,2,76.54,4.567,333.187,6665.119,62.695,75.429,0
1819,72,65.394,4.327,305.757,3856.226,38.022,77.772,0
4691,187,95.101,3.834,318.292,5818.783,93.42,42.904,0
3384,135,52.147,3.643,321.964,1169.909,91.532,46.661,0
4523,180,81.541,3.805,328.024,4464.245,77.388,63.196,0
670,26,72.094,3.356,328.148,2093.211,34.698,60.444,0
4468,178,97.25,4.866,302.879,6819.887,38.36,51.288,0
5950,238,86.101,3.785,311.573,1265.328,45.54,48.271,0
182,7,79.342,6.84,337.13,7756.659,41.645,46.252,0
928,37,83.719,6.273,300.566,8439.968,72.779,65.136,0
5026,201,92.41,4.326,302.889,4951.099,26.602,50.677,0
2520,100,71.423,4.434,310.744,3612.742,82.293,63.984,1
2072,82,72.824,3.712,305.248,5976.817,37.498,63.708,0
4975,199,69.923,5.26,292.724,2917.265,45.156,61.217,0
5210,208,81.51,2.867,318.729,2957.825,54.055,53.959,0
5964,238,93.049,5.275,324.658,6889.848,46.412,64.18,0
1601,64,75.37,1.838,297.611,750.0,67.948,50.156,0
3590,143,81.211,3.385,344.242,4021.13,71.608,52.105,0
668,26,72.439,4.617,307.094,3718.283,46.59,58.133,0
3089,123,82.478,4.996,307.106,5479.092,57.778,65.099,0
4950,198,96.908,5.438,363.99,8412.636,31.095,64.92,0
2194,87,88.1,5.429,311.169,7957.873,72.526,80.793,0
3134,125,81.44,5.841,317.243,4953.257,61.358,65.375,0
4095,163,92.23,6.482,312.024,7884.807,43.225,55.067,0
471,18,72.004,5.677,323.639,4420.086,52.491,50.644,0
1842,73,98.411,3.386,331.135,6563.273,97.168,57.069,0
2466,98,69.273,3.381,294.236,819.319,44.44,54.042,0
5418,216,65.778,1.712,311.382,627.48,56.851,74.268,0
4213,168,87.367,7.399,299.113,6404.427,79.426,62.406,0
3844,153,93.834,4.271,337.891,8040.478,49.178,52.743,0
1518,60,69.999,3.801,313.872,2462.025,28.89,77.16,0
5020,200,86.209,3.844,320.771,7797.885,39.193,71.092,0
1448,57,85.995,6.124,301.732,7124.161,65.93,61.422,0
4523,180,81.541,3.805,328.024,4464.245,77.388,63.196,0
1748,69,94.745,8.291,338.72,7375.44,77.757,62.823,1
5635,225,70.776,2.266,326.096,362.099,99.28,71.298,0
295,11,83.769,5.348,309.348,6738.14,58.533,58.698,0
709,28,79.207,4.652,303.024,2862.637,90.003,69.044,0
5345,213,71.396,6.022,312.036,718.126,74.273,59.872,0
1137,45,74.536,3.884,346.727,5050.554,93.799,75.3,0
3626,145,76.169,3.88,331.035,2752.306,68.171,40.986,0
2435,97,80.678,6.476,322.346,6306.154,71.368,64.753,1
3587,143,85.369,4.279,323.092,7665.589,55.459,59.805,0
3825,153,91.821,5.028,301.989,7194.661,54.954,73.697,0
2921,116,76.753,6.644,306.136,7081.058,98.351,66.539,1
3067,122,76.464,5.144,288.896,1937.581,35.199,59.838,0
4392,175,71.259,4.262,307.558,4413.504,38.947,75.185,0
1254,50,89.595,5.24,321.743,4336.458,48.884,64.111,0
4252,170,72.105,3.744,306.641,5562.213,90.012,63.322,0
237,9,64.714,3.511,324.906,2218.217,95.557,36.676,0
4583,183,74.946,4.469,336.421,6241.405,66.684,51.956,0
2636,105,83.901,5.274,318.283,4719.444,86.933,52.933,0
4174,166,92.626,4.231,310.891,7021.446,37.48,86.318,0
1009,40,98.869,3.813,312.935,7788.552,49.442,70.703,0
5738,229,82.735,5.487,335.233,7032.224,59.613,49.93,0
5460,218,94.336,6.97,309.892,5543.54,79.93,50.346,1
5156,206,86.169,3.602,300.235,6528.868,67.762,61.441,0
4711,188,83.995,4.421,326.436,4844.791,19.241,46.871,0
4461,178,88.173,3.707,315.752,550.002,38.366,44.5,0
121,4,86.017,5.136,325.427,8984.678,41.756,53.42,0
2873,114,64.674,3.219,312.156,2463.662,41.638,64.399,0
1391,55,77.796,7.901,302.831,2012.798,84.866,49.488,1
495,19,76.716,3.815,287.255,2335.578,75.576,50.36,0
4227,169,89.669,2.75,303.839,632.717,48.136,57.572,0
5964,238,93.049,5.275,324.658,6889.848,46.412,64.18,0
5803,232,73.372,5.962,338.856,5519.607,50.627,83.039,0
2586,103,95.912,8.883,290.467,6277.729,28.781,69.4,0
1475,59,65.09,1.96,287.859,380.506,76.967,64.929,0
3714,148,75.834,3.504,315.852,2382.213,76.631,45.009,0
933,37,87.297,5.942,314.779,8136.922,78.293,66.996,0
4733,189,65.878,3.142,327.385,2425.977,79.109,39.607,0
5372,214,93.534,2.141,324.391,380.01,88.053,64.368,0
3814,152,81.523,6.158,315.983,8992.552,68.342,58.962,0
5241,209,63.261,3.249,315.232,1850.589,52.042,73.385,0
1376,55,72.212,6.045,287.708,235.386,96.978,56.593,0
5181,207,69.193,5.54,324.193,1091.153,48.443,67.388,0
2054,82,59.89,3.815,327.994,1728.195,51.358,65.843,0
3124,124,80.202,4.389,290.429,6255.855,33.059,45.561,0
5458,218,96.142,6.0,333.899,4118.391,72.601,52.519,0
3089,123,82.478,4.996,307.106,5479.092,57.778,65.099,0
4650,186,70.389,2.561,310.717,29.967,61.461,62.894,0
1416,56,72.71,3.79,332.91,6776.326,67.254,53.977,0
282,11,73.634,3.032,319.317,107.324,59.546,57.698,0
5618,224,93.094,5.106,307.231,8584.136,27.121,59.687,0
5426,217,79.339,5.638,337.954,4433.779,91.707,46.573,0
4574,182,88.955,2.873,325.403,1187.288,53.798,56.755,0
3058,122,83.354,7.346,281.874,7865.165,29.202,79.662,0
1496,59,73.298,2.671,294.189,4040.882,90.08,47.577,0
267,10,80.99,5.868,315.199,4978.124,63.704,60.994,0
5060,202,81.259,3.506,337.594,2064.103,37.321,50.997,0
5375,215,82.205,5.692,309.448,8752.288,67.724,42.971,0
1522,60,77.861,6.399,324.652,8696.573,28.788,65.847,1
4016,160,75.941,5.51,312.135,5386.741,92.084,61.14,0
3091,123,74.39,3.413,321.601,796.06,53.572,48.003,0
3042,121,84.349,4.0,318.777,4275.48,55.696,76.894,0
3008,120,77.595,4.267,312.299,6133.058,39.939,49.329,0
3135,125,85.949,6.295,293.083,6980.875,83.646,69.645,0
409,16,83.852,5.398,324.319,8292.324,59.914,61.437,1
1446,57,74.809,3.867,321.909,1851.175,76.078,42.699,0
1509,60,74.85,5.634,311.945,6018.31,28.358,69.832,0
2627,105,76.936,3.045,333.025,1810.962,86.699,59.739,0
2574,102,77.405,3.358,303.543,3614.371,97.541,68.349,0
5896,235,69.271,3.686,347.311,3658.94,54.756,59.33,0
5495,219,68.744,3.308,319.034,1217.967,55.244,63.049,0
4234,169,87.504,3.208,317.202,2625.05,56.96,50.147,0
2479,99,100.382,4.909,320.27,8796.137,22.687,58.724,0
3487,139,64.504,1.187,328.895,65.675,67.906,51.582,0
2972,118,72.252,3.656,325.032,2630.9,100.0,76.809,0
2478,99,88.193,2.723,307.38,1896.768,30.229,51.222,0
5030,201,95.491,4.124,324.08,6307.725,37.192,82.92,0
4550,182,87.127,4.065,326.051,817.342,62.363,59.078,0
4310,172,78.477,4.536,312.894,2831.784,100.0,63.955,0
2482,99,97.611,4.121,343.96,8688.082,41.216,75.489,0
2631,105,77.555,5.231,319.239,3881.77,82.429,45.045,0
2438,97,70.272,3.799,330.918,141.579,47.434,50.407,0
4186,167,64.082,2.55,291.303,532.28,45.483,50.935,0
4390,175,73.101,4.86,328.091,4878.449,52.291,59.192,0
4686,187,89.54,3.946,303.912,6150.857,91.106,54.572,0
3521,140,86.174,4.197,293.961,4621.183,60.432,58.755,0
1909,76,72.623,1.52,325.757,868.783,85.259,52.446,0
4651,186,73.425,3.988,314.223,3534.747,72.453,49.774,0
3843,153,83.688,3.096,324.286,4465.947,42.956,77.454,0
5740,229,81.392,6.04,309.031,7394.579,68.851,60.957,1
2485,99,93.309,3.392,310.122,4332.304,25.642,72.906,0
1133,45,77.61,4.262,308.395,4199.204,89.553,47.821,0
4948,197,77.461,3.152,300.874,2349.54,67.517,40.674,0
19,0,89.737,4.868,300.472,1913.083,99.098,61.32,0
1125,45,75.756,4.056,326.32,5664.439,85.865,78.937,0
3777,151,77.208,6.461,332.458,7709.723,77.983,60.126,0
4191,167,68.684,3.427,340.74,5179.539,44.073,51.511,0
1605,64,78.078,2.852,305.744,3334.032,78.079,60.451,0
251,10,84.589,6.277,312.85,6345.848,70.941,53.293,0
3385,135,60.867,5.979,328.172,6672.319,97.338,84.125,0
4563,182,90.749,5.392,321.165,7069.989,69.459,50.978,1
5961,238,86.739,4.481,318.604,2181.925,43.438,56.28,0
1970,78,89.803,4.142,300.971,6191.446,68.417,69.764,0
1961,78,89.621,3.245,331.002,3800.404,72.527,69.193,0
4267,170,63.953,2.237,309.446,625.708,100.0,50.375,0
4576,183,78.37,4.136,310.024,8328.967,49.002,55.365,0
1840,73,89.367,2.555,334.589,3172.635,85.082,58.188,0
698,27,78.498,3.26,298.641,4310.889,48.237,58.392,0
1601,64,75.37,1.838,297.611,750.0,67.948,50.156,0
1600,64,80.836,4.585,319.065,6110.204,64.917,66.524,0
3141,125,83.762,5.942,303.596,5966.335,81.116,49.633,0
1288,51,63.689,4.667,306.709,1326.705,81.125,80.73,0
503,20,78.615,6.539,321.173,5337.417,67.766,64.85,1
5745,229,75.98,4.112,311.673,2653.619,63.811,47.574,0
3749,149,74.696,5.161,315.188,8962.061,74.039,44.53,0
86,3,73.751,3.84,295.529,184.962,76.118,60.195,0
4322,172,76.616,4.64,333.432,2694.962,94.656,42.494,0
1252,50,78.834,4.089,310.436,27.187,50.86,67.549,0
2593,103,96.231,8.756,323.949,7328.581,40.876,67.216,0
3345,133,81.612,5.267,328.129,5038.591,57.242,39.346,0
4382,175,74.574,3.796,331.035,5139.834,65.948,60.039,0
5740,229,81.392,6.04,309.031,7394.579,68.851,60.957,1
1602,64,72.366,2.619,315.963,131.809,69.937,52.027,0
266,10,86.426,4.698,306.648,5897.28,72.979,78.506,0
1361,54,71.101,3.159,317.292,392.1,76.191,74.03,0
2158,86,97.024,4.268,306.288,7837.448,94.838,46.197,0
1429,57,87.325,6.559,325.146,8594.347,69.609,61.295,0
2712,108,73.516,2.918,312.647,3269.808,96.502,66.02,0
2723,108,79.17,3.65,268.148,6255.449,96.263,51.653,0
5641,225,73.63,2.231,323.939,697.817,98.566,71.752,0
5659,226,90.01,6.683,343.83,4404.005,80.834,60.371,0
2805,112,70.18,4.813,337.02,2528.361,85.051,63.841,0
2445,97,73.705,6.154,295.49,3352.511,56.391,66.825,0
5248,209,70.28,5.308,311.075,7163.587,50.232,56.922,0
4254,170,75.075,4.082,314.455,7813.381,87.713,56.872,0
5283,211,79.331,4.209,341.864,4611.177,40.291,62.173,1
2714,108,78.851,5.108,318.832,8807.732,93.178,68.122,0
135,5,60.727,2.407,346.399,1719.717,21.646,58.403,0
1925,77,73.068,2.45,355.753,3748.858,75.998,53.543,0
1372,54,73.654,4.203,320.945,4111.425,82.903,64.634,0
3841,153,82.531,1.743,337.255,766.62,55.246,71.497,0
3634,145,80.288,5.327,344.856,7361.351,65.806,38.589,0
698,27,78.498,3.26,298.641,4310.889,48.237,58.392,0
4654,186,72.256,3.726,321.191,1844.422,52.627,57.552,0
4155,166,72.906,0.979,316.532,278.868,33.172,47.906,0
2672,106,69.616,5.232,309.108,5867.148,70.816,56.434,0
2806,112,74.498,4.369,312.987,3103.22,91.636,67.942,0
2869,114,74.594,4.045,309.01,4598.922,52.613,58.655,0
4175,167,66.52,3.475,321.547,1440.084,53.442,75.33,0
3031,121,80.604,2.327,317.865,243.481,45.118,55.74,0
5386,215,74.198,3.42,322.968,3650.328,65.55,77.237,0
3876,155,62.801,6.195,303.1,5988.252,96.204,65.03,0
2442,97,78.579,6.478,323.798,5122.498,62.376,52.205,0
4558,182,83.503,2.443,325.884,445.406,59.599,39.414,0
3592,143,80.666,3.588,318.559,4697.836,61.103,60.936,0
1267,50,91.263,5.94,326.316,8841.367,42.096,70.633,0
4070,162,89.739,5.931,325.217,7503.606,38.635,83.844,0
5376,215,76.718,4.843,337.877,6116.416,64.663,58.426,0
2856,114,73.288,3.938,302.891,4974.172,41.972,68.194,0
3590,143,81.211,3.385,344.242,4021.13,71.608,52.105,0
502,20,77.374,5.552,310.11,2215.7,65.33,35.806,0
305,12,82.861,4.248,334.359,7455.321,38.12,72.344,0
1613,64,82.179,4.901,336.681,7927.225,64.931,78.404,0
5664,226,88.5,5.433,302.722,363.54,76.625,53.274,0
687,27,86.1,3.791,320.83,7215.582,55.486,69.435,0
2032,81,68.235,2.694,314.18,2449.685,29.884,53.546,0
4021,160,69.4,4.341,311.076,2291.95,100.0,56.035,0
5343,213,83.224,8.688,332.976,7469.997,75.546,51.601,0
5731,229,84.739,6.137,319.34,7195.06,59.707,50.695,0
3923,156,76.635,6.442,299.032,6363.048,84.647,58.18,0
277,11,79.59,3.846,308.112,4133.708,55.755,52.287,0
2809,112,81.808,6.566,320.898,7315.279,89.705,63.062,0
5380,215,68.058,2.66,333.639,624.691,52.189,54.829,0
1962,78,89.696,3.193,320.838,3605.142,66.932,46.457,0
32,1,84.018,3.002,318.705,5289.653,53.281,61.569,0
5477,219,80.601,6.102,323.584,8709.248,54.251,51.524,0
5318,212,86.818,5.241,317.378,8915.679,94.347,47.102,1
4365,174,81.078,7.161,319.839,7678.489,31.805,82.013,0
1140,45,72.247,4.299,336.582,5770.131,96.713,43.928,1
4330,173,91.444,5.201,342.02,4886.203,35.579,61.576,0
854,34,104.626,6.468,335.658,6756.918,34.981,68.619,0
1587,63,73.344,2.946,336.939,2190.627,41.516,47.719,0
160,6,87.642,5.194,329.137,8653.107,91.763,68.034,1
1424,56,60.559,2.147,321.317,133.599,72.543,53.556,0
5281,211,78.988,5.671,300.098,5000.769,39.237,75.487,0
4452,178,93.919,3.504,313.427,3218.244,38.732,77.387,1
4142,165,62.3,2.548,333.732,566.053,77.028,66.796,0
3699,147,70.974,2.927,313.35,942.027,30.113,64.154,0
1431,57,80.15,5.153,323.166,4110.201,77.574,76.185,0
627,25,79.203,3.782,301.389,6632.348,82.184,55.466,0
1607,64,87.879,5.112,321.271,8989.744,67.748,49.698,0
5074,202,83.138,5.189,323.361,6293.959,55.053,46.823,0
3177,127,63.071,3.62,311.821,1808.27,59.1,60.696,0
459,18,68.459,5.088,314.821,1844.855,59.813,75.709,0
1833,73,100.703,3.758,303.753,7419.91,89.09,56.612,1
2834,113,87.495,5.206,323.7,7983.189,55.581,54.294,0
1201,48,70.942,2.708,314.235,2764.111,73.215,61.459,0
691,27,85.73,3.901,313.131,4530.04,48.356,49.119,0
3037,121,82.374,2.529,333.846,607.289,54.764,58.328,0
5157,206,88.301,4.32,293.918,8629.977,57.791,63.464,0
1499,59,78.614,4.364,306.268,8703.916,83.652,58.403,0
2793,111,84.81,4.528,298.035,5376.771,81.949,65.601,0
4617,184,89.516,7.054,314.726,4385.021,31.783,70.822,0
3504,140,88.934,5.395,324.004,5035.042,67.139,87.437,0
3903,156,68.081,4.569,323.661,2598.258,90.344,57.891,0
4321,172,82.472,5.63,323.834,6653.897,90.444,64.302,0
4698,187,81.883,2.648,328.477,2863.628,93.187,64.664,0
295,11,83.769,5.348,309.348,6738.14,58.533,58.698,0
3565,142,92.981,4.533,322.533,6607.103,68.288,63.037,0
627,25,79.203,3.782,301.389,6632.348,82.184,55.466,0
1125,45,75.756,4.056,326.32,5664.439,85.865,78.937,0
291,11,83.452,5.127,311.525,5051.297,59.438,33.568,1
1190,47,73.774,3.71,330.702,1878.432,19.206,71.508,0
5134,205,72.692,5.596,307.194,5803.984,32.886,81.132,0
1145,45,78.696,4.208,308.437,7328.66,88.411,59.479,0
132,5,75.493,4.807,346.51,8168.886,41.868,69.007,0
1608,64,82.121,5.284,304.776,8505.255,79.656,82.455,1
4521,180,73.399,2.872,308.213,2549.585,76.26,65.257,0
3244,129,77.374,7.098,316.085,3109.941,84.042,60.697,1
3335,133,83.836,6.108,323.29,7394.953,62.957,59.517,0
4033,161,81.071,4.544,329.504,5495.187,36.422,81.241,0
1982,79,89.362,2.404,317.548,2815.98,84.503,74.665,0
4585,183,67.868,2.603,309.775,1352.509,64.112,57.299,0
3045,121,79.84,1.738,303.618,799.273,47.109,64.214,0
1966,78,94.315,4.102,320.208,6446.619,76.895,87.998,0
1631,65,88.893,5.308,316.765,7058.935,78.105,62.969,0
5914,236,80.301,3.107,304.56,6036.544,48.99,60.37,0
4579,183,68.093,1.732,323.89,2018.623,53.161,73.889,0
3404,136,84.039,4.21,298.843,2629.5,35.389,41.191,0
3143,125,75.193,5.267,296.579,3794.198,80.866,68.849,0
3757,150,77.487,2.695,307.921,2698.287,89.326,61.194,0
161,6,74.176,4.357,286.168,3261.229,89.702,66.243,0
600,24,70.674,6.047,307.392,8603.954,88.258,55.152,0
4000,160,77.111,5.714,326.918,5226.979,95.84,56.737,0
4133,165,68.629,3.099,350.066,3377.771,80.717,59.541,0
5304,212,74.292,2.81,309.344,1793.289,97.0,43.976,0
3830,153,79.959,2.022,314.917,354.165,50.248,46.442,0
4419,176,80.999,5.95,320.679,7083.233,70.774,54.594,0
3505,140,91.971,5.445,325.66,7416.627,54.017,48.16,1
2627,105,76.936,3.045,333.025,1810.962,86.699,59.739,0
2845,113,77.217,1.212,337.188,881.576,52.78,45.334,0
5700,228,87.981,4.347,341.561,7403.129,80.608,55.149,1
5571,222,89.103,3.393,312.987,5260.007,61.509,41.844,0
5237,209,64.918,4.041,332.324,3404.744,61.188,49.262,0
3577,143,82.184,3.529,356.836,5538.022,65.772,53.994,0
1411,56,71.982,5.741,314.163,7041.901,65.511,65.158,0
547,21,74.9,2.729,298.854,1724.929,99.044,33.731,0
5405,216,81.481,4.048,328.996,8642.774,46.831,51.805,0
682,27,86.328,3.167,309.922,3944.883,54.063,57.365,0
2428,97,72.841,4.654,316.776,74.833,70.711,60.66,0
4696,187,97.206,4.319,317.424,7366.96,86.482,67.023,0
1385,55,75.117,7.738,307.525,3222.279,75.75,53.566,1
4611,184,79.11,4.735,315.491,1085.94,38.231,62.187,0
1512,60,70.342,5.579,309.51,5189.428,30.084,76.32,0
4574,182,88.955,2.873,325.403,1187.288,53.798,56.755,0
4284,171,62.345,1.496,339.662,806.577,37.68,62.085,0
1838,73,88.145,2.078,330.659,119.509,91.988,84.637,0
2242,89,76.508,5.675,322.06,5403.024,56.181,66.174,0
2443,97,76.342,7.076,318.348,5768.903,66.935,68.231,0
3587,143,85.369,4.279,323.092,7665.589,55.459,59.805,0
5398,215,74.511,3.945,297.592,5628.12,56.169,64.847,0
3339,133,74.011,4.744,297.111,1827.107,46.223,74.535,0
2697,107,94.568,5.738,306.037,3258.387,67.596,46.361,0
2584,103,94.988,7.603,325.683,5753.917,34.048,64.959,0
1194,47,70.796,2.811,337.769,1104.771,32.264,35.326,0
4127,165,73.704,4.825,311.373,5515.196,90.577,53.923,0
3055,122,77.661,6.24,280.42,3136.186,39.536,63.032,0
5367,214,99.609,4.128,311.679,6288.608,80.488,75.357,1
3172,126,94.835,5.382,304.371,8871.396,97.517,68.022,0
5722,228,72.352,1.223,303.261,70.19,69.137,59.766,0
2810,112,78.05,6.824,306.597,6561.3,90.077,61.005,0
3168,126,90.141,4.774,319.847,8826.029,94.051,55.027,0
1253,50,91.243,7.181,315.375,7725.83,58.771,51.81,1
4584,183,77.064,3.132,317.28,4387.994,54.835,42.301,0
209,8,81.436,5.031,343.06,7182.583,62.487,36.521,0
1234,49,84.522,4.962,319.844,4236.101,91.544,68.618,0
2003,80,71.364,1.582,322.663,1469.996,92.64,69.031,0
4952,198,88.765,4.639,308.913,3877.849,36.716,77.09,0
3800,152,76.485,5.992,308.418,6154.514,67.387,70.538,0
1963,78,95.178,5.932,303.322,7763.097,73.657,58.515,0
5416,216,72.082,2.634,306.043,1966.288,46.425,64.088,0
4880,195,72.157,10.225,320.289,5681.985,59.078,44.634,1
233,9,73.495,5.203,313.994,8327.721,96.146,64.664,0
1523,60,66.31,3.438,343.349,796.028,39.796,48.526,0
4230,169,94.307,3.867,314.865,4945.154,61.221,71.791,0
5099,203,73.435,4.798,311.548,8589.517,43.937,57.004,0
4415,176,74.455,3.637,324.306,2200.987,67.246,50.783,0
5245,209,68.109,5.28,297.412,7071.611,61.815,51.944,0
858,34,100.934,5.94,316.239,5393.464,44.828,60.435,0
37,1,88.16,4.901,304.63,7465.268,44.744,46.874,0
2812,112,80.14,5.923,330.5,5525.149,90.728,49.898,0
386,15,91.979,6.929,315.96,7055.293,65.914,71.259,1
4050,162,73.405,4.017,309.51,1856.899,42.148,62.132,0
5417,216,64.921,2.266,329.658,1413.867,44.981,48.123,0
2704,108,69.34,2.623,308.122,4236.816,100.0,55.026,0
3591,143,76.89,2.604,333.292,3324.378,54.077,37.668,0
2577,103,98.706,9.409,314.079,7450.982,35.844,76.413,1
1134,45,71.606,3.157,312.062,3474.293,90.651,57.777,0
771,30,61.117,2.611,311.263,3565.835,87.205,48.671,0
4326,173,88.71,6.123,299.14,5005.238,32.812,65.599,0
5393,215,81.811,5.137,302.354,8296.587,62.509,69.639,0
2448,97,79.602,6.573,288.913,6097.581,65.722,87.737,0
933,37,87.297,5.942,314.779,8136.922,78.293,66.996,0
4857,194,77.921,4.437,316.607,3617.625,60.91,36.743,0
1632,65,84.186,4.779,327.016,5105.592,71.675,52.962,0
4517,180,82.659,4.502,336.753,5522.38,73.385,68.012,1
4009,160,74.787,4.538,335.274,4037.321,98.377,71.704,0
1969,78,92.201,3.522,325.35,5901.75,68.936,34.259,0
3122,124,70.716,2.193,305.87,1082.817,35.454,70.603,0
2478,99,88.193,2.723,307.38,1896.768,30.229,51.222,0
853,34,109.966,6.458,306.49,6758.233,39.877,51.536,1
1444,57,79.418,4.579,322.72,873.551,66.86,69.06,0
3575,143,82.725,5.903,289.736,8962.156,52.543,76.829,0
4565,182,90.983,4.055,320.599,5172.26,59.263,40.703,0
637,25,75.095,4.798,315.054,4520.042,68.255,58.141,0
1346,53,101.802,5.99,333.482,7357.863,88.47,40.821,0
44,1,88.945,4.472,323.262,8275.309,54.104,60.876,0
5927,237,79.088,2.876,325.749,2050.414,57.337,63.981,0
690,27,80.7,3.532,335.452,3759.934,50.19,49.397,0
2503,100,71.642,2.754,310.213,2301.876,84.648,72.306,0
299,11,81.285,3.738,320.115,3598.076,58.803,58.195,0
3082,123,72.405,2.888,349.996,1301.296,54.144,79.514,0
3905,156,72.916,6.053,294.738,7669.259,78.455,59.248,1
3232,129,73.338,6.13,315.349,5726.424,83.442,45.072,0
4144,165,74.313,4.096,344.27,5552.179,89.733,55.727,0
1425,57,84.91,6.192,307.747,7972.89,68.506,63.229,1
5415,216,74.673,3.662,306.591,3261.833,54.489,62.49,0
4519,180,82.867,4.491,323.592,6370.385,76.804,41.674,0
1269,50,79.015,3.553,331.028,577.72,55.414,62.634,0
2838,113,86.786,3.906,298.211,6359.012,62.477,60.245,0
116,4,74.635,3.062,305.329,1394.987,42.275,57.224,0
4853,194,86.861,5.657,325.826,8860.405,71.695,50.99,1
5375,215,82.205,5.692,309.448,8752.288,67.724,42.971,0
3231,129,69.648,5.81,309.45,3039.518,85.427,76.381,0
2435,97,80.678,6.476,322.346,6306.154,71.368,64.753,1
4633,185,84.046,9.019,309.718,8571.344,72.124,79.822,1
2425,97,78.736,6.638,294.69,6330.425,48.304,60.429,0
281,11,72.514,1.673,332.001,99.679,56.133,65.312,0
4076,163,91.718,7.182,300.488,6184.723,37.607,53.473,0
2637,105,79.438,4.557,312.505,5516.354,91.66,64.146,0
5973,238,95.076,5.567,330.806,6786.8,34.498,81.013,1
3148,125,76.23,5.435,309.392,4479.324,86.772,55.658,0
753,30,71.233,4.811,299.769,7861.526,91.911,62.638,0
4573,182,90.664,6.026,317.592,6902.354,58.129,48.822,0
5733,229,83.688,6.209,309.537,8442.258,62.059,66.677,0
806,32,103.882,5.483,307.57,7814.211,66.118,48.215,0
2065,82,67.517,4.829,305.02,5490.453,38.09,49.323,0
3028,121,83.194,1.355,337.794,1087.039,45.475,64.275,0
4267,170,63.953,2.237,309.446,625.708,100.0,50.375,0
4258,170,64.625,2.045,328.11,1920.896,88.9,31.71,0
3848,153,89.901,3.915,306.284,5739.812,57.779,54.149,0
5085,203,70.394,4.718,325.812,8650.002,43.334,69.193,0
4390,175,73.101,4.86,328.091,4878.449,52.291,59.192,0
150,6,68.749,3.849,311.098,429.957,84.328,78.683,0
5771,230,72.65,3.849,335.893,5728.058,31.989,64.632,0
4848,193,77.201,1.561,348.119,49.212,51.713,51.8,0
4137,165,73.375,4.097,313.527,5375.28,84.968,56.036,0
4572,182,81.775,2.862,311.996,483.255,61.465,59.855,0
4815,192,91.494,3.948,334.561,4987.486,39.1,49.737,0
287,11,82.748,4.2,317.295,3950.715,65.857,35.304,0
3912,156,70.928,7.094,304.732,7797.301,82.131,51.51,1
945,37,79.132,3.466,310.508,965.939,81.743,70.682,0
1616,64,82.854,3.232,318.217,4088.098,71.013,88.98,0
4759,190,89.705,5.152,304.772,7602.48,89.263,59.565,0
3343,133,90.601,5.724,325.248,8746.778,59.92,60.548,1
1948,77,72.791,2.952,325.562,2708.113,97.697,30.4,0
1273,50,91.616,6.789,317.917,8546.861,43.862,64.743,0
2965,118,67.145,3.164,311.404,2442.147,98.288,40.312,0
689,27,79.167,4.02,331.983,3656.069,49.917,52.119,0
2546,101,73.09,6.734,298.395,5078.309,100.0,77.368,1
5061,202,82.79,6.215,305.561,6495.07,49.429,43.7,0
2481,99,94.239,3.249,306.67,5473.742,34.285,54.278,0
3183,127,73.681,6.068,322.802,8668.89,47.198,69.916,0
5648,225,82.274,5.641,306.722,8171.608,98.856,55.757,0
2443,97,76.342,7.076,318.348,5768.903,66.935,68.231,0
1804,72,64.57,4.713,294.877,4520.475,44.229,67.728,0
2696,107,92.875,5.156,323.331,2282.063,77.831,62.647,0
2579,103,99.704,9.003,308.488,8584.31,33.637,49.66,1
5734,229,82.972,5.761,323.245,5891.917,60.014,73.904,0
49,1,86.557,4.521,329.267,7402.602,57.685,52.118,0
1028,41,98.267,4.218,319.922,99.353,32.77,61.457,0
4572,182,81.775,2.862,311.996,483.255,61.465,59.855,0
25,1,80.307,2.101,310.374,3056.507,47.724,38.179,0
2803,112,77.127,4.879,311.435,3691.948,80.697,67.79,0
4221,168,82.897,5.911,320.559,3107.095,77.085,81.707,0
311,12,80.852,3.489,293.418,3636.545,46.28,79.934,0
2029,81,67.53,2.832,328.117,3194.751,26.659,68.799,0
1812,72,69.267,6.081,312.904,8544.336,21.186,59.298,0
3130,125,87.092,6.338,293.106,8891.716,93.758,70.683,0
3844,153,93.834,4.271,337.891,8040.478,49.178,52.743,0
4504,180,82.359,4.992,332.539,8986.678,80.891,59.379,0
648,25,75.498,4.178,324.245,3443.131,68.751,62.985,0
1527,61,76.176,2.823,308.824,17.059,100.0,54.636,0
4493,179,82.367,4.533,291.381,2275.092,92.201,76.995,0
5126,205,81.556,5.528,296.071,6903.793,28.532,13.391,0
2095,83,79.728,4.188,329.496,2251.393,40.355,51.432,0
329,13,91.309,2.703,313.726,2112.022,100.0,71.883,0
938,37,84.921,6.311,306.287,8295.334,86.522,45.564,1
4589,183,71.393,3.645,316.618,3402.241,54.736,66.477,0
923,36,85.86,5.938,317.947,6542.554,68.739,85.369,0
1418,56,59.768,2.367,339.801,689.272,62.197,38.067,0
1271,50,82.572,4.49,286.983,2983.059,48.016,53.407,0
2671,106,59.03,3.636,317.788,474.462,81.399,72.78,0
3930,157,76.457,5.64,320.97,4717.048,35.673,33.01,0
936,37,88.881,5.917,331.185,8377.197,80.539,40.514,1
2896,115,71.077,2.634,309.089,1555.284,79.833,57.997,0
5527,221,73.383,5.976,329.772,5259.008,64.844,54.473,1
3049,121,84.172,3.049,326.509,3214.983,64.851,37.776,0
3034,121,92.294,3.193,335.615,5667.898,53.973,56.764,0
4383,175,75.773,5.301,325.245,7454.013,55.213,70.65,0
3411,136,93.666,5.524,305.393,7723.452,30.606,69.557,0
2814,112,86.061,6.219,306.757,8532.987,85.79,56.792,1
4958,198,83.524,3.704,295.766,1354.503,30.169,36.319,0
944,37,87.652,6.316,322.318,7441.865,76.913,40.463,0
1384,55,72.659,6.316,316.718,667.521,97.268,36.786,0
5954,238,86.823,5.184,338.635,3702.091,32.471,58.244,0
1650,66,81.917,5.337,323.815,7327.164,48.486,60.237,0
540,21,73.742,2.955,319.582,3825.152,96.78,52.763,0
1134,45,71.606,3.157,312.062,3474.293,90.651,57.777,0
5620,224,83.032,1.5,347.344,1601.162,32.49,56.864,0
1258,50,78.3,4.801,276.931,1938.988,53.369,58.814,0
3248,129,73.427,7.162,335.434,4272.512,87.628,50.214,0
4385,175,64.909,4.063,283.482,2180.038,54.64,52.136,0
177,7,73.387,4.223,306.833,1346.081,37.782,72.882,0
1829,73,101.271,5.035,321.515,8209.741,91.096,52.338,1
4388,175,63.061,2.947,320.538,1554.904,42.704,59.833,0
1759,70,97.085,4.402,314.696,7357.262,41.238,57.831,0
2426,97,72.944,5.18,308.042,3101.356,51.446,69.693,0
3450,138,62.544,4.706,300.244,2394.418,44.393,62.526,0
4654,186,72.256,3.726,321.191,1844.422,52.627,57.552,0
1993,79,82.551,2.691,338.721,109.577,86.545,42.132,0
1131,45,78.099,4.997,296.946,7904.595,100.0,51.596,1
191,7,69.528,4.265,282.135,1694.788,41.896,55.141,0
1761,70,99.37,5.242,347.081,8873.792,49.487,26.713,0
4108,164,93.59,7.65,315.354,5919.759,53.696,62.668,0
5412,216,74.62,3.722,330.849,5090.876,51.239,57.716,0
3086,123,80.264,4.653,316.597,5127.23,57.853,45.73,1
987,39,73.644,5.2,294.218,2495.936,35.42,61.07,0
3838,153,93.34,4.235,322.671,6639.119,59.611,58.842,0
648,25,75.498,4.178,324.245,3443.131,68.751,62.985,0
902,36,79.998,4.683,321.363,3408.538,67.076,71.401,0
940,37,81.574,5.177,309.938,3930.941,69.323,61.475,0
5504,220,89.904,4.793,300.681,7254.642,23.458,60.533,1
3838,153,93.34,4.235,322.671,6639.119,59.611,58.842,0
37,1,88.16,4.901,304.63,7465.268,44.744,46.874,0
5547,221,67.262,4.707,321.721,962.233,77.708,34.209,0
2581,103,88.278,6.741,324.732,2092.439,30.424,55.498,0
1139,45,64.812,2.085,311.106,244.572,96.549,76.954,0
4142,165,62.3,2.548,333.732,566.053,77.028,66.796,0
3138,125,87.233,6.306,328.257,7468.985,84.186,38.099,1
3872,154,67.718,5.187,328.954,6.19,52.199,78.013,0
2812,112,80.14,5.923,330.5,5525.149,90.728,49.898,0
1436,57,83.297,4.812,334.395,2923.506,76.687,53.725,0
31,1,81.414,2.37,321.34,2870.741,49.681,65.828,0
4033,161,81.071,4.544,329.504,5495.187,36.422,81.241,0
3009,120,70.327,3.242,328.167,1513.524,40.351,55.562,0
2724,108,70.474,2.443,289.393,1578.813,80.922,60.875,0
3837,153,83.868,3.346,305.863,4482.396,44.446,75.883,0
3077,123,79.668,4.636,289.302,3324.107,56.152,46.284,0
5420,216,79.238,3.321,321.476,6393.572,39.419,79.81,0
4378,175,71.583,4.438,309.968,5993.833,55.778,74.5,0
5524,220,76.423,2.454,326.737,282.799,22.042,50.783,0
1503,60,68.513,3.076,295.49,559.054,28.894,44.368,0
3844,153,93.834,4.271,337.891,8040.478,49.178,52.743,0
5398,215,74.511,3.945,297.592,5628.12,56.169,64.847,0
4519,180,82.867,4.491,323.592,6370.385,76.804,41.674,0
2580,103,97.166,8.595,300.881,7744.982,36.19,45.777,0
4403,176,68.809,4.268,321.006,1146.501,73.946,27.747,0
3606,144,73.553,4.684,334.976,5699.412,56.0,76.569,0
1907,76,78.611,3.436,328.76,6077.972,86.226,67.439,0
4392,175,71.259,4.262,307.558,4413.504,38.947,75.185,0
669,26,71.496,4.631,294.322,3734.586,42.98,80.903,0
657,26,76.82,5.17,312.742,5363.938,31.092,62.061,0
1314,52,99.585,4.795,314.763,3926.908,74.451,60.361,0
1031,41,106.313,5.38,324.507,4775.812,38.481,68.686,0
5103,204,71.472,5.394,272.394,4295.409,52.699,80.766,0
1484,59,79.657,4.518,298.245,6976.702,76.217,45.45,0
5798,231,77.463,3.129,325.118,1885.859,53.22,43.179,0
276,11,79.955,5.136,304.176,5457.019,55.561,47.1,0
499,19,87.411,6.063,322.283,8617.492,80.438,67.936,1
2708,108,73.679,3.178,340.928,4667.716,77.652,63.395,0
3845,153,87.736,2.774,345.495,3542.359,43.867,51.205,0
3905,156,72.916,6.053,294.738,7669.259,78.455,59.248,1
711,28,80.932,4.055,290.798,3769.214,83.969,77.215,0
3243,129,74.679,7.821,298.494,7246.695,92.652,66.695,1
1255,50,89.033,5.023,329.448,5463.592,41.676,47.299,0
1524,60,79.953,6.069,310.664,7958.885,26.33,54.366,0
1579,63,71.852,3.084,319.143,3186.956,45.653,58.345,0
1714,68,82.152,3.477,321.322,6400.572,82.78,74.732,0
5094,203,62.793,2.429,295.396,1462.981,49.757,45.94,0
4675,187,90.278,3.831,294.288,4254.391,92.836,54.075,0
1067,42,82.053,3.956,312.765,6399.864,43.89,59.094,0
4179,167,68.885,2.569,322.386,1041.465,41.899,43.137,0
1486,59,77.363,3.59,318.229,5700.484,78.236,67.916,0
77,3,83.837,6.148,326.275,6389.011,90.507,64.919,0
409,16,83.852,5.398,324.319,8292.324,59.914,61.437,1
4463,178,98.493,5.365,326.126,6818.723,43.188,83.99,0
4142,165,62.3,2.548,333.732,566.053,77.028,66.796,0
3244,129,77.374,7.098,316.085,3109.941,84.042,60.697,1
903,36,76.381,3.964,316.993,3335.785,67.827,83.503,0
4645,185,74.045,7.405,306.006,2134.36,78.377,66.637,0
3105,124,78.422,4.567,321.675,6850.21,25.651,61.903,0
3583,143,76.196,1.566,316.778,993.894,74.772,63.298,0
4738,189,70.879,2.493,303.419,1723.219,87.944,67.765,0
1952,78,91.378,3.573,312.395,2456.032,89.392,63.215,0
1974,78,94.706,5.753,315.374,7807.869,77.785,54.038,1
681,27,84.6,3.849,320.645,7517.413,44.85,59.633,0
2206,88,64.442,3.369,309.766,4534.163,81.786,77.263,0
4697,187,94.314,4.312,323.435,6359.488,81.294,65.745,0
3848,153,89.901,3.915,306.284,5739.812,57.779,54.149,0
1656,66,77.332,5.051,311.731,6885.767,54.181,47.101,0
1763,70,98.213,3.602,315.827,5380.916,52.621,42.828,0
4005,160,79.126,5.314,307.017,4566.643,100.0,64.423,0
4969,198,92.952,5.961,322.012,8986.758,35.136,46.753,0
2643,105,76.269,4.775,304.492,4256.777,80.943,48.107,0
9,0,89.047,4.882,326.325,416.617,88.959,66.12,0
5627,225,80.748,3.515,334.731,3750.105,99.813,68.922,0
5235,209,65.312,4.301,326.439,5832.841,41.717,49.675,0
3902,156,75.423,6.059,314.804,6622.807,81.337,54.056,1
269,10,75.206,3.972,343.322,1761.434,59.336,56.086,0
2830,113,87.619,4.075,318.982,6083.452,65.567,28.383,0
1871,74,69.054,6.343,319.421,6110.077,83.441,49.337,1
613,24,66.447,5.371,297.599,4437.142,87.129,53.094,0
2638,105,77.376,3.689,297.919,1484.697,89.325,36.426,0
3098,123,82.521,5.444,353.88,6820.023,64.981,40.592,0
3098,123,82.521,5.444,353.88,6820.023,64.981,40.592,0
1825,73,93.638,2.891,314.784,3060.151,88.741,67.152,0
1566,62,64.641,3.351,321.425,1791.431,49.004,63.361,0
4699,187,88.104,3.511,314.42,3035.656,91.461,70.045,0
696,27,80.286,3.46,306.337,5483.809,57.458,47.722,0
3243,129,74.679,7.821,298.494,7246.695,92.652,66.695,1
3409,136,91.595,5.377,309.078,7002.356,32.523,55.299,1
1216,48,72.546,2.607,331.845,2544.706,52.771,52.025,0
142,5,66.799,2.106,333.802,639.221,37.404,45.665,0
3085,123,84.909,4.944,322.617,6282.62,55.876,65.922,0
3325,133,87.765,5.595,312.55,8429.145,63.307,71.26,0
1083,43,72.776,3.242,344.323,2425.096,44.324,53.869,0
29,1,83.811,2.679,324.109,4177.296,59.505,58.659,0
3225,129,77.48,6.696,322.296,6281.05,87.587,59.537,1
94,3,83.358,5.082,322.335,3652.916,79.748,43.92,0
2700,108,71.671,2.453,319.829,1198.12,95.41,42.875,0
4523,180,81.541,3.805,328.024,4464.245,77.388,63.196,0
4964,198,90.416,5.101,324.0,3523.504,42.43,45.294,0
3599,143,71.067,2.03,323.62,1942.828,50.859,51.17,0
3725,149,72.019,4.088,308.847,6282.034,77.078,66.277,0
940,37,81.574,5.177,309.938,3930.941,69.323,61.475,0
3089,123,82.478,4.996,307.106,5479.092,57.778,65.099,0
1518,60,69.999,3.801,313.872,2462.025,28.89,77.16,0
4810,192,101.021,5.342,317.837,8992.734,54.691,61.336,0
2559,102,82.759,6.099,301.028,8607.789,100.0,50.138,1
3858,154,78.193,5.799,330.391,4239.667,50.66,62.355,0
4496,179,87.386,6.395,314.019,7461.738,92.631,57.925,1
2805,112,70.18,4.813,337.02,2528.361,85.051,63.841,0
5579,223,81.289,4.758,305.012,6204.031,90.204,55.058,0
3241,129,72.909,6.387,317.251,5742.371,85.689,45.259,0
1748,69,94.745,8.291,338.72,7375.44,77.757,62.823,1
5070,202,78.291,4.909,314.157,2424.176,51.555,68.509,0
4125,165,67.84,3.308,332.725,3599.191,86.707,61.895,0
47,1,73.964,2.163,307.603,979.708,57.564,43.428,0
1617,64,88.184,5.496,305.612,8855.151,62.429,57.72,0
4483,179,84.408,6.49,327.739,6828.892,83.541,57.484,1
4043,161,84.685,5.255,314.553,8817.812,32.489,40.446,0
2970,118,63.591,2.002,317.436,995.153,92.727,51.731,0
5670,226,88.113,5.742,327.566,1892.04,77.241,66.749,0
2274,90,88.263,5.27,317.446,6816.255,72.685,49.782,0
4242,169,89.533,2.247,354.216,1753.811,52.381,64.997,0
2391,95,102.744,3.437,339.299,3323.804,77.19,39.17,0
1705,68,78.966,3.68,321.795,3933.555,64.962,54.857,0
1396,55,75.835,6.992,327.129,1810.336,87.661,63.364,0
633,25,68.729,2.735,315.694,43.789,76.479,61.131,0
862,34,99.864,5.185,302.752,2709.717,44.074,30.276,0
1210,48,71.133,2.373,310.009,2437.457,67.302,54.736,0
1926,77,70.654,2.256,303.589,2473.059,97.842,73.578,0
5728,229,71.936,3.78,315.611,407.025,72.251,63.22,0
1092,43,83.321,5.615,348.303,7968.192,45.633,81.688,0
2815,112,71.479,3.458,338.004,1076.555,77.571,32.001,0
1292,51,74.696,6.781,331.671,7215.425,82.492,70.083,0
2716,108,79.68,4.918,321.334,8260.608,89.892,36.665,0
231,9,70.13,5.457,332.336,6710.492,86.33,69.309,1
1750,70,101.172,5.488,318.923,8642.474,54.026,51.857,0
1605,64,78.078,2.852,305.744,3334.032,78.079,60.451,0
3254,130,70.8,4.131,290.226,2906.172,43.298,54.729,0
44,1,88.945,4.472,323.262,8275.309,54.104,60.876,0
3043,121,89.945,4.198,317.188,6832.479,52.871,70.514,0
630,25,67.143,2.789,314.039,139.767,72.746,46.035,0
5098,203,70.093,3.544,323.009,5326.521,41.884,55.438,0
2719,108,69.514,3.014,336.44,3266.12,85.415,54.725,0
4510,180,82.319,4.595,314.239,7548.579,76.433,48.253,0
4890,195,76.715,9.436,310.427,5023.364,65.544,58.503,0
2009,80,67.834,3.188,329.653,1101.047,83.436,49.487,0
4680,187,92.868,3.477,329.775,3600.433,82.057,61.53,0
3339,133,74.011,4.744,297.111,1827.107,46.223,74.535,0
4703,188,87.304,4.052,329.441,4318.975,23.858,46.86,0
4640,185,83.233,6.67,287.196,3904.546,92.17,60.139,1
1108,44,76.961,4.776,320.613,6666.863,76.23,44.805,0
4015,160,66.992,4.019,311.184,1532.255,89.864,75.654,0
2641,105,81.291,4.47,313.764,4535.475,75.194,57.83,0
207,8,76.046,4.276,311.66,5941.689,68.547,50.54,0
1504,60,74.882,4.495,307.443,3427.821,37.89,64.512,0
1395,55,84.395,8.94,325.186,7445.266,82.563,32.705,1
3367,134,78.817,3.924,289.276,2968.141,97.751,66.055,0
2430,97,80.088,6.819,308.986,6186.716,53.27,78.777,1
1214,48,83.775,4.829,346.784,7757.321,61.287,63.04,0
4582,183,79.345,4.947,323.611,8965.179,63.581,73.805,0
1132,45,73.039,4.139,322.146,5083.784,96.054,62.362,0
4428,177,76.295,4.064,326.193,6179.166,81.07,61.196,0
4279,171,75.02,3.564,329.349,8166.247,27.812,58.186,0
1178,47,88.864,5.791,306.138,8611.228,42.452,57.568,0
4225,169,95.215,4.007,305.108,6460.855,45.442,40.754,1
4191,167,68.684,3.427,340.74,5179.539,44.073,51.511,0
4135,165,75.228,5.251,278.222,8823.738,77.257,50.046,0
5736,229,75.082,4.285,297.964,3374.368,68.712,44.432,0
5550,222,85.992,5.04,333.694,8154.956,51.681,66.458,0
2823,112,79.119,6.356,308.963,5373.615,87.21,38.366,0
1986,79,89.467,2.702,316.043,3024.003,88.588,36.099,0
724,28,75.364,3.109,343.64,404.407,86.304,67.423,0
2134,85,85.262,4.851,313.903,6450.691,81.569,83.453,0
4002,160,79.869,6.443,321.376,6822.204,86.597,59.861,0
4913,196,79.407,7.746,355.577,8787.101,54.037,70.591,0
986,39,69.97,4.928,327.614,505.591,23.369,70.558,0
3216,128,71.622,3.977,312.749,1777.267,68.768,49.514,0
1091,43,68.408,3.918,320.067,101.022,40.45,60.715,0
5143,205,78.235,5.951,331.735,5833.11,30.95,67.219,0
5411,216,74.953,3.503,307.355,4101.476,53.434,62.371,0
615,24,65.717,4.289,322.868,3684.602,95.406,68.8,0
567,22,73.257,4.31,317.148,2411.324,77.877,65.596,0
4922,196,67.444,6.252,308.195,3121.793,52.65,53.552,0
2804,112,82.736,6.663,311.99,7631.463,80.602,56.351,0
2440,97,74.375,6.087,308.409,4793.861,60.05,50.637,0
5920,236,69.226,1.841,317.978,1176.856,53.481,57.864,0
5398,215,74.511,3.945,297.592,5628.12,56.169,64.847,0
1519,60,71.937,4.221,328.072,2521.804,29.143,66.583,0
1624,64,74.945,2.607,313.341,1579.159,69.905,69.896,0
5483,219,71.522,4.473,324.636,4419.922,67.961,56.369,0
5553,222,82.428,2.933,326.131,1836.146,48.749,53.249,0
2812,112,80.14,5.923,330.5,5525.149,90.728,49.898,0
2704,108,69.34,2.623,308.122,4236.816,100.0,55.026,0
4572,182,81.775,2.862,311.996,483.255,61.465,59.855,0
901,36,89.98,5.746,310.952,8112.605,84.08,39.951,0
1971,78,90.511,4.006,311.184,5209.381,64.207,59.751,0
557,22,75.638,4.32,331.817,2738.147,80.394,52.85,0
1097,43,71.764,3.683,308.132,2342.212,45.622,59.198,0
938,37,84.921,6.311,306.287,8295.334,86.522,45.564,1
2139,85,80.485,3.559,333.061,4543.718,85.687,52.347,0
4468,178,97.25,4.866,302.879,6819.887,38.36,51.288,0
5543,221,68.296,4.375,304.625,198.988,75.692,41.096,0
1306,52,94.781,3.986,335.905,1170.847,86.359,58.094,0
1214,48,83.775,4.829,346.784,7757.321,61.287,63.04,0
3341,133,84.176,5.93,326.635,8160.12,56.335,57.517,0
4119,164,88.62,6.339,311.955,2394.316,51.943,72.357,0
4549,181,86.555,6.621,310.09,5823.005,45.017,52.714,0
3328,133,77.044,4.864,316.327,2734.504,50.154,44.503,0
5370,214,98.569,4.762,322.908,6726.934,87.212,59.029,1
1136,45,68.872,2.902,315.528,2527.374,85.664,29.187,0
2866,114,73.484,3.346,317.424,4074.078,51.066,57.38,0
928,37,83.719,6.273,300.566,8439.968,72.779,65.136,0
5897,235,73.689,3.947,313.815,6718.743,52.812,59.793,0
5951,238,93.765,5.263,316.646,5943.863,37.027,57.09,0
3855,154,76.014,6.673,336.86,7109.64,61.741,46.213,0
4689,187,93.609,2.66,304.439,4280.337,99.624,41.377,0
3553,142,92.459,3.214,311.251,3574.356,66.036,69.763,0
5728,229,71.936,3.78,315.611,407.025,72.251,63.22,0
4538,181,82.138,6.393,335.58,2844.047,39.808,57.784,0
3225,129,77.48,6.696,322.296,6281.05,87.587,59.537,1
2867,114,68.338,2.528,352.399,323.721,46.86,77.059,0
4251,170,73.269,4.428,322.527,6386.343,95.705,84.06,0
1014,40,88.173,2.761,306.321,4870.686,49.209,88.515,0
2706,108,76.305,3.787,319.868,6447.371,99.988,54.441,0
608,24,74.186,6.789,342.901,8335.166,100.0,45.701,1
2631,105,77.555,5.231,319.239,3881.77,82.429,45.045,0
5412,216,74.62,3.722,330.849,5090.876,51.239,57.716,0
3089,123,82.478,4.996,307.106,5479.092,57.778,65.099,0
4380,175,70.379,4.876,322.052,5861.679,43.862,58.522,0
633,25,68.729,2.735,315.694,43.789,76.479,61.131,0
277,11,79.59,3.846,308.112,4133.708,55.755,52.287,0
1405,56,68.761,2.356,333.25,3496.708,67.657,56.85,0
4622,184,81.394,5.047,325.746,584.329,22.991,40.86,0
1431,57,80.15,5.153,323.166,4110.201,77.574,76.185,0
969,38,58.484,5.167,321.981,3661.914,83.554,49.326,0
4386,175,65.233,2.564,320.312,1584.671,53.512,52.64,0
3560,142,90.649,2.957,314.9,4087.098,53.075,42.127,0
1131,45,78.099,4.997,296.946,7904.595,100.0,51.596,1
3097,123,79.643,3.179,305.925,2933.248,60.106,51.3,0
1503,60,68.513,3.076,295.49,559.054,28.894,44.368,0
2510,100,78.965,4.904,321.467,6766.378,73.822,74.509,0
3233,129,75.634,5.809,310.84,4131.815,92.468,68.572,0
5800,232,71.277,4.507,276.733,1892.448,61.937,57.746,0
2533,101,71.764,4.449,310.595,1171.757,100.0,56.891,0
1026,41,106.43,6.68,309.639,8125.498,45.377,52.017,1
4126,165,69.13,2.965,304.533,1212.19,68.092,71.075,0
4969,198,92.952,5.961,322.012,8986.758,35.136,46.753,0
4777,191,73.603,4.979,327.734,3817.18,75.142,65.174,0
1611,64,81.091,4.172,324.716,4685.276,76.717,55.646,0
5383,215,75.944,4.588,309.033,6484.349,63.151,51.864,0
929,37,76.937,2.754,322.108,807.441,78.477,55.146,0
930,37,83.039,5.623,330.467,6907.495,67.451,53.17,0
4502,180,73.222,1.895,332.899,128.991,87.548,54.852,0
4316,172,84.523,4.508,318.249,5627.905,88.633,47.133,0
3225,129,77.48,6.696,322.296,6281.05,87.587,59.537,1
4247,169,97.213,4.01,297.281,6859.287,58.724,71.473,0
1835,73,98.659,4.555,296.706,8564.509,91.428,60.671,0
5614,224,87.188,4.677,316.707,8379.721,31.443,59.787,0
2628,105,78.479,4.375,311.146,1440.538,85.77,58.696,0
4534,181,87.739,6.819,313.137,5580.462,37.086,48.62,0
5273,210,77.89,5.758,322.793,8696.215,54.842,83.311,0
3109,124,82.278,4.779,342.073,7897.91,29.705,60.568,1
26,1,83.885,2.822,332.132,3056.15,48.419,54.317,0
4535,181,85.36,7.693,320.127,5901.2,48.641,75.678,0
5682,227,86.488,6.799,333.615,8116.219,34.368,42.014,0
1445,57,83.882,5.602,335.319,6199.432,70.523,53.073,1
5930,237,81.71,4.592,316.739,6211.689,57.035,45.894,0
298,11,79.927,3.868,324.793,3932.563,53.423,46.413,0
4375,175,63.17,2.138,325.647,977.47,48.485,54.272,0
5415,216,74.673,3.662,306.591,3261.833,54.489,62.49,0
5726,229,80.594,4.599,327.846,5435.614,60.478,82.742,0
257,10,88.003,6.385,317.729,8470.907,57.809,68.768,0
5515,220,83.616,4.006,296.016,1881.338,34.262,67.196,0
4397,175,62.935,3.074,312.098,60.002,56.496,29.248,0
5012,200,82.749,3.14,333.898,3738.743,38.251,68.229,1
3623,144,71.546,4.495,318.16,6109.615,45.872,62.727,0
1448,57,85.995,6.124,301.732,7124.161,65.93,61.422,0
4014,160,70.252,4.055,320.468,1066.633,87.589,72.279,0
4349,173,97.434,5.948,285.92,7143.518,32.827,76.352,1
1793,71,83.789,6.403,304.422,7925.07,36.532,52.119,1
3235,129,75.971,7.023,317.295,7018.263,88.232,50.157,0
4687,187,85.962,2.545,326.94,2383.369,88.977,59.177,0
4556,182,98.473,6.591,342.97,8964.435,50.45,66.039,1
2473,98,71.671,4.207,321.026,3028.439,41.948,60.128,0
4257,170,79.763,4.02,331.091,7915.693,86.075,52.474,0
5216,208,75.143,3.17,313.041,3314.921,67.124,65.935,0
5038,201,83.0,3.686,330.994,1759.358,39.343,56.176,0
538,21,83.27,4.365,308.209,8711.246,89.448,68.908,0
1987,79,97.108,2.623,288.762,4995.471,85.154,60.372,0
1623,64,80.959,4.249,313.096,5357.566,71.037,51.621,0
2859,114,69.636,2.366,322.94,529.077,49.883,61.7,0
1289,51,67.424,5.575,350.925,5251.517,85.587,68.691,0
1138,45,63.702,2.656,315.02,107.622,88.75,57.295,0
4482,179,75.719,3.758,310.631,96.464,88.509,63.27,0
2806,112,74.498,4.369,312.987,3103.22,91.636,67.942,0
1588,63,80.563,5.269,320.608,6726.762,44.432,50.832,0
995,39,74.179,6.736,327.722,4099.292,48.046,55.38,0
2301,92,62.944,1.334,345.893,389.495,72.245,75.938,0
4681,187,97.936,4.808,320.359,7797.294,79.483,58.365,1
3834,153,91.162,3.944,325.42,5927.321,52.346,46.097,0
4748,189,71.825,3.939,323.324,3538.673,83.173,69.508,0
4598,183,70.765,3.497,293.312,4574.02,56.432,57.946,0
5961,238,86.739,4.481,318.604,2181.925,43.438,56.28,0
257,10,88.003,6.385,317.729,8470.907,57.809,68.768,0
4264,170,69.489,3.43,327.402,3582.955,77.828,52.742,0
1361,54,71.101,3.159,317.292,392.1,76.191,74.03,0
1504,60,74.882,4.495,307.443,3427.821,37.89,64.512,0
552,22,75.755,4.698,318.682,3106.694,73.402,17.967,0
4473,178,89.051,3.236,315.364,886.559,32.471,40.178,0
277,11,79.59,3.846,308.112,4133.708,55.755,52.287,0
3500,140,88.223,4.684,285.342,5917.689,50.232,44.802,0
1257,50,85.303,5.647,328.019,5002.604,57.882,71.222,0
4513,180,82.527,4.672,307.157,8469.119,87.137,52.693,0
2097,83,84.265,4.714,348.417,5327.652,44.245,70.744,0
411,16,81.171,4.125,327.482,7896.312,51.687,74.239,1
5599,223,76.808,3.958,314.635,3883.159,93.419,59.737,0
1507,60,73.125,3.486,336.541,1929.666,19.712,44.818,0
2695,107,103.782,7.208,324.201,8419.06,71.263,43.595,1
1244,49,82.131,5.376,313.285,5919.982,88.395,62.766,0
1386,55,75.05,7.605,298.946,2941.857,91.128,47.872,0
2843,113,85.182,3.906,294.222,7165.658,73.765,62.594,0
280,11,80.962,5.112,306.487,5114.338,50.555,37.967,0
39,1,80.11,3.755,305.437,4781.924,54.937,74.495,0
3633,145,68.293,3.23,301.819,87.216,75.2,54.711,0
2465,98,79.009,4.187,313.307,6049.017,43.164,36.691,0
5697,227,71.385,4.612,350.867,3643.672,40.462,61.295,0
5733,229,83.688,6.209,309.537,8442.258,62.059,66.677,0
36,1,84.988,3.536,311.1,5398.285,69.657,71.593,0
3791,151,65.003,4.577,321.495,1059.577,72.626,49.344,0
1628,65,82.837,4.115,315.411,4917.128,87.911,62.175,0
508,20,76.132,6.79,310.846,4290.908,65.175,54.705,0
4383,175,75.773,5.301,325.245,7454.013,55.213,70.65,0
2629,105,73.294,5.611,300.238,1152.655,85.274,68.25,0
1771,70,99.06,4.143,302.902,5732.767,33.515,65.734,0
2894,115,77.621,4.126,308.988,6082.768,83.563,55.836,0
1128,45,75.971,3.775,315.79,4468.883,93.25,64.931,0
4024,160,80.036,6.579,328.368,7556.409,100.0,39.053,0
2221,88,63.442,3.128,321.893,4675.658,82.673,51.276,0
5637,225,82.799,5.02,326.029,8488.943,89.407,63.125,0
3810,152,67.437,3.957,321.908,1890.097,57.259,46.154,0
4682,187,92.257,3.622,295.947,7585.885,89.463,55.457,0
5675,227,78.219,5.01,316.609,4592.456,40.915,60.375,0
631,25,69.277,2.613,302.377,949.157,82.91,64.63,0
4582,183,79.345,4.947,323.611,8965.179,63.581,73.805,0
2705,108,80.702,3.503,285.785,6229.589,93.295,33.569,0
3026,121,89.146,4.648,323.969,7490.432,55.985,56.042,0
3588,143,82.573,3.51,313.224,5130.261,67.501,68.435,0
3835,153,87.628,3.472,328.738,4625.12,58.354,57.088,0
4969,198,92.952,5.961,322.012,8986.758,35.136,46.753,0
1271,50,82.572,4.49,286.983,2983.059,48.016,53.407,0
3787,151,68.971,4.08,343.057,655.886,72.576,50.103,0
4255,170,77.264,4.227,302.463,7717.75,86.663,36.135,0
2437,97,84.195,7.483,326.533,7740.818,57.733,63.993,1
851,34,107.713,6.913,300.124,7805.132,40.042,55.832,1
5392,215,79.316,5.411,334.105,8717.008,54.363,63.536,0
293,11,80.44,3.606,330.277,2930.732,60.482,47.519,0
3845,153,87.736,2.774,345.495,3542.359,43.867,51.205,0
3634,145,80.288,5.327,344.856,7361.351,65.806,38.589,0
3906,156,67.072,4.203,329.854,2554.262,74.381,80.244,0
5607,224,90.2,4.284,312.428,6306.955,36.989,72.246,0
5768,230,70.509,4.616,316.595,7354.839,41.269,83.116,0
1438,57,81.728,5.434,330.427,3664.913,66.838,55.437,0
4272,170,71.124,4.25,300.427,4884.444,96.866,52.442,0
4599,183,65.316,2.177,313.489,1636.574,55.773,87.66,0
3075,123,86.104,4.93,322.289,6900.645,62.367,43.212,0
4250,170,73.472,4.8,330.863,6760.779,100.0,49.058,0
146,5,68.104,3.166,295.967,5076.586,53.497,53.112,0
2806,112,74.498,4.369,312.987,3103.22,91.636,67.942,0
2709,108,73.36,2.821,309.291,3081.51,96.474,49.14,0
4509,180,84.493,4.612,317.633,8030.432,71.212,51.704,1
1834,73,98.686,4.22,309.648,7965.475,91.126,62.685,0
5431,217,78.702,5.75,330.53,2746.091,87.321,62.806,0
4264,170,69.489,3.43,327.402,3582.955,77.828,52.742,0
4387,175,67.181,2.932,328.348,596.624,44.805,53.404,0
5592,223,79.448,4.931,317.431,5571.784,100.0,68.069,0
3151,126,80.014,3.593,312.048,4450.606,84.627,32.613,0
3090,123,77.355,3.769,300.735,3053.239,58.46,72.107,0
46,1,78.767,1.893,313.108,1811.602,52.591,64.166,0
628,25,66.119,3.308,316.865,241.443,81.684,45.017,0
4590,183,67.465,1.852,302.035,525.537,67.32,45.081,0
3736,149,72.826,5.214,335.2,7911.063,75.934,72.541,0
4451,178,98.539,4.743,326.273,5964.638,54.648,47.302,0
2787,111,73.799,2.729,314.185,515.043,74.656,59.807,0
1114,44,70.623,3.124,335.47,1432.969,56.09,65.294,0
699,27,77.023,1.636,305.862,1155.804,54.66,64.414,0
5577,223,82.779,5.014,325.402,6679.07,96.512,69.028,1
4394,175,75.006,3.873,288.074,4832.594,55.52,66.35,0
955,38,56.012,4.033,317.792,2134.396,76.301,68.461,0
1840,73,89.367,2.555,334.589,3172.635,85.082,58.188,0
1183,47,84.705,5.238,319.473,6021.937,26.673,85.908,0
2053,82,68.03,4.572,323.733,6910.024,49.118,34.674,0
3836,153,84.13,1.134,310.882,1047.621,49.791,79.956,0
2703,108,68.73,1.976,315.125,636.983,100.0,73.422,0
4916,196,72.006,4.961,330.366,3055.297,58.416,57.971,0
336,13,101.953,5.719,305.086,8862.394,94.558,60.056,1
254,10,87.87,5.834,314.141,6052.828,69.893,59.29,0
4581,183,77.88,4.801,320.829,7560.081,53.16,53.668,0
4950,198,96.908,5.438,363.99,8412.636,31.095,64.92,0
4013,160,70.636,4.214,310.572,951.736,86.814,61.019,0
1485,59,78.386,3.977,304.982,8269.883,79.127,73.67,1
3673,146,69.057,3.507,327.104,1126.692,33.061,45.047,0
627,25,79.203,3.782,301.389,6632.348,82.184,55.466,0
3227,129,78.478,8.406,330.532,8208.761,97.697,58.275,1
2824,112,85.633,6.734,324.899,8491.812,91.416,63.403,0
514,20,79.452,6.593,321.123,5673.15,69.349,50.124,1
4465,178,101.237,4.177,320.268,7946.33,49.358,53.219,0
5494,219,69.647,5.112,326.353,2562.71,43.426,41.102,0
900,36,78.124,4.486,290.671,1671.522,64.963,54.807,0
5104,204,70.745,4.716,315.511,2381.763,50.825,59.338,0
400,16,80.924,3.598,281.701,6267.352,58.926,70.028,0
4339,173,91.034,4.984,318.095,4234.149,38.558,50.501,0
4940,197,84.492,3.989,334.945,5643.438,71.604,39.359,0
3128,125,86.556,6.047,303.665,5483.06,74.443,78.665,1
4690,187,96.928,4.88,322.051,7538.496,90.206,71.613,0
5589,223,77.496,4.93,312.575,5338.219,92.631,51.491,0
3349,133,86.905,6.135,345.015,8009.641,60.758,70.405,1
3659,146,66.822,3.176,295.949,1141.581,39.735,79.167,0
5463,218,92.577,7.326,296.872,5937.043,77.985,62.929,1
1831,73,87.138,1.845,311.895,843.096,77.974,40.77,0
4338,173,89.112,5.008,323.415,3481.319,40.427,54.715,0
4284,171,62.345,1.496,339.662,806.577,37.68,62.085,0
4086,163,90.627,6.161,318.573,4863.721,38.467,64.699,0
4060,162,89.451,7.138,300.358,8780.965,33.249,65.311,0
1569,62,63.201,3.001,343.419,1972.616,61.291,47.504,0
5377,215,80.164,4.467,303.7,8471.944,52.831,62.312,0
3843,153,83.688,3.096,324.286,4465.947,42.956,77.454,0
2146,85,82.451,3.213,316.55,3717.109,78.675,67.226,0
1302,52,102.066,5.436,326.272,6986.785,85.463,53.33,1
4349,173,97.434,5.948,285.92,7143.518,32.827,76.352,1
110,4,74.881,2.887,323.944,1918.655,33.084,54.154,0
3246,129,63.092,5.243,327.088,639.686,94.803,65.614,0
1383,55,74.635,7.018,302.765,682.718,88.268,57.54,0
5415,216,74.673,3.662,306.591,3261.833,54.489,62.49,0
4328,173,88.527,5.106,274.688,3089.517,28.483,71.991,0
2824,112,85.633,6.734,324.899,8491.812,91.416,63.403,0
3793,151,67.117,4.917,333.768,2709.296,70.838,90.837,0
3025,121,86.502,2.825,341.204,4042.95,52.779,51.01,0
430,17,77.781,7.077,320.934,8209.35,86.368,56.264,1
2712,108,73.516,2.918,312.647,3269.808,96.502,66.02,0
3832,153,85.293,3.471,316.073,4647.513,57.638,45.461,0
3094,123,84.221,4.289,318.809,6753.404,48.412,33.729,0
5629,225,78.504,3.333,326.401,3083.253,86.61,61.18,0
2481,99,94.239,3.249,306.67,5473.742,34.285,54.278,0
3253,130,75.583,4.242,311.922,3574.184,57.567,46.963,0
2489,99,90.496,3.693,321.46,4721.767,30.076,55.508,0
5250,210,69.502,3.625,336.044,3183.128,67.086,38.177,0
5415,216,74.673,3.662,306.591,3261.833,54.489,62.49,0
2915,116,77.508,5.76,288.89,7137.431,84.186,57.427,1
1266,50,86.682,5.801,315.928,6079.722,51.551,51.117,0
2818,112,80.034,5.452,335.222,4984.417,95.678,74.09,0
4679,187,92.944,2.282,312.22,2715.685,79.581,44.596,0
2479,99,100.382,4.909,320.27,8796.137,22.687,58.724,0
5415,216,74.673,3.662,306.591,3261.833,54.489,62.49,0
4676,187,97.784,4.958,319.958,8809.02,75.58,83.837,0
925,37,87.806,5.962,302.525,8658.879,83.696,66.645,1
3258,130,73.794,4.409,303.442,5960.43,44.084,69.4,0
5102,204,83.059,6.595,319.676,8942.696,42.49,45.246,0
5593,223,90.062,5.749,288.323,8932.628,94.306,75.555,1
726,29,74.697,3.952,317.622,4580.054,38.554,52.234,0
681,27,84.6,3.849,320.645,7517.413,44.85,59.633,0
3042,121,84.349,4.0,318.777,4275.48,55.696,76.894,0
3198,127,68.462,4.763,319.316,3020.537,51.839,43.035,0
1611,64,81.091,4.172,324.716,4685.276,76.717,55.646,0
5386,215,74.198,3.42,322.968,3650.328,65.55,77.237,0
1443,57,83.603,5.557,300.362,5398.526,68.964,73.771,0
4253,170,62.656,2.565,331.808,1349.256,83.973,74.96,0
4470,178,100.213,5.551,314.564,7934.174,34.636,53.313,0
224,8,75.626,3.616,345.279,4619.017,71.218,80.853,0
286,11,80.903,5.791,299.228,8306.087,56.51,56.804,0
3805,152,69.901,4.282,317.916,2832.45,59.962,52.124,0
697,27,77.372,2.098,315.89,1028.412,54.919,52.66,0
1190,47,73.774,3.71,330.702,1878.432,19.206,71.508,0
5060,202,81.259,3.506,337.594,2064.103,37.321,50.997,0
2852,114,79.901,4.837,337.209,8509.006,54.753,64.004,0
2576,103,88.332,6.95,323.475,3877.436,42.431,52.491,0
5543,221,68.296,4.375,304.625,198.988,75.692,41.096,0
2813,112,80.948,6.034,308.858,6863.489,88.334,51.301,0
1392,55,84.169,8.696,306.311,6516.101,95.52,39.041,0
2781,111,84.65,4.134,332.187,6309.592,76.798,59.36,1
3034,121,92.294,3.193,335.615,5667.898,53.973,56.764,0
4724,188,86.334,4.166,305.89,7017.351,34.44,44.248,0
4838,193,83.254,2.896,305.01,3291.632,48.667,56.129,0
1376,55,72.212,6.045,287.708,235.386,96.978,56.593,0
2805,112,70.18,4.813,337.02,2528.361,85.051,63.841,0
5612,224,87.176,4.441,325.533,7546.109,39.186,50.261,0
1387,55,85.242,8.476,330.302,6500.715,85.21,56.551,1
1358,54,79.249,4.986,279.333,5220.586,81.956,34.18,0
2676,107,89.305,5.0,349.975,1454.409,60.557,37.576,0
5425,217,83.176,7.337,308.197,7687.407,84.16,77.985,1
2043,81,75.047,4.006,323.4,5924.387,34.544,66.174,0
3336,133,79.515,3.078,313.859,2357.549,60.683,73.729,0
1441,57,79.584,4.787,323.784,1204.223,71.953,71.962,0
984,39,72.986,5.359,338.778,3222.497,27.389,53.703,0
2129,85,76.992,1.578,328.316,28.013,86.048,65.7,0
2845,113,77.217,1.212,337.188,881.576,52.78,45.334,0
4458,178,97.542,4.626,314.324,4285.345,32.399,41.771,0
2715,108,76.752,4.794,325.594,7171.735,87.914,56.787,0
4589,183,71.393,3.645,316.618,3402.241,54.736,66.477,0
5443,217,77.65,5.662,341.365,3739.758,86.209,64.613,0
642,25,69.672,3.418,309.382,677.16,71.124,43.103,0
4259,170,66.828,2.613,328.583,2834.947,76.984,32.18,0
1635,65,76.241,3.338,337.898,84.965,72.938,59.992,0
2483,99,94.312,4.774,304.956,6436.492,36.429,54.068,1
638,25,83.263,5.775,315.395,7639.134,72.591,56.708,0
3674,146,68.636,2.655,332.535,885.302,36.508,51.34,0
5042,201,83.622,3.143,299.097,1375.668,45.307,59.592,0
2088,83,88.683,6.638,329.043,8151.797,42.278,65.555,0
4256,170,77.611,4.576,318.525,7924.275,94.977,62.565,0
4697,187,94.314,4.312,323.435,6359.488,81.294,65.745,0
2718,108,70.757,1.558,313.875,70.226,94.038,60.817,0
1843,73,99.18,4.275,324.395,7658.597,86.09,61.262,0
922,36,75.697,3.518,326.96,346.643,70.914,68.002,0
5509,220,76.474,3.694,313.985,32.174,25.933,49.232,0
2038,81,70.705,3.314,335.194,3630.56,30.918,63.821,0
4127,165,73.704,4.825,311.373,5515.196,90.577,53.923,0
3008,120,77.595,4.267,312.299,6133.058,39.939,49.329,0
4963,198,91.487,5.91,306.188,6651.377,33.396,64.649,1
2143,85,81.702,4.241,304.461,6528.655,78.207,46.034,0
4966,198,93.193,4.991,301.304,5814.252,42.776,65.27,1
5409,216,78.478,3.979,325.512,7063.353,47.519,79.126,0
4957,198,92.117,5.64,299.593,6596.567,37.484,44.339,0
2122,84,86.033,5.224,318.935,4771.117,37.606,58.855,0
1950,78,90.111,4.359,324.064,5026.438,68.458,49.678,0
2723,108,79.17,3.65,268.148,6255.449,96.263,51.653,0
4573,182,90.664,6.026,317.592,6902.354,58.129,48.822,0
4006,160,74.376,4.26,322.025,2972.235,97.345,58.815,0
1608,64,82.121,5.284,304.776,8505.255,79.656,82.455,1
2867,114,68.338,2.528,352.399,323.721,46.86,77.059,0
1513,60,84.476,6.351,314.003,8771.006,24.012,56.749,1
4691,187,95.101,3.834,318.292,5818.783,93.42,42.904,0
5093,203,76.48,4.952,318.258,8721.055,33.031,92.421,0
2316,92,73.485,5.24,315.761,8179.686,69.53,56.258,0
5703,228,82.579,3.983,328.194,6469.193,80.381,64.561,0
3098,123,82.521,5.444,353.88,6820.023,64.981,40.592,0
2597,103,93.566,9.535,310.383,7793.526,48.721,64.95,1
260,10,92.416,5.568,311.474,7588.033,59.892,63.955,0
2201,88,58.319,3.825,321.288,4085.865,68.366,62.028,0
5035,201,86.761,3.312,333.818,2299.049,34.804,64.301,0
4333,173,85.997,4.674,316.691,2582.489,37.086,53.762,0
5530,221,67.711,4.563,321.727,904.065,65.406,60.132,0
231,9,70.13,5.457,332.336,6710.492,86.33,69.309,1
4586,183,74.456,4.314,323.26,7740.19,62.172,79.947,0
3265,130,71.96,4.13,304.038,4929.746,44.358,83.628,0
5618,224,93.094,5.106,307.231,8584.136,27.121,59.687,0
4471,178,87.766,2.503,318.446,725.566,38.778,64.558,0
3187,127,69.553,4.756,294.833,4461.787,52.36,79.541,0
4012,160,81.223,5.361,329.165,6718.014,96.151,64.339,0
5739,229,72.307,3.861,327.023,1020.386,69.149,54.935,0
627,25,79.203,3.782,301.389,6632.348,82.184,55.466,0
1382,55,87.212,9.282,325.949,7483.298,86.6,31.909,1
2667,106,60.495,2.97,329.636,1345.461,74.141,47.252,0
1958,78,79.694,3.166,314.251,1062.639,66.823,56.859,0
3416,136,81.308,2.656,336.137,2291.802,25.137,51.127,0
3694,147,76.448,3.738,323.092,6322.134,29.896,58.842,0
4144,165,74.313,4.096,344.27,5552.179,89.733,55.727,0
41,1,79.91,3.452,320.002,4754.715,50.947,47.801,0
5092,203,73.724,4.212,309.978,6253.573,46.952,57.66,0
1273,50,91.616,6.789,317.917,8546.861,43.862,64.743,0
629,25,67.654,3.159,306.622,2621.001,76.312,43.881,0
4690,187,96.928,4.88,322.051,7538.496,90.206,71.613,0
1439,57,82.537,5.097,322.372,3913.438,64.198,63.71,0
1736,69,78.178,6.265,310.629,285.772,77.367,65.629,0
2033,81,80.216,5.267,331.164,8129.064,24.843,50.608,0
1447,57,86.157,5.357,303.262,5875.572,70.375,79.569,1
4181,167,74.15,5.449,323.57,5733.305,41.401,72.566,0
1233,49,82.758,5.3,334.272,2786.662,93.412,49.711,0
5116,204,74.694,4.228,300.459,2944.431,33.16,68.328,0
3343,133,90.601,5.724,325.248,8746.778,59.92,60.548,1
4534,181,87.739,6.819,313.137,5580.462,37.086,48.62,0
5406,216,73.642,3.85,331.168,4583.251,55.068,64.077,0
5409,216,78.478,3.979,325.512,7063.353,47.519,79.126,0
3794,151,65.431,4.795,327.481,3104.764,68.961,38.803,0
4266,170,70.979,3.005,346.662,3607.279,91.655,67.15,0
1614,64,81.44,4.943,304.561,6528.469,65.243,48.712,0
2235,89,72.102,4.89,330.866,3619.807,39.793,63.386,0
3077,123,79.668,4.636,289.302,3324.107,56.152,46.284,0
2313,92,64.674,1.885,307.795,1331.592,79.543,48.6,0
3022,120,67.745,2.852,327.604,1304.898,38.137,53.586,0
2824,112,85.633,6.734,324.899,8491.812,91.416,63.403,0
2920,116,71.307,5.506,301.284,4779.9,95.725,66.172,0
2635,105,82.987,6.353,304.55,6262.678,96.268,50.279,0
1381,55,82.318,9.19,331.47,6792.039,83.254,37.379,1
4271,170,67.718,3.011,324.775,3892.297,86.597,56.053,0
1444,57,79.418,4.579,322.72,873.551,66.86,69.06,0
1167,46,84.163,3.073,332.158,5168.997,84.33,63.163,0
1465,58,95.085,4.107,328.859,8528.222,64.233,50.984,0
3313,132,74.418,2.795,318.294,3727.977,81.072,61.571,0
223,8,65.456,2.16,308.906,432.042,62.86,67.994,0
4027,161,78.197,4.101,312.339,5204.363,16.562,75.56,0
1957,78,89.024,2.752,324.052,4065.932,69.088,73.482,0
1883,75,66.159,6.818,292.487,7825.213,41.248,82.207,1
4034,161,85.9,5.28,324.283,6780.437,33.248,60.224,0
4560,182,88.47,5.272,315.43,5913.951,56.607,46.298,0
930,37,83.039,5.623,330.467,6907.495,67.451,53.17,0
4006,160,74.376,4.26,322.025,2972.235,97.345,58.815,0
53,2,69.655,3.089,314.523,1799.904,57.918,76.935,0
5964,238,93.049,5.275,324.658,6889.848,46.412,64.18,0
1395,55,84.395,8.94,325.186,7445.266,82.563,32.705,1
2671,106,59.03,3.636,317.788,474.462,81.399,72.78,0
2817,112,81.756,5.941,301.799,7489.456,94.377,42.912,0
1959,78,89.324,2.752,318.572,3142.817,65.961,35.176,0
4969,198,92.952,5.961,322.012,8986.758,35.136,46.753,0
5966,238,91.536,6.216,324.098,8502.858,38.438,44.406,0
1148,45,77.961,4.508,318.283,6732.516,98.367,63.446,0
762,30,74.569,4.773,320.206,8181.057,88.735,60.694,0
1518,60,69.999,3.801,313.872,2462.025,28.89,77.16,0
2476,99,96.207,4.558,317.89,8341.907,28.01,60.941,0
3,0,86.374,4.997,306.555,1517.195,97.995,41.514,0
2469,98,75.967,4.756,322.008,5429.68,41.696,67.082,0
3579,143,73.292,2.597,327.588,3387.292,58.634,48.912,0
1260,50,86.035,5.23,311.747,4244.624,63.499,36.211,1
1770,70,92.542,1.766,315.292,1196.169,39.736,56.265,0
2723,108,79.17,3.65,268.148,6255.449,96.263,51.653,0
2818,112,80.034,5.452,335.222,4984.417,95.678,74.09,0
3463,138,68.58,5.048,317.499,3289.63,37.273,51.72,0
911,36,82.33,6.534,306.494,5693.782,73.945,54.698,1
3346,133,82.203,5.805,319.036,6962.914,66.297,76.956,0
4196,167,72.668,4.651,308.078,8914.485,52.476,57.478,0
5995,239,106.808,6.878,310.311,8319.643,100.0,65.155,1
3080,123,77.01,2.979,319.186,880.419,44.219,39.489,0
5725,229,75.249,4.842,293.033,3942.691,59.366,72.937,0
2812,112,80.14,5.923,330.5,5525.149,90.728,49.898,0
5352,214,94.941,2.644,308.334,3391.193,87.596,64.709,0
4346,173,86.191,4.284,305.093,2195.011,35.409,60.17,0
2446,97,73.697,4.635,337.27,229.936,47.543,53.068,0
309,12,81.006,3.039,314.489,4021.023,48.28,59.443,0
1899,75,65.744,6.34,312.165,6087.615,38.639,80.199,0
645,25,71.002,2.701,331.394,1374.235,74.599,65.548,0
2572,102,83.153,4.577,310.737,7865.499,99.549,68.075,1
4468,178,97.25,4.866,302.879,6819.887,38.36,51.288,0
3335,133,83.836,6.108,323.29,7394.953,62.957,59.517,0
3340,133,81.357,5.772,318.092,6040.615,57.85,38.224,0
4595,183,71.771,3.327,339.889,4299.606,53.852,53.603,0
4697,187,94.314,4.312,323.435,6359.488,81.294,65.745,0
4514,180,77.888,3.618,320.629,4007.395,80.251,67.315,0
4395,175,67.359,3.263,332.045,2725.467,65.743,58.056,0
2510,100,78.965,4.904,321.467,6766.378,73.822,74.509,0
1915,76,68.557,1.497,332.305,1577.767,79.247,66.613,0
3204,128,70.975,4.426,315.412,4173.042,50.476,53.585,0
1255,50,89.033,5.023,329.448,5463.592,41.676,47.299,0
445,17,72.129,5.163,308.34,6190.32,87.152,51.578,0
1250,50,92.111,6.257,335.861,7735.574,41.108,76.985,0
4138,165,68.767,4.147,324.721,5165.398,87.499,63.336,0
5457,218,95.464,7.013,307.992,6443.241,74.41,50.823,1
4023,160,81.195,6.196,307.267,7945.791,100.0,48.045,0
4334,173,86.999,3.846,321.878,1612.736,26.351,63.189,0
528,21,74.724,4.015,303.089,4769.108,84.73,52.016,0
2405,96,89.809,5.677,307.01,2366.614,44.538,55.193,0
3897,155,52.839,3.952,312.739,57.264,100.0,53.356,0
2994,119,93.472,3.873,329.446,7200.679,39.179,58.867,0
1973,78,85.805,2.286,340.292,227.202,66.078,48.935,0
5579,223,81.289,4.758,305.012,6204.031,90.204,55.058,0
1512,60,70.342,5.579,309.51,5189.428,30.084,76.32,0
4142,165,62.3,2.548,333.732,566.053,77.028,66.796,0
2895,115,75.752,3.801,305.29,5060.38,77.221,48.407,0
5750,230,68.988,3.529,313.472,5480.444,31.783,37.665,0
21,0,92.774,5.922,326.782,4259.148,89.073,59.184,0
4125,165,67.84,3.308,332.725,3599.191,86.707,61.895,0
4968,198,93.054,5.301,316.715,5182.913,34.346,64.818,0
4557,182,97.318,6.261,316.473,8425.052,69.119,69.323,1
240,9,76.114,5.84,307.802,8640.829,89.955,35.84,0
2067,82,76.984,6.064,345.499,7841.674,34.755,47.079,0
3025,121,86.502,2.825,341.204,4042.95,52.779,51.01,0
2703,108,68.73,1.976,315.125,636.983,100.0,73.422,0
1433,57,90.565,5.965,316.922,8300.861,86.569,68.975,0
270,10,80.371,4.77,290.937,2441.915,73.329,56.109,0
3634,145,80.288,5.327,344.856,7361.351,65.806,38.589,0
5713,228,81.896,4.998,280.57,7445.877,81.17,67.956,0
3193,127,61.593,2.967,309.264,1645.915,63.486,57.111,0
1833,73,100.703,3.758,303.753,7419.91,89.09,56.612,1
1135,45,82.035,5.442,326.159,8583.947,88.801,55.77,0
5622,224,83.952,2.405,336.264,2369.64,28.299,54.757,0
5319,212,84.934,4.152,319.637,7345.635,91.944,59.189,0
607,24,64.247,4.75,347.571,3448.959,92.418,40.932,0
4799,191,73.056,5.501,294.165,3553.077,63.883,57.149,0
4253,170,62.656,2.565,331.808,1349.256,83.973,74.96,0
1969,78,92.201,3.522,325.35,5901.75,68.936,34.259,0
3285,131,82.696,8.011,312.485,7557.469,51.961,47.049,0
2390,95,104.836,3.089,328.117,1748.742,81.794,62.834,0
2443,97,76.342,7.076,318.348,5768.903,66.935,68.231,0
3334,133,81.36,6.154,334.553,8293.23,58.855,51.493,0
4691,187,95.101,3.834,318.292,5818.783,93.42,42.904,0
2025,81,75.175,3.474,317.585,5709.148,27.684,61.257,0
794,31,90.828,6.403,312.782,7856.643,38.067,58.441,0
5381,215,82.13,5.042,334.04,8651.553,60.875,62.014,0
1960,78,84.352,2.813,318.902,1319.024,68.037,78.889,0
1398,55,77.009,8.112,318.021,4235.692,87.081,72.418,0
4958,198,83.524,3.704,295.766,1354.503,30.169,36.319,0
2853,114,76.005,4.312,310.897,4932.432,51.607,60.478,0
4952,198,88.765,4.639,308.913,3877.849,36.716,77.09,0
5955,238,87.132,4.322,318.686,3576.311,39.715,49.271,0
1137,45,74.536,3.884,346.727,5050.554,93.799,75.3,0
4335,173,93.638,5.745,317.281,6652.137,38.319,48.8,0
2579,103,99.704,9.003,308.488,8584.31,33.637,49.66,1
2599,103,93.208,8.36,290.893,6591.231,40.789,76.801,1
2449,97,69.141,5.476,314.316,1590.587,58.293,63.266,0
3145,125,74.733,4.304,327.729,1512.574,84.37,67.331,0
4402,176,83.543,5.142,329.453,6815.688,76.753,61.385,0
1097,43,71.764,3.683,308.132,2342.212,45.622,59.198,0
2629,105,73.294,5.611,300.238,1152.655,85.274,68.25,0
1384,55,72.659,6.316,316.718,667.521,97.268,36.786,0
947,37,82.627,6.239,326.25,7426.056,65.603,67.889,1
425,17,75.521,6.112,307.761,6605.085,100.0,30.741,0
5443,217,77.65,5.662,341.365,3739.758,86.209,64.613,0
2408,96,93.842,6.615,314.584,7185.001,44.126,55.722,0
3040,121,90.865,5.323,313.586,8633.278,43.124,64.048,1
1388,55,79.994,7.91,302.414,2877.053,84.004,65.395,0
2867,114,68.338,2.528,352.399,323.721,46.86,77.059,0
30,1,82.693,3.4,310.156,5205.553,53.286,41.526,0
3373,134,82.895,3.825,306.817,5052.124,81.027,39.193,0
1722,68,79.028,3.443,328.763,4462.498,63.837,58.332,0
2642,105,76.882,2.587,328.537,256.798,76.706,38.458,0
779,31,79.672,4.634,332.982,1496.32,40.044,47.095,0
4340,173,88.117,4.135,313.151,777.416,28.626,76.421,0
269,10,75.206,3.972,343.322,1761.434,59.336,56.086,0
294,11,77.847,3.576,305.644,2930.333,58.885,67.212,0
5125,205,77.836,6.456,321.96,6518.705,28.086,69.581,0
4009,160,74.787,4.538,335.274,4037.321,98.377,71.704,0
2706,108,76.305,3.787,319.868,6447.371,99.988,54.441,0
4146,165,66.252,2.974,327.433,553.713,83.765,49.172,0
3049,121,84.172,3.049,326.509,3214.983,64.851,37.776,0
1956,78,82.84,2.19,326.202,411.222,76.901,60.017,0
888,35,71.026,4.842,319.237,7328.438,91.592,64.369,0
2627,105,76.936,3.045,333.025,1810.962,86.699,59.739,0
4564,182,86.434,4.103,305.424,2084.96,65.054,45.748,0
764,30,75.647,5.509,337.348,8705.57,90.312,47.616,0
373,14,86.987,5.921,315.235,7032.225,83.624,56.497,0
5013,200,80.04,3.607,294.713,5306.695,30.083,60.136,0
3812,152,73.644,4.561,317.223,2800.776,68.346,53.454,0
1070,42,74.006,1.37,305.039,198.982,30.404,57.729,0
1843,73,99.18,4.275,324.395,7658.597,86.09,61.262,0
5093,203,76.48,4.952,318.258,8721.055,33.031,92.421,0
2427,97,74.585,5.813,323.864,3329.703,64.591,60.468,0
4879,195,71.255,7.735,315.427,1536.1,66.166,62.296,0
3634,145,80.288,5.327,344.856,7361.351,65.806,38.589,0
853,34,109.966,6.458,306.49,6758.233,39.877,51.536,1
1631,65,88.893,5.308,316.765,7058.935,78.105,62.969,0
2599,103,93.208,8.36,290.893,6591.231,40.789,76.801,1
1266,50,86.682,5.801,315.928,6079.722,51.551,51.117,0
5387,215,68.558,3.857,316.604,3495.734,62.773,68.206,0
4967,198,89.518,5.836,313.777,5637.454,33.865,39.416,0
4597,183,75.558,3.392,334.185,6012.582,60.483,61.307,0
5614,224,87.188,4.677,316.707,8379.721,31.443,59.787,0
2448,97,79.602,6.573,288.913,6097.581,65.722,87.737,0
607,24,64.247,4.75,347.571,3448.959,92.418,40.932,0
5218,208,78.567,3.258,326.274,4311.606,63.6,66.619,0
4809,192,92.515,4.405,315.239,7209.89,46.397,61.887,0
1951,78,95.16,4.687,290.504,8301.209,69.676,52.375,0
1568,62,75.351,4.759,318.776,7042.961,54.18,59.765,0
5066,202,84.197,5.878,317.455,6815.941,55.271,79.209,0
2126,85,81.665,3.466,319.625,5940.587,83.016,65.482,1
949,37,87.632,5.141,312.92,6224.245,71.414,56.575,0
1708,68,82.373,4.565,325.842,7104.494,83.311,59.49,0
4338,173,89.112,5.008,323.415,3481.319,40.427,54.715,0
4074,162,77.729,2.447,296.596,224.45,38.891,55.356,0
1269,50,79.015,3.553,331.028,577.72,55.414,62.634,0
1064,42,72.812,2.172,320.828,1042.245,43.772,37.938,0
2789,111,92.045,5.414,311.201,7724.989,83.472,68.228,0
2716,108,79.68,4.918,321.334,8260.608,89.892,36.665,0
272,10,80.017,3.831,312.579,2227.115,57.902,60.482,0
641,25,75.14,4.01,325.459,4985.76,62.049,50.006,0
4837,193,83.849,4.583,327.552,5988.946,51.657,60.187,0
2855,114,80.635,4.769,313.615,7336.829,43.33,46.863,0
15,0,94.702,5.92,307.256,6384.209,90.938,58.34,0
4555,182,94.415,6.279,331.515,7831.882,61.7,44.333,0
3590,143,81.211,3.385,344.242,4021.13,71.608,52.105,0
4192,167,73.405,5.492,328.816,7105.294,53.816,67.781,0
4464,178,95.676,4.052,301.947,4477.313,42.197,44.882,0
941,37,88.849,6.641,349.153,8639.666,77.599,57.774,1
2873,114,64.674,3.219,312.156,2463.662,41.638,64.399,0
1504,60,74.882,4.495,307.443,3427.821,37.89,64.512,0
2931,117,87.509,4.113,305.941,4856.35,93.117,63.042,0
1147,45,71.027,3.102,338.425,2301.139,91.444,62.205,0
5340,213,80.659,7.884,322.348,4634.375,81.321,80.24,0
4879,195,71.255,7.735,315.427,1536.1,66.166,62.296,0
3638,145,76.432,4.591,305.771,4364.675,69.67,65.441,0
3438,137,80.957,4.797,315.64,8115.26,66.011,83.375,1
5711,228,86.482,5.504,334.472,8690.441,77.524,67.774,0
4139,165,62.836,2.788,310.151,1028.574,77.195,62.067,0
2708,108,73.679,3.178,340.928,4667.716,77.652,63.395,0
2002,80,77.71,4.474,297.116,7756.287,93.761,58.347,0
3914,156,79.187,5.712,339.569,7791.826,84.157,67.359,0
4170,166,86.461,3.73,343.251,4710.414,28.192,63.558,0
4781,191,72.901,4.532,328.54,1751.482,66.141,58.335,0
5741,229,69.388,3.667,337.708,1323.915,56.49,37.758,0
4169,166,83.819,4.034,330.011,4066.916,24.664,38.607,0
5231,209,56.631,3.446,344.64,624.443,50.54,57.741,0
2811,112,76.105,5.082,332.551,4385.418,94.599,62.29,0
4501,180,80.867,4.269,326.411,5230.983,74.062,81.674,0
638,25,83.263,5.775,315.395,7639.134,72.591,56.708,0
4707,188,91.045,4.384,300.64,6512.153,35.233,49.19,0
699,27,77.023,1.636,305.862,1155.804,54.66,64.414,0
1033,41,102.641,5.529,336.112,3209.285,40.837,51.096,0
3587,143,85.369,4.279,323.092,7665.589,55.459,59.805,0
3042,121,84.349,4.0,318.777,4275.48,55.696,76.894,0
3908,156,64.079,4.362,324.45,2265.594,73.503,63.486,0
937,37,83.396,4.747,337.688,4044.911,79.937,45.183,1
4552,182,89.589,5.719,310.443,6130.312,56.778,75.176,0
2640,105,80.71,5.549,304.102,4525.276,85.767,71.028,0
4555,182,94.415,6.279,331.515,7831.882,61.7,44.333,0
5708,228,82.948,3.324,325.531,5280.656,69.625,71.103,0
949,37,87.632,5.141,312.92,6224.245,71.414,56.575,0
1389,55,82.985,10.181,297.661,6704.544,92.24,64.019,1
5092,203,73.724,4.212,309.978,6253.573,46.952,57.66,0
1845,73,99.293,5.179,325.7,8740.261,91.64,56.786,0
2245,89,86.091,6.485,314.858,8507.825,53.297,38.729,1
2575,103,91.357,7.533,313.977,3919.042,38.561,46.423,1
526,21,76.445,2.997,326.066,2401.358,92.279,56.746,0
1909,76,72.623,1.52,325.757,868.783,85.259,52.446,0
1237,49,88.584,5.246,339.711,5680.859,83.049,67.493,0
4762,190,85.406,3.872,314.613,7190.495,80.26,67.621,0
3828,153,91.25,5.412,315.928,8011.541,57.506,56.931,0
534,21,78.606,3.822,318.554,6327.042,89.447,39.572,0
5098,203,70.093,3.544,323.009,5326.521,41.884,55.438,0
3907,156,70.589,4.373,306.384,2606.393,86.94,54.059,0
1927,77,78.699,4.672,303.901,7075.651,82.142,74.678,0
3065,122,88.503,6.621,341.877,8633.737,43.126,55.839,0
5499,219,72.445,4.674,274.762,4848.531,61.973,82.873,0
260,10,92.416,5.568,311.474,7588.033,59.892,63.955,0
1518,60,69.999,3.801,313.872,2462.025,28.89,77.16,0
531,21,72.22,2.843,331.31,4641.357,100.0,64.914,0
5560,222,81.888,2.258,309.659,649.704,42.409,61.961,0
1966,78,94.315,4.102,320.208,6446.619,76.895,87.998,0
4973,198,87.46,4.876,337.354,5149.917,45.165,66.392,0
2481,99,94.239,3.249,306.67,5473.742,34.285,54.278,0
4655,186,79.294,4.652,338.56,7066.713,50.894,69.894,0
2647,105,74.291,3.206,298.776,727.057,97.833,64.852,0
2749,109,95.486,4.921,309.015,8134.489,49.662,54.173,0
2866,114,73.484,3.346,317.424,4074.078,51.066,57.38,0
3370,134,82.147,4.121,294.458,2157.132,87.454,62.519,0
2981,119,86.367,2.441,314.08,2487.874,35.499,63.237,0
1620,64,88.425,4.716,312.508,8727.534,77.844,58.858,0
617,24,68.453,5.79,300.899,6390.487,95.53,66.187,0
367,14,79.523,4.223,324.837,1555.611,84.531,57.224,0
4009,160,74.787,4.538,335.274,4037.321,98.377,71.704,0
5333,213,71.651,5.414,309.811,1038.427,82.612,58.905,0
5258,210,70.379,4.595,329.219,4184.34,65.873,60.672,0
3645,145,79.365,5.06,309.324,6460.641,78.239,59.199,0
5951,238,93.765,5.263,316.646,5943.863,37.027,57.09,0
3527,141,72.737,3.531,321.873,4606.98,30.131,49.775,0
3838,153,93.34,4.235,322.671,6639.119,59.611,58.842,0
5549,221,79.641,7.966,322.059,8650.601,68.144,64.864,1
3905,156,72.916,6.053,294.738,7669.259,78.455,59.248,1
1324,52,96.669,4.533,331.841,2672.044,83.974,55.693,1
3917,156,70.89,5.609,327.291,5937.4,71.841,73.78,0
1972,78,96.317,4.483,307.322,7870.546,69.873,40.055,0
4559,182,98.08,5.802,329.228,7848.004,59.285,65.984,0
3330,133,82.31,5.441,330.274,5298.205,53.025,39.12,1
5603,224,80.993,2.485,297.754,2118.52,30.211,57.088,0
4347,173,100.5,5.75,331.986,8940.903,31.225,64.645,0
3921,156,78.138,6.646,305.127,7993.539,74.451,34.547,1
966,38,63.003,5.59,330.051,6685.7,71.784,58.245,0
5950,238,86.101,3.785,311.573,1265.328,45.54,48.271,0
1258,50,78.3,4.801,276.931,1938.988,53.369,58.814,0
4604,184,95.788,7.652,322.431,7444.753,18.162,58.349,1
5075,203,68.519,2.174,309.916,2291.157,52.667,62.037,0
1444,57,79.418,4.579,322.72,873.551,66.86,69.06,0
539,21,84.195,4.904,317.553,8224.238,89.938,48.722,0
488,19,74.757,3.848,310.22,1380.041,74.795,66.073,0
1303,52,98.651,4.959,322.102,4860.21,89.326,72.88,0
1157,46,78.894,2.516,317.831,1466.336,88.954,51.537,0
1009,40,98.869,3.813,312.935,7788.552,49.442,70.703,0
5536,221,72.917,5.653,313.885,1475.206,63.228,42.382,0
414,16,76.71,3.363,336.523,5080.62,60.599,60.002,0
1969,78,92.201,3.522,325.35,5901.75,68.936,34.259,0
1142,45,74.106,3.851,333.893,3513.183,87.342,59.291,0
4594,183,74.015,4.888,329.944,7594.297,54.566,56.85,0
499,19,87.411,6.063,322.283,8617.492,80.438,67.936,1
3158,126,84.298,3.767,303.285,5418.622,100.0,66.509,0
3577,143,82.184,3.529,356.836,5538.022,65.772,53.994,0
2056,82,59.806,2.974,310.306,155.531,42.154,48.694,0
1953,78,88.062,3.943,326.798,3626.001,74.738,65.38,0
4740,189,71.047,3.394,312.391,2973.431,87.394,45.274,0
3913,156,74.292,6.183,302.594,7604.256,78.714,59.282,0
5399,215,67.056,2.505,323.863,1965.004,69.758,55.814,0
1,0,98.363,7.56,307.037,7059.199,93.737,58.965,1
283,11,83.025,3.789,297.269,2490.199,50.515,39.712,0
295,11,83.769,5.348,309.348,6738.14,58.533,58.698,0
5106,204,69.013,4.004,333.196,603.145,30.977,70.449,0
4125,165,67.84,3.308,332.725,3599.191,86.707,61.895,0
2000,80,71.982,3.679,322.763,4673.793,88.655,44.933,0
3038,121,89.262,3.957,317.583,5292.044,40.539,42.356,0
2136,85,87.796,4.442,320.84,6807.552,79.667,60.776,0
1439,57,82.537,5.097,322.372,3913.438,64.198,63.71,0
4019,160,76.624,5.352,310.047,5041.013,90.54,59.17,0
2633,105,77.025,4.948,317.694,5789.003,100.0,37.057,0
4366,174,80.76,7.283,316.681,7301.148,34.07,46.7,1
2751,110,65.86,4.511,323.159,7127.043,62.204,61.601,0
4942,197,88.755,5.995,315.782,6718.863,70.5,56.815,1
5730,229,87.28,6.089,334.07,7674.138,65.629,57.326,0
5085,203,70.394,4.718,325.812,8650.002,43.334,69.193,0
2720,108,71.004,2.237,320.111,336.298,95.36,64.537,0
5621,224,81.52,2.583,324.377,1620.392,35.31,56.843,0
3208,128,73.531,3.856,319.708,2075.572,39.308,37.773,0
3846,153,89.693,5.04,327.848,6786.534,54.863,57.907,0
311,12,80.852,3.489,293.418,3636.545,46.28,79.934,0
5391,215,71.323,2.594,304.451,2827.421,55.486,49.108,0
4250,170,73.472,4.8,330.863,6760.779,100.0,49.058,0
4580,183,72.592,2.57,319.054,3213.604,57.551,63.565,0
620,24,58.688,3.487,308.789,112.032,93.678,76.166,0
937,37,83.396,4.747,337.688,4044.911,79.937,45.183,1
455,18,65.755,4.893,320.894,1046.748,65.213,77.225,0
4359,174,77.31,7.226,358.43,5705.886,38.567,35.507,0
5054,202,74.998,2.968,323.485,438.238,47.874,49.656,0
3919,156,71.424,3.929,330.176,1519.157,85.351,80.781,0
4216,168,85.753,7.746,320.663,5781.229,68.048,48.675,0
4880,195,72.157,10.225,320.289,5681.985,59.078,44.634,1
5549,221,79.641,7.966,322.059,8650.601,68.144,64.864,1
2628,105,78.479,4.375,311.146,1440.538,85.77,58.696,0
3029,121,81.538,1.098,323.151,400.538,50.25,55.462,0
721,28,82.797,5.094,312.433,6746.736,94.941,67.997,1
2834,113,87.495,5.206,323.7,7983.189,55.581,54.294,0
2426,97,72.944,5.18,308.042,3101.356,51.446,69.693,0
855,34,94.453,4.077,315.438,432.654,31.697,79.166,0
929,37,76.937,2.754,322.108,807.441,78.477,55.146,0
1378,55,80.972,8.984,310.231,6133.77,94.977,49.455,1
2864,114,68.575,2.49,312.295,90.977,51.796,50.678,0
4154,166,75.18,1.843,333.482,289.234,24.783,55.263,0
1782,71,78.076,6.139,293.235,5129.632,44.787,43.751,0
4721,188,77.501,3.173,317.698,2245.818,31.979,62.545,0
3968,158,96.901,5.24,327.236,8835.657,64.378,66.315,1
4013,160,70.636,4.214,310.572,951.736,86.814,61.019,0
4562,182,91.21,5.416,328.335,4346.164,65.604,37.533,0
2152,86,88.44,2.543,339.148,1366.136,77.15,46.098,0
5813,232,74.105,6.889,334.437,7479.879,51.958,47.652,0
411,16,81.171,4.125,327.482,7896.312,51.687,74.239,1
28,1,78.123,1.183,318.908,430.334,52.46,61.337,0
3992,159,76.704,3.862,299.345,501.387,59.825,46.009,0
5290,211,77.412,4.125,317.194,4284.518,37.009,55.461,0
2436,97,79.871,7.821,326.528,7104.941,59.126,71.065,1
3840,153,92.753,5.806,309.747,8451.677,56.407,46.615,1
5124,204,71.021,3.669,317.801,1268.451,39.04,52.971,0
2818,112,80.034,5.452,335.222,4984.417,95.678,74.09,0
3329,133,74.231,3.282,319.368,1451.142,53.487,60.149,0
5411,216,74.953,3.503,307.355,4101.476,53.434,62.371,0
5222,208,78.538,4.045,279.366,5409.235,67.389,56.471,0
2442,97,78.579,6.478,323.798,5122.498,62.376,52.205,0
934,37,76.726,3.313,345.907,595.916,77.268,69.44,0
2834,113,87.495,5.206,323.7,7983.189,55.581,54.294,0
2626,105,84.832,6.801,304.936,8850.973,86.295,66.127,0
4822,192,96.069,5.842,305.583,8379.33,35.172,66.72,0
1522,60,77.861,6.399,324.652,8696.573,28.788,65.847,1
3255,130,67.229,4.159,310.8,2277.515,48.473,58.769,0
4520,180,75.504,3.799,309.095,3239.705,73.904,82.299,0
5976,239,96.804,4.221,331.308,1900.641,97.969,92.543,1
3184,127,71.952,6.695,325.522,7458.424,51.306,82.108,0
2640,105,80.71,5.549,304.102,4525.276,85.767,71.028,0
2820,112,75.795,4.21,318.498,1473.291,88.084,60.051,0
3328,133,77.044,4.864,316.327,2734.504,50.154,44.503,0
4847,193,93.231,4.952,310.158,8800.893,54.972,52.152,0
1432,57,80.464,3.963,318.71,1497.555,76.866,63.698,0
5843,233,83.091,5.009,339.313,8872.286,68.645,73.888,1
5031,201,81.407,2.875,333.947,99.736,25.624,44.455,0
1265,50,87.09,6.219,314.475,5285.673,36.159,52.363,0
284,11,82.419,5.207,301.154,5093.929,67.543,59.6,0
189,7,74.418,5.63,321.704,5521.75,39.617,62.342,0
5383,215,75.944,4.588,309.033,6484.349,63.151,51.864,0
26,1,83.885,2.822,332.132,3056.15,48.419,54.317,0
1466,58,94.293,3.848,301.636,7553.616,71.6,53.935,0
4145,165,72.541,5.378,317.801,7533.599,72.864,45.522,0
5734,229,82.972,5.761,323.245,5891.917,60.014,73.904,0
676,27,90.244,4.525,325.434,8236.591,57.874,55.658,1
3049,121,84.172,3.049,326.509,3214.983,64.851,37.776,0
4189,167,67.542,3.291,335.424,3459.198,51.557,65.629,0
4326,173,88.71,6.123,299.14,5005.238,32.812,65.599,0
2479,99,100.382,4.909,320.27,8796.137,22.687,58.724,0
3227,129,78.478,8.406,330.532,8208.761,97.697,58.275,1
5117,204,78.647,5.71,296.467,4507.69,44.774,70.554,0
5998,239,104.88,5.675,311.662,7239.604,85.694,65.351,1
3048,121,86.888,3.289,324.926,2973.026,40.745,54.82,0
4422,176,75.642,4.833,331.25,4329.427,72.569,84.042,0
4135,165,75.228,5.251,278.222,8823.738,77.257,50.046,0
3345,133,81.612,5.267,328.129,5038.591,57.242,39.346,0
3015,120,70.325,3.032,327.247,1349.273,44.392,73.325,0
4762,190,85.406,3.872,314.613,7190.495,80.26,67.621,0
4094,163,85.236,3.963,318.455,1815.157,31.974,52.377,0
4593,183,74.287,3.62,301.101,4883.583,45.743,79.222,0
3843,153,83.688,3.096,324.286,4465.947,42.956,77.454,0
318,12,72.822,2.205,327.429,3161.966,53.66,43.188,0
2685,107,101.722,6.452,313.852,6458.087,74.367,67.063,0
2634,105,93.752,6.286,325.119,8055.251,89.602,55.368,0
257,10,88.003,6.385,317.729,8470.907,57.809,68.768,0
4197,167,77.772,4.933,330.677,7963.325,48.256,60.944,0
4589,183,71.393,3.645,316.618,3402.241,54.736,66.477,0
3334,133,81.36,6.154,334.553,8293.23,58.855,51.493,0
4320,172,72.089,3.818,310.963,1819.294,97.94,74.156,0
2185,87,76.332,2.894,324.535,274.651,65.145,58.95,0
4319,172,77.68,3.955,318.269,1292.963,96.775,61.79,0
3223,128,82.33,5.119,338.074,8415.491,58.04,39.895,1
274,10,89.096,6.227,318.467,7705.833,68.389,51.491,1
4320,172,72.089,3.818,310.963,1819.294,97.94,74.156,0
3357,134,84.135,3.686,332.149,4327.122,96.325,69.434,0
3047,121,88.328,3.617,325.758,4845.891,56.471,66.294,0
1989,79,82.593,1.022,312.335,166.832,83.261,64.697,0
5524,220,76.423,2.454,326.737,282.799,22.042,50.783,0
1837,73,90.814,3.108,319.889,3695.571,87.323,65.353,0
3261,130,70.377,4.948,301.629,5699.276,42.979,67.788,0
643,25,77.7,5.387,317.893,7751.773,73.439,70.669,0
947,37,82.627,6.239,326.25,7426.056,65.603,67.889,1
1397,55,78.441,8.07,308.227,4986.122,83.59,49.783,1
5143,205,78.235,5.951,331.735,5833.11,30.95,67.219,0
1799,71,75.089,3.699,305.775,715.917,47.631,54.89,0
5379,215,72.976,3.146,328.9,4326.256,67.384,64.062,0
3037,121,82.374,2.529,333.846,607.289,54.764,58.328,0
3036,121,87.121,3.406,321.538,3267.574,61.398,95.698,0
1456,58,87.201,2.403,305.666,2700.701,66.565,69.404,0
2440,97,74.375,6.087,308.409,4793.861,60.05,50.637,0
1664,66,72.971,3.974,288.158,2568.635,54.488,60.183,0
4241,169,98.913,5.589,313.912,7861.26,59.854,54.467,1
2409,96,96.659,6.367,276.586,6499.366,58.281,66.801,1
5635,225,70.776,2.266,326.096,362.099,99.28,71.298,0
267,10,80.99,5.868,315.199,4978.124,63.704,60.994,0
32,1,84.018,3.002,318.705,5289.653,53.281,61.569,0
3192,127,62.354,3.746,327.272,615.824,54.635,77.781,0
4522,180,73.357,2.706,323.798,1573.372,60.88,48.294,0
845,33,104.095,6.276,318.805,5622.45,92.692,60.635,0
3590,143,81.211,3.385,344.242,4021.13,71.608,52.105,0
5133,205,70.839,4.706,297.487,2367.274,27.593,64.275,0
4278,171,60.37,2.311,306.999,2925.191,30.476,53.269,0
5574,222,82.578,3.356,317.292,3636.451,62.81,46.633,0
2791,111,82.659,4.015,293.048,5992.961,73.175,42.214,0
2715,108,76.752,4.794,325.594,7171.735,87.914,56.787,0
905,36,86.817,6.192,316.344,8080.319,79.549,63.495,0
1437,57,75.297,3.555,308.752,868.875,69.261,82.496,0
5154,206,83.733,3.017,317.425,2867.128,70.127,59.161,0
3940,157,80.022,6.999,336.51,8734.868,42.746,39.726,0
4529,181,92.256,7.108,314.456,7381.018,50.262,59.163,0
1293,51,77.049,7.856,334.808,7050.045,91.985,49.126,0
1914,76,79.46,2.937,316.651,5495.037,87.447,56.087,0
360,14,85.896,5.899,306.296,7133.737,88.564,70.454,1
3075,123,86.104,4.93,322.289,6900.645,62.367,43.212,0
1143,45,73.647,4.475,306.611,4341.877,94.491,55.098,0
2545,101,79.507,5.958,316.958,5820.848,97.296,55.267,0
3644,145,86.477,5.773,320.071,8998.948,63.993,53.684,0
5415,216,74.673,3.662,306.591,3261.833,54.489,62.49,0
5261,210,68.475,4.917,322.244,3312.757,66.266,77.149,1
3947,157,74.93,5.616,328.038,6232.341,33.583,63.778,0
217,8,80.849,4.775,316.042,7219.742,58.481,53.165,0
4531,181,84.237,7.256,308.183,4805.993,32.082,74.441,0
3085,123,84.909,4.944,322.617,6282.62,55.876,65.922,0
2457,98,78.448,5.424,324.687,6891.255,55.625,44.359,0
5413,216,73.375,3.884,312.079,4917.162,61.23,62.181,0
2431,97,73.59,4.947,313.765,2265.603,71.271,58.09,1
4697,187,94.314,4.312,323.435,6359.488,81.294,65.745,0
4673,186,77.474,4.256,315.53,4536.26,56.133,35.016,0
2579,103,99.704,9.003,308.488,8584.31,33.637,49.66,1
3588,143,82.573,3.51,313.224,5130.261,67.501,68.435,0
4215,168,79.997,5.445,305.369,157.123,75.307,43.266,0
2166,86,97.27,4.672,307.126,7978.77,70.053,64.745,1
2497,99,92.705,3.745,343.538,5097.877,28.416,38.032,0
4331,173,89.288,4.544,337.293,3708.955,42.066,45.372,0
4176,167,75.648,4.714,290.024,7046.663,40.672,68.914,0
4388,175,63.061,2.947,320.538,1554.904,42.704,59.833,0
2554,102,70.937,3.059,321.226,1530.212,100.0,54.857,0
1512,60,70.342,5.579,309.51,5189.428,30.084,76.32,0
2656,106,68.392,4.439,324.391,4502.686,86.807,33.605,0
5851,234,76.31,6.05,334.643,5984.792,61.683,47.228,0
3491,139,75.556,3.626,317.747,4967.645,70.666,45.267,0
4188,167,74.999,3.826,320.218,5891.332,54.927,67.765,0
1839,73,97.241,3.863,311.622,5676.658,90.692,53.375,0
4611,184,79.11,4.735,315.491,1085.94,38.231,62.187,0
5404,216,66.889,3.123,317.7,3019.894,48.523,56.23,0
5125,205,77.836,6.456,321.96,6518.705,28.086,69.581,0
2439,97,73.68,5.256,325.296,2547.154,62.391,37.516,0
1431,57,80.15,5.153,323.166,4110.201,77.574,76.185,0
3689,147,70.563,3.111,314.013,2666.194,29.565,74.214,0
3586,143,80.57,4.48,326.238,6677.106,60.691,70.155,1
1161,46,88.158,5.288,336.405,8432.111,75.13,43.859,0
63,2,83.993,5.412,302.021,8933.01,53.072,52.69,0
5394,215,76.36,4.502,332.009,5321.055,56.49,69.222,0
4751,190,72.766,2.367,337.963,110.543,84.733,69.483,0
2756,110,58.889,2.84,310.305,1577.076,60.681,45.833,0
590,23,76.846,3.871,302.757,47.172,42.086,54.453,0
3249,129,79.857,8.136,314.607,7314.519,94.202,53.115,1
2806,112,74.498,4.369,312.987,3103.22,91.636,67.942,0
4030,161,88.128,4.863,322.883,6457.029,29.245,53.567,0
1787,71,84.382,5.458,325.315,6939.913,35.902,64.609,0
2363,94,76.996,5.017,326.283,7992.936,100.0,72.8,0
3992,159,76.704,3.862,299.345,501.387,59.825,46.009,0
4381,175,73.517,4.417,298.345,6861.429,54.353,64.808,0
1438,57,81.728,5.434,330.427,3664.913,66.838,55.437,0
2596,103,88.632,7.84,312.385,4631.996,42.349,54.202,0
4538,181,82.138,6.393,335.58,2844.047,39.808,57.784,0
3833,153,88.118,2.531,332.29,2206.182,49.301,68.372,0
1019,40,91.785,2.386,302.089,4860.186,42.178,68.914,0
2261,90,81.807,4.404,306.984,2601.478,85.781,40.753,0
4180,167,77.97,5.447,329.541,7976.67,45.378,63.772,0
276,11,79.955,5.136,304.176,5457.019,55.561,47.1,0
5552,222,82.096,4.449,325.163,4293.167,60.829,49.967,0
4465,178,101.237,4.177,320.268,7946.33,49.358,53.219,0
2161,86,97.182,4.964,310.596,7999.964,88.902,56.797,0
626,25,74.15,3.921,309.667,5247.67,89.141,78.009,0
4845,193,81.165,3.595,297.496,3663.922,48.989,51.743,0
644,25,69.607,3.57,323.274,1872.516,66.89,62.519,0
3678,147,77.445,4.71,329.933,6186.57,29.129,75.215,0
4613,184,83.303,6.195,331.472,2238.153,35.594,46.536,0
298,11,79.927,3.868,324.793,3932.563,53.423,46.413,0
4965,198,89.106,4.928,291.2,4478.65,27.722,45.972,0
46,1,78.767,1.893,313.108,1811.602,52.591,64.166,0
5795,231,87.907,6.242,307.478,8666.457,54.141,61.535,0
3088,123,85.221,5.663,321.0,6710.97,57.011,82.862,0
3721,148,76.106,4.47,310.08,4367.669,73.134,47.741,0
5078,203,78.831,4.635,336.476,8727.456,38.529,36.531,0
5951,238,93.765,5.263,316.646,5943.863,37.027,57.09,0
1139,45,64.812,2.085,311.106,244.572,96.549,76.954,0
453,18,66.087,6.263,322.87,2732.455,52.338,71.076,0
5217,208,83.067,4.31,320.478,5740.44,67.293,66.236,0
1608,64,82.121,5.284,304.776,8505.255,79.656,82.455,1
3075,123,86.104,4.93,322.289,6900.645,62.367,43.212,0
4635,185,73.362,7.495,311.153,617.361,94.64,59.859,0
4709,188,93.374,5.492,316.939,8550.184,27.914,38.032,0
3336,133,79.515,3.078,313.859,2357.549,60.683,73.729,0
5964,238,93.049,5.275,324.658,6889.848,46.412,64.18,0
5618,224,93.094,5.106,307.231,8584.136,27.121,59.687,0
1439,57,82.537,5.097,322.372,3913.438,64.198,63.71,0
5346,213,79.438,7.572,325.191,6117.581,87.063,39.432,1
3348,133,79.456,4.856,295.093,5190.493,49.106,46.27,1
1249,49,84.448,3.748,321.876,2292.076,88.644,52.334,0
2627,105,76.936,3.045,333.025,1810.962,86.699,59.739,0
2344,93,92.52,5.422,291.666,5449.994,44.838,51.926,0
5082,203,70.23,1.962,334.082,1789.01,45.507,46.661,0
5305,212,78.896,4.535,310.064,5040.991,84.734,75.375,0
1519,60,71.937,4.221,328.072,2521.804,29.143,66.583,0
2448,97,79.602,6.573,288.913,6097.581,65.722,87.737,0
199,7,78.347,6.136,318.705,5903.063,43.997,54.975,0
229,9,64.764,1.094,317.439,1547.567,77.312,57.59,0
1960,78,84.352,2.813,318.902,1319.024,68.037,78.889,0
793,31,83.76,4.195,284.271,4039.228,54.493,37.775,0
5095,203,63.606,1.897,320.618,2559.655,42.072,49.558,0
5958,238,92.492,5.443,325.473,6622.512,44.425,69.282,0
2030,81,68.736,0.832,293.08,36.923,37.773,42.107,0
323,12,77.011,2.349,333.859,2979.707,62.083,54.715,0
1442,57,84.859,5.94,309.236,5414.847,73.546,56.109,0
4149,165,67.098,3.539,314.158,2651.926,90.199,38.831,0
2318,92,66.036,1.506,329.357,1807.04,93.406,59.438,0
3955,158,85.739,2.936,319.444,2540.03,58.017,64.575,0
2407,96,88.39,6.353,317.843,5250.598,42.003,47.684,0
2429,97,70.654,5.464,320.966,2283.55,71.002,51.694,0
1545,61,86.472,4.899,322.806,6286.403,88.906,73.784,0
5025,201,94.854,5.938,303.265,7484.096,47.149,65.837,1
2116,84,98.36,6.549,319.173,6799.858,46.589,65.543,0
418,16,70.454,1.341,319.126,1290.829,67.559,61.518,0
4145,165,72.541,5.378,317.801,7533.599,72.864,45.522,0
4061,162,80.169,4.286,325.334,3646.277,27.688,59.166,0
1868,74,75.976,6.873,290.95,4216.062,87.173,42.641,1
5213,208,83.245,5.485,327.464,7831.965,60.903,74.928,0
272,10,80.017,3.831,312.579,2227.115,57.902,60.482,0
5865,234,68.126,4.552,326.06,1719.281,53.284,55.628,0
3243,129,74.679,7.821,298.494,7246.695,92.652,66.695,1
425,17,75.521,6.112,307.761,6605.085,100.0,30.741,0
2207,88,61.363,3.342,325.576,4858.724,78.109,67.027,0
4141,165,69.246,4.041,318.568,3873.965,78.577,74.774,0
5390,215,71.318,4.636,309.122,6933.085,68.097,19.906,0
3436,137,72.744,2.93,319.299,2466.736,79.037,66.693,0
5025,201,94.854,5.938,303.265,7484.096,47.149,65.837,1
3845,153,87.736,2.774,345.495,3542.359,43.867,51.205,0
1716,68,70.576,2.692,347.84,955.572,78.865,30.016,0
72,2,66.087,2.015,331.739,770.608,56.44,71.095,0
3638,145,76.432,4.591,305.771,4364.675,69.67,65.441,0
3038,121,89.262,3.957,317.583,5292.044,40.539,42.356,0
2863,114,77.451,4.147,323.237,3761.406,52.5,58.467,0
397,15,94.844,8.586,338.723,8846.238,77.725,85.77,1
3785,151,71.098,3.82,320.753,1276.414,81.512,51.634,0
5418,216,65.778,1.712,311.382,627.48,56.851,74.268,0
4136,165,69.403,4.285,304.394,5465.704,74.993,40.341,0
676,27,90.244,4.525,325.434,8236.591,57.874,55.658,1
3039,121,89.116,3.983,325.52,5257.438,54.137,55.02,1
4617,184,89.516,7.054,314.726,4385.021,31.783,70.822,0
5024,200,84.11,4.724,315.785,6140.948,33.754,68.716,0
1954,78,92.846,4.578,314.035,7005.264,78.146,59.399,0
2916,116,76.082,6.97,313.838,6807.581,100.0,49.406,1
4015,160,66.992,4.019,311.184,1532.255,89.864,75.654,0
1611,64,81.091,4.172,324.716,4685.276,76.717,55.646,0
297,11,81.273,4.755,302.515,5136.01,62.918,52.139,0
4950,198,96.908,5.438,363.99,8412.636,31.095,64.92,0
1836,73,87.558,2.552,312.961,2505.276,85.706,56.427,0
2870,114,68.979,2.865,323.894,773.009,59.176,41.768,0
3608,144,63.245,3.63,304.748,2789.879,45.801,46.84,0
45,1,83.23,4.445,308.149,5880.107,51.823,67.261,0
5876,235,73.153,5.549,324.071,8158.26,50.572,61.307,0
1340,53,98.165,5.486,322.973,6685.083,96.79,52.491,1
4409,176,78.161,5.733,336.293,4018.755,69.354,38.707,0
5077,203,78.218,4.468,323.302,7898.63,37.274,71.523,0
838,33,106.052,8.138,320.536,7297.465,96.308,34.655,1
4136,165,69.403,4.285,304.394,5465.704,74.993,40.341,0
2712,108,73.516,2.918,312.647,3269.808,96.502,66.02,0
1869,74,72.396,7.833,327.543,7218.719,84.152,63.375,0
2475,99,97.784,5.331,310.039,8630.906,24.863,51.872,0
3830,153,79.959,2.022,314.917,354.165,50.248,46.442,0
4455,178,89.314,2.912,313.221,1148.047,42.652,69.069,0
5605,224,88.882,3.974,326.343,4829.022,42.135,58.384,0
1937,77,72.699,2.942,325.945,3124.53,92.571,53.155,0
3828,153,91.25,5.412,315.928,8011.541,57.506,56.931,0
3211,128,82.786,6.035,312.227,8425.317,62.669,75.827,0
1234,49,84.522,4.962,319.844,4236.101,91.544,68.618,0
2489,99,90.496,3.693,321.46,4721.767,30.076,55.508,0
694,27,77.626,0.991,337.163,846.193,39.213,55.841,0
3246,129,63.092,5.243,327.088,639.686,94.803,65.614,0
1017,40,94.11,3.126,330.864,6439.122,49.341,64.283,0
1844,73,97.849,3.983,315.941,7018.245,100.0,76.266,0
3831,153,93.724,3.745,340.13,7794.452,47.552,50.774,0
571,22,81.396,5.619,318.08,5796.926,71.671,43.577,0
284,11,82.419,5.207,301.154,5093.929,67.543,59.6,0
4465,178,101.237,4.177,320.268,7946.33,49.358,53.219,0
5174,206,89.11,4.703,321.567,7825.244,64.62,56.037,0
2586,103,95.912,8.883,290.467,6277.729,28.781,69.4,0
3281,131,71.778,7.304,305.889,4221.606,54.255,50.542,0
1659,66,71.096,3.772,343.21,3882.653,59.263,70.268,0
4129,165,66.79,3.642,314.024,2375.61,81.825,49.8,0
682,27,86.328,3.167,309.922,3944.883,54.063,57.365,0
1643,65,77.68,3.111,308.106,934.082,76.635,32.681,0
1934,77,76.414,4.164,316.386,8927.612,87.292,29.379,0
1667,66,79.508,5.545,329.794,8608.497,62.807,58.337,0
5395,215,78.171,4.759,319.493,5853.272,62.383,63.698,0
5412,216,74.62,3.722,330.849,5090.876,51.239,57.716,0
3576,143,86.881,5.261,291.933,8274.772,62.911,47.726,1
527,21,71.312,1.896,300.763,2345.279,100.0,37.81,0
1968,78,80.252,1.742,348.314,574.013,68.966,56.674,0
5283,211,79.331,4.209,341.864,4611.177,40.291,62.173,1
3476,139,68.087,3.095,295.949,3135.616,80.143,68.846,0
5539,221,71.534,3.939,307.563,1380.231,71.316,69.508,0
2062,82,74.396,5.19,306.749,7710.483,33.709,64.958,0
3965,158,95.591,5.002,314.076,7844.311,55.849,61.077,0
1212,48,74.824,4.05,332.118,5490.375,71.771,64.746,0
5191,207,78.048,8.216,325.442,8612.228,51.372,67.89,1
5748,229,86.058,6.288,306.745,8558.183,68.811,57.319,1
3921,156,78.138,6.646,305.127,7993.539,74.451,34.547,1
3405,136,89.468,4.615,316.679,7746.284,41.158,51.598,0
5519,220,86.056,4.567,332.627,3961.524,28.05,46.491,0
1511,60,79.851,5.078,321.332,6937.654,19.505,77.548,0
5175,207,73.743,7.841,281.423,6065.748,45.36,34.681,0
506,20,81.015,7.062,300.821,6263.184,72.125,64.599,1
2497,99,92.705,3.745,343.538,5097.877,28.416,38.032,0
4210,168,85.342,7.299,306.88,5874.359,73.391,53.423,1
4543,181,87.024,5.85,316.606,3682.544,52.82,50.345,0
2494,99,95.983,3.539,312.438,5124.827,40.981,39.538,0
4598,183,70.765,3.497,293.312,4574.02,56.432,57.946,0
3826,153,88.548,3.012,319.978,5614.01,59.214,51.112,0
3037,121,82.374,2.529,333.846,607.289,54.764,58.328,0
2042,81,77.51,4.068,331.768,7542.501,32.751,67.215,0
3849,153,93.294,4.389,326.08,7471.79,45.235,64.51,0
5961,238,86.739,4.481,318.604,2181.925,43.438,56.28,0
4457,178,93.488,3.386,330.799,2579.404,51.134,49.778,0
571,22,81.396,5.619,318.08,5796.926,71.671,43.577,0
1075,43,70.873,3.35,324.346,1000.166,45.21,50.844,0
5731,229,84.739,6.137,319.34,7195.06,59.707,50.695,0
1826,73,88.684,2.343,317.068,2690.509,94.452,58.567,0
5757,230,78.32,4.177,304.128,7997.077,49.108,75.681,0
1426,57,84.272,5.618,333.794,5429.605,66.229,87.983,0
1429,57,87.325,6.559,325.146,8594.347,69.609,61.295,0
5798,231,77.463,3.129,325.118,1885.859,53.22,43.179,0
4134,165,72.769,4.694,301.37,6131.382,87.86,57.616,0
5380,215,68.058,2.66,333.639,624.691,52.189,54.829,0
5633,225,80.725,4.579,302.29,5603.797,100.0,58.402,1
432,17,81.289,6.647,305.377,8538.724,80.885,61.191,0
1342,53,93.246,4.812,318.136,3223.797,96.454,70.006,0
943,37,84.617,4.882,307.31,4903.027,81.043,78.694,1
1904,76,74.311,1.681,323.607,1560.283,79.609,52.792,0
1253,50,91.243,7.181,315.375,7725.83,58.771,51.81,1
1614,64,81.44,4.943,304.561,6528.469,65.243,48.712,0
2229,89,70.084,3.521,313.256,481.557,51.637,57.853,0
1028,41,98.267,4.218,319.922,99.353,32.77,61.457,0
2251,90,80.584,4.193,342.969,2724.668,68.969,62.176,0
4588,183,71.163,3.599,303.22,4861.432,45.596,56.181,0
4224,168,86.753,6.803,300.38,2741.342,69.163,46.793,0
535,21,75.055,2.999,326.625,3091.317,91.795,45.551,0
1814,72,61.095,3.106,345.313,952.005,51.178,79.105,0
2491,99,86.593,2.263,321.334,796.874,40.926,71.918,0
5606,224,85.486,4.155,329.394,5628.597,43.286,63.915,0
2924,116,76.71,6.603,298.63,5840.665,89.54,53.474,0
3201,128,80.095,6.493,300.832,7355.363,60.791,39.54,0
1429,57,87.325,6.559,325.146,8594.347,69.609,61.295,0
273,10,79.664,5.002,319.983,3714.318,75.019,65.187,0
2858,114,77.794,3.483,326.808,5143.949,60.713,50.012,0
2710,108,72.065,2.461,314.703,2896.945,94.556,79.314,0
5078,203,78.831,4.635,336.476,8727.456,38.529,36.531,0
4281,171,67.131,3.459,307.099,2107.191,45.554,60.58,0
2925,117,89.357,5.526,294.645,6207.727,97.978,49.095,1
251,10,84.589,6.277,312.85,6345.848,70.941,53.293,0
5099,203,73.435,4.798,311.548,8589.517,43.937,57.004,0
1440,57,83.784,5.097,292.484,3888.029,59.758,64.248,0
2858,114,77.794,3.483,326.808,5143.949,60.713,50.012,0
3249,129,79.857,8.136,314.607,7314.519,94.202,53.115,1
3347,133,70.025,4.508,320.274,318.732,63.224,72.119,0
3752,150,82.503,3.799,316.787,4880.818,96.706,74.62,1
5092,203,73.724,4.212,309.978,6253.573,46.952,57.66,0
1439,57,82.537,5.097,322.372,3913.438,64.198,63.71,0
5790,231,85.77,4.234,315.941,4508.865,60.072,51.171,0
2802,112,70.088,3.852,297.073,1953.145,83.059,62.079,0
5050,202,90.948,5.444,322.277,8433.469,48.725,51.406,0
4284,171,62.345,1.496,339.662,806.577,37.68,62.085,0
4130,165,72.332,2.329,310.394,1472.923,82.832,55.251,0
1284,51,72.746,5.816,317.57,4590.057,94.385,80.75,0
5093,203,76.48,4.952,318.258,8721.055,33.031,92.421,0
646,25,79.614,5.496,337.514,6963.293,82.733,61.509,0
1992,79,91.641,3.435,322.465,5432.439,86.326,56.081,0
697,27,77.372,2.098,315.89,1028.412,54.919,52.66,0
1836,73,87.558,2.552,312.961,2505.276,85.706,56.427,0
4971,198,91.617,5.194,324.028,4711.879,43.859,67.289,0
5009,200,74.894,1.965,303.521,945.886,34.662,75.28,0
4817,192,97.017,5.54,316.68,8299.718,45.157,59.393,0
1129,45,76.685,4.787,324.084,8230.015,86.115,58.343,1
3221,128,76.877,4.155,291.041,3115.902,61.122,59.743,0
4011,160,79.652,6.803,291.943,7678.309,100.0,71.726,1
5621,224,81.52,2.583,324.377,1620.392,35.31,56.843,0
2835,113,68.554,1.711,315.369,176.315,54.876,67.764,0
3684,147,78.32,4.558,281.844,7004.809,34.697,57.028,0
2431,97,73.59,4.947,313.765,2265.603,71.271,58.09,1
4919,196,77.416,7.152,326.421,7762.037,61.533,41.274,1
5221,208,80.203,3.359,317.716,5078.629,56.974,46.18,0
5620,224,83.032,1.5,347.344,1601.162,32.49,56.864,0
5590,223,81.718,4.198,302.188,6363.418,95.659,51.05,0
577,23,79.072,3.945,335.927,1877.864,24.933,52.669,0
4384,175,70.734,3.553,331.226,3185.333,53.679,78.209,0
2844,113,83.666,4.159,330.641,6903.116,58.079,67.061,0
5423,216,72.722,4.284,338.032,6701.611,41.337,55.618,0
2707,108,75.633,3.72,286.111,7023.547,96.29,68.287,0
